nct_id,brief_title,overall_status,phase,study_type,conditions,lead_sponsor,lead_sponsor_class,collaborators,intervention_names,intervention_types,start_date,start_year,countries
NCT07477028,Non-Invasive Detection and Preservation of Neurocognitive Signals in the Peri-Death Period Using Brain-Computer Interface and Artificial Intelligence,NOT_YET_RECRUITING,NA,OBSERVATIONAL,Terminal Illness; End-of-Life Care; Death; Brain Death; Death Anxiety; Consciousness; Electroencephalography; Gamma Oscillations; Near-Death Phenomena; Cognitive; Cognition; Memory; EEG; Severe Acute Trauma,"Noah Tech, Corp.",INDUSTRY,Columbia University; Massachusetts Institute of Technology; Stanford University; City of Hope Medical Center,,,2026-09-01,2026.0,
NCT04387474,The Effectiveness of Rehabilitation Training Based on Brain-computer Interface Technology to Improve the Upper Limb Motor Function of Ischemic Stroke.,COMPLETED,NA,INTERVENTIONAL,Hemiplegia Following Ischemic Stroke,Beijing Tiantan Hospital,OTHER,,Brain-computer interface; Traditional rehabilitation,"DEVICE,OTHER",2020-05-10,2020.0,China
NCT07139093,Testing of an Interface for Synchronizing tACS-DBS With a Phase-locked-loop,COMPLETED,NA,INTERVENTIONAL,Deep Brain Stimulation; Parkinson&#39;s Disease (PD),Universitätsklinikum Hamburg-Eppendorf,OTHER,University of Twente; University of Oxford,DBS-coupled tACS,DEVICE,2025-09-30,2025.0,Germany
NCT05696925,Effects of Motor Imagery and Action Observation on Upper Limb Motor Chances and Cognitive Chances in Parkinson's Disease,COMPLETED,NA,INTERVENTIONAL,Parkinson Disease,Federal University of Health Science of Porto Alegre,OTHER,,Motor Imagery; Action Observation; Exoskeletons; Execution of the Action,OTHER,2023-02-01,2023.0,Brazil
NCT01123200,An In-home Study of Brain Computer Interfaces,COMPLETED,NA,INTERVENTIONAL,Amyotrophic Lateral Sclerosis,University of Michigan,OTHER,,Brain Computer Interface for Wheelchair Tilt Control,DEVICE,2010-01,2010.0,United States
NCT05511207,Clinical Validation of a Hybrid BCI-controlled FES for Upper Limb Rehabilitation After Stroke,COMPLETED,NA,INTERVENTIONAL,Stroke Sequelae; Motor Disorders,Donatella Mattia,OTHER,University of Roma La Sapienza,RECOM - hBCI training; CTRL - upper limb training with FES,"DEVICE,OTHER",2023-03-01,2023.0,Italy
NCT03913286,Neuromotor Prosthetic to Treat Stroke-Related Paresis,COMPLETED,NA,INTERVENTIONAL,"Stroke, Complication; Stroke; Stroke Sequelae; Hemiparesis; Arm Paralysis",Thomas Jefferson University,OTHER,,Cortimo,DEVICE,2019-05-01,2019.0,United States
NCT05769972,Efficacy of Cognitive Rehabilitation Using Virtual Reality and Computer-based Cognitive Stimulation on Cognitive Impairment Associated to Movement Disorders,COMPLETED,NA,INTERVENTIONAL,Parkinson Disease; Huntington Disease,Fundació Institut de Recerca de l'Hospital de la Santa Creu i Sant Pau,OTHER,,Immersive Virtual Reality (Parkinson's disease); Computer-based cognitive rehabilitation (Parkinson's disease); Computer-based cognitive rehabilitation (Huntington's disease); Music-therapy (Huntington's disease),"BEHAVIORAL,DEVICE",2021-10-13,2021.0,Spain
NCT02567201,Electrophysiological Evaluation of Voluntary Attention,COMPLETED,NA,INTERVENTIONAL,Brain Injury,Hospices Civils de Lyon,OTHER,,electrophysiological evaluation; electrophysiological evaluation of patients,OTHER,2015-10-16,2015.0,France
NCT05642299,Multimodal EEG and NIRS-based BCI With Assistive Soft Robotics for Stroke (MBCI-SR),UNKNOWN,NA,INTERVENTIONAL,Stroke,Tan Tock Seng Hospital,OTHER,Institute for Infocomm Research; Nanyang Technological University,MBCI-SR,DEVICE,2022-12-01,2022.0,Singapore
NCT07618481,BCI With 40Hz Stimulation in Alzheimer's Disease,RECRUITING,NA,INTERVENTIONAL,Alzheimer Dementia (AD),Ruijin Hospital,OTHER,,40Hz Stimulation Group; Individualized Stimulation Group; Sham Stimulation Group,DEVICE,2026-05-01,2026.0,China
NCT00860951,P300 Brain Computer Interface Keyboard to Operate Assistive Technology,COMPLETED,"PHASE1,PHASE2",INTERVENTIONAL,Healthy; Amyotrophic Lateral Sclerosis; Neuromuscular Disease; Spinal Cord Injury; Cerebral Palsy,University of Michigan,OTHER,Eunice Kennedy Shriver National Institute of Child Health and Human Development (NICHD); U.S. Department of Education,Brain Computer Interface Keyboard,DEVICE,2008-09,2008.0,United States
NCT07269353,Using Neurotechology to Help Children With Physical Disability Due to Cerebral Palsy,RECRUITING,NA,INTERVENTIONAL,Hemiparetic Cerebral Palsy,University of Alberta,OTHER,Alberta Health services,Brain Computer Interface - Functional Electrical Stimulations,DEVICE,2026-02-05,2026.0,Canada
NCT02169375,Sensorimotor Based Brain Computer Interface,TERMINATED,NA,INTERVENTIONAL,Healthy Volunteers,University of Michigan,OTHER,Eunice Kennedy Shriver National Institute of Child Health and Human Development (NICHD),Brain computer Interface Mu (SMR) rhythm,OTHER,2010-11,2010.0,United States
NCT03161067,Investigation on the Bidirectional Cortical Neuroprosthetic System,RECRUITING,NA,INTERVENTIONAL,Tetraplegia; Quadriplegia,Johns Hopkins University,OTHER,,BiCNS,DEVICE,2017-08-01,2017.0,United States
NCT02224469,First Study With a Brain Implant to Help Locked-in Patients Communicate at Home,COMPLETED,NA,INTERVENTIONAL,Locked-In Syndrome,UMC Utrecht,OTHER,,ECoG (electrocorticography) sensing,DEVICE,2015-09-09,2015.0,Netherlands
NCT01849822,Providing Brain Control of Extracorporeal Devices to Patients With Quadriplegia,COMPLETED,NA,INTERVENTIONAL,Tetraplegia,"Richard A. Andersen, PhD",OTHER,University of Southern California; Rancho Los Amigos National Rehabilitation Center,Neural Prosthetic System,DEVICE,2013-02,2013.0,United States
NCT07446114,Functional Outcomes and Control Using Synchron BCI - Canada,RECRUITING,NA,INTERVENTIONAL,Neurologic Disorder; ALS; Motor Neuron Disease,"Synchron, Inc.",INDUSTRY,,Stentrode,DEVICE,2026-03-18,2026.0,Canada
NCT03760055,Assessment of Visual Function With a Portable Brain-computer Interface,UNKNOWN,NA,OBSERVATIONAL,Glaucoma; Age Related Macular Degeneration; Optic Neuropathy; Retinal Degeneration,NGoggle,INDUSTRY,Duke University; National Eye Institute (NEI),nGoggle,DEVICE,2019-02-11,2019.0,United States
NCT04141774,Stroke Rehabilitation Using Brain-Computer Interface (BCI) Technology,COMPLETED,NA,INTERVENTIONAL,Stroke,"University of Wisconsin, Madison",OTHER,National Institute of Neurological Disorders and Stroke (NINDS),Functional Electric Stimulation (FES); Behavioral Assessments; Magnetic Resonance Imaging; EEG,"BEHAVIORAL,DEVICE,OTHER",2018-09-27,2018.0,United States
NCT07543185,Right Dorsolateral Prefrontal Cortex Closed-loop Neurofeedback for Anxiety in High-ischaemic-risk Chronic Coronary Syndrome,NOT_YET_RECRUITING,NA,INTERVENTIONAL,Chronic Coronary Syndrome; Anxiety Disorder; High Ischemic Risk,Shenyang Medical College,OTHER,,Active right DLPFC closed-loop fNIRS-BCI neurofeedback; Sham right DLPFC closed-loop fNIRS-BCI neurofeedback,DEVICE,2026-04-19,2026.0,China
NCT05778448,BCI for Hemiparetic Upper Extremities in Patients Due to Stroke,COMPLETED,NA,INTERVENTIONAL,Stroke; Brain Computer Interface,The Hong Kong Polytechnic University,OTHER,,Brain Computer Interface/ Functional Electrical Stimulation/ Virtual Reality,DEVICE,2021-08-11,2021.0,Hong Kong
NCT06389721,Understanding and Preventing Cortical Mechanisms of Chemotherapy-induced Peripheral Neuropathy,RECRUITING,NA,OBSERVATIONAL,Chemotherapy-induced Peripheral Neuropathy,M.D. Anderson Cancer Center,OTHER,,Electroencephalogram (EEG),DIAGNOSTIC_TEST,2024-07-16,2024.0,United States
NCT03318549,BCI and Evaluation of Visual and Task Performance in Subjects With Eye Diseases,COMPLETED,NA,INTERVENTIONAL,Glaucoma; Macular Degeneration; Glaucoma Suspect; Optic Neuropathy; Retinal Degeneration; Visual Pathway Disorder,University of Miami,OTHER,National Eye Institute (NEI),Visual Performance tests; Brain-computer interface,"DEVICE,DIAGNOSTIC_TEST",2018-10-29,2018.0,United States
NCT06521736,Brain-computer Interface Commercial Readiness,COMPLETED,NA,INTERVENTIONAL,Non-Verbal Communication; Degenerative Neurologic Disease,Kendrea Garand,OTHER,National Institute on Deafness and Other Communication Disorders (NIDCD); University of Michigan; PRC,AAC-BCI device,DEVICE,2024-09-13,2024.0,United States
NCT05634616,Motor Imagery and Motor Execution Based BCI in Stroke,UNKNOWN,NA,INTERVENTIONAL,Stroke; Neurorehabilitation; Motor Imagery; Motor Execution; Brain-computer Interface,First Affiliated Hospital Xi'an Jiaotong University,OTHER,,Motor imagery and motor execution based BCI; Sham BCI,DEVICE,2022-11-24,2022.0,China
NCT05041114,SWITCH II Early Feasibility Study: Implantable BCI to Control a Digital Device for People With Paralysis,WITHDRAWN,NA,INTERVENTIONAL,"Neurologic Disorder; Paralysis; Paralysis; Stroke; Amyotrophic Lateral Sclerosis; Muscular Dystrophies; Spinal Cord Injury; Stroke, Lacunar; Stroke, Brainstem; Upper Limb Injury; Spinal Muscular Atrophy","Synchron Medical, Inc.",INDUSTRY,,Motor Neuroprosthesis,DEVICE,2022-04-21,2022.0,Australia
NCT07640711,Innovative Brain-Computer Interface for People With Spinal Cord Injury,RECRUITING,NA,INTERVENTIONAL,Spinal Cord Injury; Tetraplegia C1-C4; Quadriplegia,UMC Utrecht,OTHER,,ECoG (electrocorticography) sensing,DEVICE,2026-08,2026.0,Netherlands
NCT06586125,Virtual Reality Impact on Powered Mobility: a Feasibility Study,COMPLETED,NA,OBSERVATIONAL,Cerebral Palsy Infantile; Neuromuscular Diseases in Children,Azienda Usl di Bologna,OTHER_GOV,,Powered Mobility Training,OTHER,2023-09-04,2023.0,Italy
NCT03992690,"Training With Brain-machine Interfaces, Visuo-tactile Feedback and Assisted Locomotion for Patients With Chronic Complete Paraplegia",UNKNOWN,NA,INTERVENTIONAL,Chronic Paraplegia,"Xuanwu Hospital, Beijing",OTHER,the Alberto Santos Dumont Association for Research Support,"Brain-machine Interfaces, Visuo-tactile Feedback and Assisted Locomotion, or the WANR protocol; Training with traditional physiotherapy protocol",DEVICE,2019-08-01,2019.0,China
NCT02443558,Brainwave Control of a Wearable Robotic Arm for Rehabilitation and Neurophysiological Study in Cervical Spine Injury,COMPLETED,NA,INTERVENTIONAL,Spinal Cord Injuries,Aristotle University Of Thessaloniki,OTHER,Cervical Spine Research Society,Brain-Computer Interface control of robotic arms.; MERCURY v2.0 robotic arms,"DEVICE,OTHER",2016-12-15,2016.0,Greece
NCT02404857,BCI Post-stroke Neurorehabilitation,COMPLETED,NA,INTERVENTIONAL,Poststroke/CVA Hemiparesis; Paralytic Stroke; Hand Flaccid Paralysis,"University Hospital, Montpellier",OTHER,"Université Montpellier; National University of Ireland, Maynooth; Centre Hospitalier Universitaire de Nīmes",EEG based Brain Computer Interface,DEVICE,2015-01,2015.0,France
NCT02228187,Brain-Computer Interface System for Training Memory and Attention in Elderly,COMPLETED,PHASE2,INTERVENTIONAL,Alzheimer's Disease; Mild Cognitive Impairment; Age-Related Cognitive Decline; Dementia,Duke-NUS Graduate Medical School,OTHER,"Agency for Science, Technology and Research; National University of Singapore; Singapore Clinical Research Institute; Singapore General Hospital; Tan Tock Seng Hospital",Brain-Computer Interface,DEVICE,2015-07,2015.0,Singapore
NCT06076928,Brain Computer Interface (BCI) Integrated Wearable Hand Robotic Glove System for Upper Limb Stroke Rehabilitation,RECRUITING,NA,INTERVENTIONAL,Stroke,Tan Tock Seng Hospital,OTHER,Nanyang Technological University; Singapore University of Technology & Design; National University of Singapore,Brain Computer Interface integrated HandyRehab platform (BCI-HR); HandyRehab (HR); Standard Treatment of Care,"DEVICE,OTHER",2024-08-01,2024.0,Singapore
NCT01119001,A P300 Brain Computer Interface Keyboard to Control Assistive Technology For Use by People With Amyotrophic Lateral Sclerosis,COMPLETED,NA,INTERVENTIONAL,Amyotrophic Lateral Sclerosis,University of Michigan,OTHER,U.S. Department of Education,P300 Brain Computer Interface Keyboard,DEVICE,2010-02,2010.0,United States
NCT04257981,Effect of Transcranial Direct Current Stimulation on Upper Extremity of Children With Hemiparesis,COMPLETED,NA,INTERVENTIONAL,Cerebral Palsy Infantile,Majmaah University,OTHER,Shiekh Abdullah Al-Twejeri Research Chair for Stroke,Brain stimulator v3.0; Sham Comparator: Control group,"DEVICE,OTHER",2020-01-03,2020.0,Saudi Arabia
NCT00746525,Non-Invasive Brain Signal Training to Induce Motor Control Recovery After Stroke,COMPLETED,NA,INTERVENTIONAL,Stroke,Louis Stokes VA Medical Center,FED,National Institute of Neurological Disorders and Stroke (NINDS),Surface functional electrical stimulation (FES); Motor learning; Brain computer interface (BCI) training,OTHER,2008-09,2008.0,United States
NCT05035823,COMMAND Early Feasibility Study: Implantable BCI to Control a Digital Device for People With Paralysis,ACTIVE_NOT_RECRUITING,NA,INTERVENTIONAL,"Neurologic Disorder; Paralysis; Paralysis; Stroke; Amyotrophic Lateral Sclerosis; Muscular Dystrophies; Spinal Cord Injuries; Stroke, Lacunar; Stroke Brainstem; Cervical Spinal Cord Injury; Spinal Muscular Atrophy; Tetraplegic; Paralysis; Quadriplegia/Tetraplegia","Synchron Medical, Inc.",INDUSTRY,,Motor Neuroprosthesis (MNP),DEVICE,2022-04-27,2022.0,United States
NCT06690931,Neurofeedback Rehabilitation With FES and VR for PD,RECRUITING,NA,INTERVENTIONAL,Parkinson Disease,g.tec medical engineering GmbH,INDUSTRY,,Brain-Computer Interface with FES and VR; Motor imagery with Functional Electrical Stimulation and Virtual Reality feedback,DEVICE,2024-12-09,2024.0,Austria
NCT03600194,Pilot Study Comparing the Effectiveness of Two Different Methods of Acoustic Stimulation,COMPLETED,NA,INTERVENTIONAL,Sleep Deprivation; Insufficient Sleep Syndrome; Healthy,Philips Respironics,INDUSTRY,,PowerSleep Stim; Northwestern Stim; PowerSleep Sham; NorthWestern Sham,DEVICE,2018-06-01,2018.0,United States
NCT06628427,Unlock the Secrets of Ageing Brains Through P300 Brain-computer Interface Games,NOT_YET_RECRUITING,NA,OBSERVATIONAL,Mild Cognitive Impairment (MCI),University of Sheffield,OTHER,,MoCA Test; Random Dot Motion (RDM) task; P300-BCI task without feedback,"DEVICE,DIAGNOSTIC_TEST",2024-10-15,2024.0,United Kingdom
NCT07585058,Safety and Efficacy of Early Brain-Computer Interface Training After Reperfusion Therapy in Acute Ischemic Stroke,NOT_YET_RECRUITING,NA,INTERVENTIONAL,Acute Ischemic Stroke,Shandong Provincial Hospital,OTHER_GOV,,EEG-based non-invasive brain-computer interface (BCI) virtual hand/gait training system; Standard Early Rehabilitation,"BEHAVIORAL,DEVICE",2026-04,2026.0,
NCT07224256,VOICE: An Early Feasibility Study of a Precise Robotically Implanted Brain-Computer Interface for Communication Restoration,RECRUITING,NA,INTERVENTIONAL,Tetraplegia/Tetraparesis; Quadriplegia; Cervical Spinal Cord Injury; Amyotrophic Lateral Sclerosis; Quadriplegia/Tetraplegia; Tetraplegic; Paralysis; Stroke,Neuralink Corp,INDUSTRY,,N1 Implant; R1 Robot,DEVICE,2025-10-03,2025.0,United States
NCT06337500,Validation of a Making Decision Hybrid (Ecologic and Virtual) Task,RECRUITING,NA,INTERVENTIONAL,Healthy Volunteers; Behavior and Behavior Mechanisms,Centre Hospitalier Universitaire de Besancon,OTHER,,Neurophysiological measure (EEG); Survey,"DEVICE,OTHER",2024-02-01,2024.0,France
NCT04338971,Ipsihand Device Use in Stroke Patients to Assess Functional Motor Outcomes,COMPLETED,NA,INTERVENTIONAL,Stroke,"Neurolutions, Inc.",INDUSTRY,,IpsiHand Therapy,DEVICE,2017-05-05,2017.0,United States
NCT04448483,Clinical Study for Upper Limb Motor Restoration in Chronic Stroke Patients Using Personalized Neuro-technologies,COMPLETED,NA,INTERVENTIONAL,"Stroke, Cerebral",Wyss Center for Bio and Neuroengineering,OTHER,Ecole Polytechnique Fédérale de Lausanne,Paretic upper limb functional electric stimulation through RehaStim; Non-invasive transcranial current stimulation through DC-Stimulator,DEVICE,2020-10-06,2020.0,Switzerland
NCT06753006,Research on the Effectiveness of Neurorehabilitation After Stroke,RECRUITING,NA,INTERVENTIONAL,"Stroke; Stroke Acute; Stroke with Hemiparesis; Stroke, Acute; Stroke, Acute, Ischemic; Stroke, Ischemic",Neurotechnika,INDUSTRY,Samara State Medical University; Samara Regional Clinical Hospital V.D. Seredavin,Neurorehabilitation simulator; Standard course,"DEVICE,PROCEDURE",2024-08-27,2024.0,Russia
NCT04942184,STRATEGIES to Improve Memory in Alzheimer's Disease,WITHDRAWN,NA,INTERVENTIONAL,"Alzheimer Disease; Dementia, Mild; Mild Cognitive Impairment",Boston University,OTHER,National Institute on Aging (NIA),Memory strategies in Arm 1; Electroencephalogram (EEG) headset in Arm 1; Tablet in Arm 1; Memory strategies in Arm 2; Electroencephalogram (EEG) headset in Arm 2; Tablet in Arm 2,"BEHAVIORAL,DEVICE,OTHER",2022-10,2022.0,
NCT01393444,ECoG Direct Brain Interface for Individuals With Upper Limb Paralysis,COMPLETED,NA,INTERVENTIONAL,Tetraplegia; Spinal Cord Injury; Brachial Plexus Injury; Muscular Dystrophy; ALS; Brainstem Stroke,University of Pittsburgh,OTHER,,Implantation of ECoG sensors on the brain surface,DEVICE,2011-05,2011.0,United States
NCT03863847,A Neurofeedback Treatment for Chronic Musculoskeletal Pain,UNKNOWN,NA,INTERVENTIONAL,Chronic Musculoskeletal Pain; Tennis Elbow; Musculoskeletal Pain; Lateral Epicondylitis,Aalborg University,OTHER,,Neurofeedback; Sham,PROCEDURE,2018-09-01,2018.0,Denmark
NCT03289793,NEUROFEEDBACK on Event-Related Potential (ERP),COMPLETED,NA,INTERVENTIONAL,Attention Deficit Disorder With Hyperactivity,Hospices Civils de Lyon,OTHER,,Neurofeedback training; Active Sham control; Baseline control group,OTHER,2017-02-02,2017.0,France
NCT01707498,Robust Intelligent Keyboard for Quadraplegic Patients,UNKNOWN,NA,INTERVENTIONAL,Quadraplegia,Centre d'Investigation Clinique et Technologique 805,OTHER,University of Versailles,Scanning device; RoBIK Brain-Computer Interface,PROCEDURE,2013-02,2013.0,France
NCT07472556,Using Motor Imagery-based Brain-computer Interface With Multiple Sclerosis Patients.,NOT_YET_RECRUITING,NA,INTERVENTIONAL,Multiple Sclerosis,Pasquale Arpaia,OTHER,,Brain Computer Interface,DEVICE,2026-07-01,2026.0,Italy
NCT07477613,Implantable Brain-Computer Interface for Upper-Limb Recovery After Stroke,RECRUITING,NA,INTERVENTIONAL,Stroke,"University Hospital, Grenoble",OTHER,"French Alternative Energies and Atomic Energy Commission (CEA), Grenoble",BCI,DEVICE,2026-04-08,2026.0,France
NCT03100110,NeuroCognitive Communicator: Safety Study,UNKNOWN,NA,INTERVENTIONAL,"Motor Neuron Disease, Amyotrophic Lateral Sclerosis; Tetraplegia",Ottawa Hospital Research Institute,OTHER,,NeuroCognitive Communicator,DEVICE,2019-05-13,2019.0,Canada
NCT07334977,Synergistic Effect of Non-invasive Brain and Spinal Cord Stimulation,RECRUITING,PHASE2,INTERVENTIONAL,Stroke; Spinal Cord Injury; Able Bodied,"Centre National de la Recherche Scientifique, France",OTHER,"University Hospital, Bordeaux; Centre de la Tour de Gassies; Institute of Neurodegenerative Diseases, CNRS UMR 5293",tDCS; tSCS; Sham; Cognitive-Motor Task,"BEHAVIORAL,PROCEDURE",2024-12-11,2024.0,France
NCT06187467,Longitudinal Multimodal Profiling of Balance and Gait In Stroke,RECRUITING,NA,OBSERVATIONAL,Stroke,Tan Tock Seng Hospital,OTHER,Nanyang Technological University,Clinical and technological-aided assessments and questionnaires,OTHER,2024-07-01,2024.0,Singapore
NCT03611855,Chronic Stroke Rehabilitation With Contralesional Brain-Computer Interface,TERMINATED,NA,INTERVENTIONAL,Chronic Stroke; Hemiparesis,Washington University School of Medicine,OTHER,"Neurolutions, Inc.",BCI Rehabilitation; Range of Motion Therapy,"DEVICE,OTHER",2018-04-26,2018.0,United States
NCT02069938,Brain Computer Interface Control of a Robotic Device,COMPLETED,NA,OBSERVATIONAL,Healthy,University of Minnesota,OTHER,,,,2014-03,2014.0,United States
NCT02284022,Clinical Validation Protocol for BCI for the Communication of Patients Suffering From Neuromuscular Disorders.,COMPLETED,NA,OBSERVATIONAL,Communication; Neuromuscular Disease,Centre d'Investigation Clinique et Technologique 805,OTHER,"Association Française contre les Myopathies (AFM), Paris",Brain computer interface,DEVICE,2014-10,2014.0,France
NCT06810219,Augmented Reality BCI Longitudinal Study for Persons With Late Stage ALS,RECRUITING,NA,INTERVENTIONAL,ALS (Amyotrophic Lateral Sclerosis),Cognixion,INDUSTRY,,Cognixion ONE,DEVICE,2025-01-20,2025.0,United States
NCT07127172,GB-PRIME: An Early Feasibility Study of a Precise Robotically Implanted Brain-Computer Interface for the Control of External Devices,RECRUITING,NA,INTERVENTIONAL,Tetraplegia/Tetraparesis; Quadriplegia; Quadriplegia/Tetraplegia; Cervical Spinal Cord Injury; Amyotrophic Lateral Sclerosis (ALS); Spinal Cord Injury (Quadraplegia); Spinal Cord Injury; Motor Neuron Disease; Brain Stem Stroke,Neuralink Corp,INDUSTRY,Newcastle-upon-Tyne Hospitals NHS Trust; University College London Hospitals,N1 Implant; R1 Robot,DEVICE,2025-07-31,2025.0,United Kingdom
NCT06240299,Neurofeedback for Nociplastic Pain in Rheumatoid Arthritis (NECTAR),RECRUITING,NA,INTERVENTIONAL,Rheumatoid Arthritis; Chronic Widespread Pain,NHS Greater Glasgow and Clyde,OTHER,University of Glasgow,Neurofeedback,PROCEDURE,2024-06-24,2024.0,United Kingdom
NCT07073378,BCI@Home: Brain Computer Interface Solutions to Enable Youth Living With Severe Disabilities,RECRUITING,NA,INTERVENTIONAL,Cerebral Palsy; Pediatric Stroke; Genetic Condition; Acquired Brain Injury (Including Stroke),University of Calgary,OTHER,,Brain computer interface,DEVICE,2025-11-01,2025.0,Canada
NCT06939660,BCI-Assisted SCS-EXS for Gait Optimization,RECRUITING,NA,INTERVENTIONAL,"Spinal Cord Injuries (SCI); Spinal Cord Injury, Chronic; Spinal Cord Injury; Spinal Cord Injury Cervical; Spinal Cord Injury Thoracic; Spinal Cord Injury (Quadraplegia); Motor Impairment; Motor Deficits; Gait Training; Gait Impairment","Xuanwu Hospital, Beijing",OTHER,"Beijing Xinzhida Neural Technology Co., Ltd; Beijing Pins Medical Co., Ltd; Hangzhou RoboCT Technology Development Co.,Ltd",BCI-SCS-EXS,DEVICE,2025-04-23,2025.0,China
NCT04050696,The Use of Electromagnetic Field (EMF) Treatment in Chronic Spinal Cord Injury (SCI) Patients,UNKNOWN,NA,INTERVENTIONAL,Incomplete Spinal Cord Injury,BrainQ Technologies Ltd.,INDUSTRY,The Miami Project to Cure Paralysis; Sheba Medical Center; Kessler Institute for Rehabilitation,BQ 1.2,DEVICE,2019-09-18,2019.0,Israel; United States
NCT07106060,Near-Infrared Imaging of Motor Imagery Effects in Spinal Cord Injury,RECRUITING,NA,INTERVENTIONAL,SCI - Spinal Cord Injury; Motor Imagery; Brain-Computer Interfaces,Shengjing Hospital,OTHER,,EEG-based rehabilitation training device (L-B300); EEG-based rehabilitation training device (L-B300)（Not connected）,DEVICE,2025-01-01,2025.0,China
NCT05884762,earlY Upper Limb Rehabilitation WIth EEG-Neurofeedback After Stroke,RECRUITING,NA,INTERVENTIONAL,"Stroke; Stroke Hemorrhagic; Stroke, Ischemic; Stroke Rehabilitation; Brain Infarction",Rennes University Hospital,OTHER,Fondation de l'Avenir,electroencephalographic neurofeedback; SHAM electroencephalographic neurofeedback,OTHER,2024-02-20,2024.0,France
NCT00809224,Cortex Changes in Real/Imagined Movements in Amyotrophic Lateral Sclerosis (ALS),COMPLETED,NA,OBSERVATIONAL,ALS; Amyotrophic Lateral Sclerosis,University of Michigan,OTHER,National Institute of Neurological Disorders and Stroke (NINDS),,,2008-05,2008.0,United States
NCT07209943,"Augmented Reality BCI Longitudinal Study for Persons With ALS, Stroke, TBI and SCI Utilizing Cognixion + Apple Vision Pro",NOT_YET_RECRUITING,NA,INTERVENTIONAL,ALS (Amyotrophic Lateral Sclerosis); TBI Traumatic Brain Injury; SCI - Spinal Cord Injury; Stroke,Cognixion,INDUSTRY,,Cognixion + Apple Vision Pro,DEVICE,2025-10-16,2025.0,United States
NCT07460037,Chinese-Specific Speech Imagery Coding Using High-Density ECoG,RECRUITING,NA,INTERVENTIONAL,Aphasia; Dysarthria; ALS; Speech and Language Disorder; Stroke; Brain Tumor Adult; Epilepsies; locked-in Syndrome,"Second Affiliated Hospital, Zhejiang University, School of Medicine",OTHER,,Intraoperative high-density ECoG recording; Permanent high-density ECoG implantation,PROCEDURE,2026-03-15,2026.0,China
NCT07686822,Spinal Cord Stimulation Combined With Motor Imagery Brain-Computer Interface for Chronic Post-Stroke Upper Limb Motor Dysfunction,NOT_YET_RECRUITING,NA,INTERVENTIONAL,Chronic Stroke,Zhejiang Provincial People's Hospital,OTHER,,Spinal Cord Stimulation; Motor Imagery Brain-Computer Interface Rehabilitation Training,DEVICE,2026-09,2026.0,China
NCT07006415,Brain-computer Interface Rehabilitation And Virtual Environments in Functional Neurological Disorder (BRAVE-FND),NOT_YET_RECRUITING,NA,INTERVENTIONAL,Functional Neurological Disorder; Conversion Disorder; Functional Neurological Disorders; Conversion Disorder With Weakness/Paralysis,King's College London,OTHER,,Brain-computer interface rehabilitation,DEVICE,2025-10-01,2025.0,
NCT06429735,Precise Robotically IMplanted Brain-Computer InterfacE,RECRUITING,NA,INTERVENTIONAL,Tetraplegia/Tetraparesis; Quadriplegia; Cervical Spinal Cord Injury; Amyotrophic Lateral Sclerosis; Quadriplegia/Tetraplegia; Tetraplegic; Paralysis,Neuralink Corp,INDUSTRY,,N1 Implant; R1 Robot,DEVICE,2024-01-09,2024.0,United States
NCT04026581,Real World Testing of a Brain-Computer Interface,COMPLETED,NA,OBSERVATIONAL,Amyotrophic Lateral Sclerosis; Brain Stem Stroke; Cerebral Palsy; Traumatic Brain Injury; Speech Disorders,University of Pittsburgh,OTHER,"National Institute on Disability, Independent Living, and Rehabilitation Research",Speech generating device (SGD) evaluation including BCI access; Training and treatment,BEHAVIORAL,2019-06-05,2019.0,United States
NCT06700304,CAN-PRIME: Precise Robotically Implanted Brain-Computer Interface for the Control of External Devices,RECRUITING,NA,INTERVENTIONAL,Tetraplegia/Tetraparesis; Quadriplegia; Quadriplegia/Tetraplegia; Cervical Spinal Cord Injury; Amyotrophic Lateral Sclerosis (ALS); Spinal Cord Injury (Quadraplegia); Spinal Cord Injury,Neuralink Corp,INDUSTRY,"University Health Network, Toronto",N1 Implant; R1 Robot,DEVICE,2024-11-20,2024.0,Canada
NCT03898804,An Early Feasibility Study of the ReHAB System,RECRUITING,NA,INTERVENTIONAL,Tetraplegia,University Hospitals Cleveland Medical Center,OTHER,,BCI and FES,DEVICE,2019-04-09,2019.0,United States
NCT06160453,HEROES: Human Extremity Robotic Rehabilitation and Outcome Enhancement for Stroke,UNKNOWN,NA,INTERVENTIONAL,Stroke,Aristotle University Of Thessaloniki,OTHER,,Brain-Computer Interface control of robotic arms with augmented reality; Serious game with augmented reality,DEVICE,2024-12-01,2024.0,Greece
NCT02550522,Brain Computer Interface: Neuroprosthetic Control of a Motorized Exoskeleton,RECRUITING,NA,INTERVENTIONAL,Traumatic Tetraplegia with Cervical Cord Injury,"University Hospital, Grenoble",OTHER,,Brain-computer interface (BCI) platform including two implanted remotely powered ElectroCorticoGraph (ECoG) recording devices and an exoskeleton,DEVICE,2015-09,2015.0,France
NCT03379532,BCI-controlled NMES in Subacute Stroke,COMPLETED,NA,INTERVENTIONAL,Stroke,"University Hospital, Geneva",OTHER,Ecole Polytechnique Fédérale de Lausanne; Clinique Romande de Readaptation,BCI-NMES; Sham-NMES,DEVICE,2018-01-26,2018.0,Switzerland; United States
NCT03277508,Assistive Soft Robotic Glove Intervention Using Brain-Computer Interface for Elderly Stroke Patients,COMPLETED,NA,INTERVENTIONAL,Stroke,"National University Hospital, Singapore",OTHER,"National University of Singapore; Agency for Science, Technology and Research",BCI Robot Assisted Hand Therapy; CPM Robot Assisted Hand Therapy,DEVICE,2018-03-02,2018.0,Singapore
NCT04465786,A Closed-loop Brain-computer Interface for Stroke,UNKNOWN,NA,OBSERVATIONAL,Stroke,"Taipei Veterans General Hospital, Taiwan",OTHER_GOV,,,,2020-07-13,2020.0,Taiwan
NCT04373837,Rehabilitation Treatment of Time Deficits in Brain-damaged Patients,COMPLETED,NA,INTERVENTIONAL,Brain Damage,Istituti Clinici Scientifici Maugeri SpA,OTHER,University of Bologna,Prismatic googles inducing prismatic adaptation (PA) associated to Virtual Reality (VR); Neutral googles inducing no-adaptation (NA) associated to Virtual Reality (VR),"BEHAVIORAL,OTHER",2018-02-01,2018.0,Italy
NCT05215522,Tele BCI-FES for Upper -Limb Stoke Rehabilitation,COMPLETED,NA,INTERVENTIONAL,Stroke,University of Sheffield,OTHER,Sheffield Teaching Hospitals NHS Foundation Trust; Medical Research Council,The BCI-FES Intervention,DEVICE,2022-06-15,2022.0,United Kingdom
NCT02148770,The Effect of Neurofeedback on Eating Behaviour,UNKNOWN,NA,INTERVENTIONAL,Obesity; Eating Behaviour,University Hospital Tuebingen,OTHER,,Neurofeedback,DEVICE,2014-11,2014.0,Germany
NCT06829303,BCI Training for Social Cognition and Error Monitoring in ASD,RECRUITING,NA,INTERVENTIONAL,Autism Spectrum Disorder (ASD),University of Coimbra,OTHER,,Emotional Facial Expression Paradigm (EFP); Speller task,DEVICE,2025-03-01,2025.0,Portugal
NCT07407725,Clinical Outcome Assessment for AT & BCI,RECRUITING,NA,INTERVENTIONAL,Spinal Cord Injury; ALS (Amyotrophic Lateral Sclerosis),Shirley Ryan AbilityLab,OTHER,Neuralink Corp,Eye Tracker; Mouth Operated Joystick; Non-invasive electroencephalogram (EEG) Headset; Implantable Brain-Computer-Interface; Personal Assistive Technology; Voice Control,DEVICE,2026-01-08,2026.0,United States
NCT04576650,Brain-Computer Interface Implant for Severe Communication Disability,WITHDRAWN,NA,INTERVENTIONAL,Locked-in Syndrome,Johns Hopkins University,OTHER,UMC Utrecht; National Institute on Deafness and Other Communication Disorders (NIDCD),Summit System,DEVICE,2022-10,2022.0,United States
NCT01897025,Combined Transcranial Direct Current Stimulation and Motor Imagery-based Robotic Arm Training for Stroke Rehabilitation,COMPLETED,PHASE2,INTERVENTIONAL,Stroke,"National University Hospital, Singapore",OTHER,"National University Health System, Singapore; Agency for Science, Technology and Research",real-tDCS with MI-BCI,DEVICE,2011-01,2011.0,Singapore
NCT06207591,Investigation on the Cortical Communication System,RECRUITING,NA,INTERVENTIONAL,Locked-in Syndrome; Neuromuscular Diseases; Brainstem Stroke; Traumatic Brain Injury,UMC Utrecht,OTHER,Johns Hopkins University,ECoG (electrocorticography) sensing,DEVICE,2023-12-15,2023.0,Netherlands
NCT04353297,BCI-assisted MI Intervention in Subacute Stroke,COMPLETED,NA,INTERVENTIONAL,Stroke; Motor Disorders,I.R.C.C.S. Fondazione Santa Lucia,OTHER,University of Roma La Sapienza; Istituto Superiore di Sanità,EEG-based BCI system for (hand) Motor Imagery training; Motor Imagery training,OTHER,2021-01-28,2021.0,Italy
NCT05152108,Hybrid Brain Computer Interface for Control of Sensory - Motor Coupling in Post - Stroke Rehabilitation,ACTIVE_NOT_RECRUITING,NA,INTERVENTIONAL,Stroke,University of Belgrade,OTHER,,BCI feasibility test,DEVICE,2022-04-01,2022.0,Serbia
NCT05470478,iBCI Optimization for Veterans With Paralysis,NOT_YET_RECRUITING,NA,INTERVENTIONAL,Spinal Cord Injury; Amyotrophic Lateral Sclerosis; Brain Stem Infarctions; Locked-in Syndrome; Muscular Dystrophy,VA Office of Research and Development,FED,,Mobile neural decoding platform (mobile iBCI),DEVICE,2026-10-02,2026.0,United States
NCT05465486,NeuroSuitUp: Neurorehabilitation Through Synergistic Man-machine Interfaces,UNKNOWN,NA,INTERVENTIONAL,Spinal Cord Injuries,Aristotle University Of Thessaloniki,OTHER,,Brain-Computer Interface control of robotic arms with augmented reality; Serious game with augmented reality,DEVICE,2025-02-01,2025.0,Greece
NCT02132520,A Brain Centered Neuroengineering Approach for Motor Recovery After Stroke: Combined rTMS and BCI Training,COMPLETED,NA,INTERVENTIONAL,Hemiparesis; Stroke,University of Minnesota,OTHER,,rTMS; BCI Training,"BEHAVIORAL,DEVICE",2014-03,2014.0,United States
NCT04439591,Evaluation of Implementation and Effectiveness of Computerised Brain Training for Older Adults,COMPLETED,NA,INTERVENTIONAL,Cognition,Geriatric Education and Research Institute,OTHER_GOV,Neeuro Pte Ltd,Computerised cognitive training,OTHER,2017-08-01,2017.0,Singapore
NCT04723823,Sensorimotor Imaging for Brain-Computer Interfaces,COMPLETED,NA,INTERVENTIONAL,Functional Neuroimaging,University of Pittsburgh,OTHER,"University of Pittsburgh Medical Center; Carnegie Mellon University; Synchron Medical, Inc.; National Institute of Neurological Disorders and Stroke (NINDS)",Motor or sensory imagery with fMRI,OTHER,2019-08-08,2019.0,United States
NCT05374486,EEG Brain-Machine Interface Control of an Upper-Limb Robotic Exoskeleton for Robot-Assisted Rehabilitation After Stroke,UNKNOWN,NA,INTERVENTIONAL,Stroke; Hemiparesis,University of Houston,OTHER,"TIRR Memorial Hermann; The University of Texas Health Science Center, Houston",NeuroExo co-robot neurorehabilitation system,DEVICE,2022-04-25,2022.0,United States
NCT07171073,Smart Technologies in Early Post-Stroke Rehabilitation,NOT_YET_RECRUITING,NA,INTERVENTIONAL,Stroke,Erika Endzelyte,OTHER,The Hospital of Lithuanian University of Health Sciences Kaunas Clinics; Kulautuva Hospital of Rehabilitation,RecoveriX; Gloreha Aria; E-Link System; Standard Occupational Therapy,"DEVICE,OTHER",2025-09-15,2025.0,Lithuania
NCT05258591,Post-stroke Motor Rehabilitation Using Functional Near-infrared Spectroscopy-based Brain-computer-interface,UNKNOWN,EARLY_PHASE1,INTERVENTIONAL,Hemiparesis,Axem Neurotechnology Inc.,INDUSTRY,Massachusetts General Hospital,Axem Home,DEVICE,2022-02-23,2022.0,United States
NCT00242242,Moving a Paralyzed Hand Through Use of a Brain-Computer Interface,TERMINATED,NA,OBSERVATIONAL,Stroke,National Institute of Neurological Disorders and Stroke (NINDS),NIH,Center for Neuroscience and Regenerative Medicine (CNRM),,,2005-10-17,2005.0,United States
NCT05372523,Senseye's OBCI Diagnostic Tool for PTSD,TERMINATED,NA,OBSERVATIONAL,PTSD,"Senseye, Inc.",INDUSTRY,,CAPS-5 Assessment; Senseye OBCI,DIAGNOSTIC_TEST,2022-04-25,2022.0,United States
NCT01801254,Using EEG Operant Conditioning to Improve Trait Self-Control and Promote Healthy Behavior,COMPLETED,PHASE1,INTERVENTIONAL,Obesity; Type II Diabetes; Cardiovascular Disease; Health Behavior,University of Rochester,OTHER,,STRIDES; Sham Control,OTHER,2013-02,2013.0,United States
NCT05951556,Telehealth Implementation of Brain-Computer Interface,UNKNOWN,NA,INTERVENTIONAL,Amyotrophic Lateral Sclerosis; Stroke,Shirley Ryan AbilityLab,OTHER,Albany Stratton VA Medical Center,Use of BCI,DEVICE,2021-09-30,2021.0,United States
NCT06164912,Investigating the Use of a Brain-computer Interface Based on TMS Neurofeedback for Upper Limb Stroke Rehabilitation,UNKNOWN,PHASE1,INTERVENTIONAL,Transcranial Magnetic Stimulation; Stroke; Stroke Rehabilitation; Upper Extremity Paresis,"University of Dublin, Trinity College",OTHER,St. James Hospital,Transcranial Magnetic Simulation with Pseudofeedback; Transcranial Magnetic Simulation with Neurofeedback,OTHER,2023-06-01,2023.0,Ireland
NCT02772302,Feasibility of mindBEAGLE in Disorders of Consciousness or Locked-In Syndrome,COMPLETED,NA,INTERVENTIONAL,Consciousness Disorders; Locked-In Syndrome,Massachusetts General Hospital,OTHER,,mindBEAGLE EEG-based brain-computer interface,DEVICE,2016-03-01,2016.0,United States
NCT04279067,BCI-FES Therapy for Stroke Rehabilitation,COMPLETED,NA,INTERVENTIONAL,Ischemic Stroke; Hemorrhagic Stroke,"University of California, Irvine",OTHER,,BCI-FES dorsiflexion therapy; Physiotherapy one hour; Physiotherapy two hours,"BEHAVIORAL,DEVICE",2020-05-15,2020.0,United States
NCT05880251,Operant Conditioning of Sensory Brain Responses to Reduce Phantom Limb Pain in People With Limb Amputation,COMPLETED,NA,INTERVENTIONAL,Phantom Limb Pain After Amputation; Lower Limb Amputation; Upper Limb Amputation; Phantom Pain; Chronic Pain,VA Office of Research and Development,FED,,Operant Conditioning with Peripheral Stimulation; Control Group with Peripheral Stimulation Only,BEHAVIORAL,2023-07-01,2023.0,United States
NCT01518426,Evaluation of Evoked Potentials Recording Modalities in Healthy Volunteer Population,COMPLETED,EARLY_PHASE1,INTERVENTIONAL,Attitude to Computers,Centre d'Investigation Clinique et Technologique 805,OTHER,"National Research Agency, France",EEG Recording (Emotiv),DEVICE,2012-06,2012.0,France
NCT03032497,Brain-Computer Interface (BCI)-Based Feedback for Chronic Pain Management,COMPLETED,NA,INTERVENTIONAL,"Pain, Chronic",Tan Tock Seng Hospital,OTHER,Institute for Infocomm Research,EEG-based BCI analysis of fear avoidance,DEVICE,2017-06-05,2017.0,Singapore
NCT07147881,Prospective Real-World Evidence Study of the IpsiHand® System in Adult Stroke Survivors,NOT_YET_RECRUITING,NA,OBSERVATIONAL,Stroke; Hemiparesis After Stroke; Brain Computer Interface,"Neurolutions, Inc.",INDUSTRY,,IpsiHand,DEVICE,2025-09-01,2025.0,
NCT06940635,Exploratory Study on the Potential Cross-System Effects of BCI-FES Hand Therapy on Dysphagia and Aphasia in Chronic Stroke Patients,RECRUITING,NA,INTERVENTIONAL,Ischaemic Stroke; Hemorrhagic Stroke,VASCage GmbH,OTHER,g.tec medical engineering GmbH; Medical University Innsbruck,closed-loop BCI-FES device,DEVICE,2025-06-04,2025.0,Austria
NCT07333339,A Brain-Computer Interface-Based Attention Training Program Compared With Methylphenidate and Citicoline,COMPLETED,NA,OBSERVATIONAL,Attention Deficit Hyperactivity Disorder (ADHD); Brain Computer Interface,Uludag University,OTHER,,Brain-Computer Interface-Based Attention Training,DEVICE,2025-02-01,2025.0,Turkey (Türkiye)
NCT03696667,Affect Regulation Based on Brain-computer Interface Towards Treatment for Depression,COMPLETED,NA,INTERVENTIONAL,Emotion Regulation,"Institute of Mental Health, Singapore",OTHER,"Agency for Science, Technology and Research; Duke-NUS Graduate Medical School",BCI,DEVICE,2018-03-08,2018.0,Singapore
NCT02071485,Non-Invasive Brain-Computer Interface for Virtual Object Control,COMPLETED,NA,OBSERVATIONAL,Individuality,University of Minnesota,OTHER,,,,2014-03,2014.0,United States
NCT02574026,Tapfinger Psychomotor Target,COMPLETED,PHASE1,INTERVENTIONAL,Functional Brain Mapping,"University Hospital, Grenoble",OTHER,Commissariat A L'energie Atomique,Psychomotor tasks,BEHAVIORAL,2010-08,2010.0,France
NCT04724824,Validation of a Brain-Computer Interface for Stroke Neurological Upper Limb Rehabilitation,COMPLETED,NA,INTERVENTIONAL,"Stroke, Ischemic; Stroke",Instituto Nacional de Rehabilitacion,OTHER_GOV,"National Council of Science and Technology, Mexico; Hospital General Dr. Manuel Gea González; El Instituto Nacional de Neurologia y Neurocirugia Manuel Velasco Suarez",Brain-Computer Interface; Sham Brain-Computer Interface,DEVICE,2021-03-16,2021.0,Mexico
NCT04189939,Computational Psychiatric Approach to Depression,COMPLETED,NA,OBSERVATIONAL,Depression; Treatment Resistant Depression,Wake Forest University Health Sciences,OTHER,,clinical assessments,OTHER,2020-03-09,2020.0,United States
NCT06673264,First-In-human Trial of a NovEl Soft and Stretchable Neural probE,COMPLETED,NA,INTERVENTIONAL,Feasibility of Safe Insertion and Neural Recording With a Soft Neural Probe; Brain Surgery,"Axoft, Inc.",INDUSTRY,,Soft Neural Probe,DEVICE,2025-03-14,2025.0,Panama
NCT06420271,Effects of Cerebellar tACS-iTBS in Ataxia,RECRUITING,NA,INTERVENTIONAL,Ataxia,I.R.C.C.S. Fondazione Santa Lucia,OTHER,,Real (real iTBS/tACS + exergaming); Sham (sham iTBS/tACS + exergaming),DEVICE,2025-05-01,2025.0,Italy
NCT04298866,White Matter Hyperintensities Subtypes in Cerebral Small Vessel Disease : 7 Tesla Ultra-high Resolution Imaging MRI,UNKNOWN,NA,INTERVENTIONAL,Cerebral Small Vessel Diseases,Assistance Publique - Hôpitaux de Paris,OTHER,,Experimental Arm,OTHER,2021-03-04,2021.0,France
NCT07745335,AVE-Neurofeedback for Academic Anxiety and Divergent Thinking,NOT_YET_RECRUITING,NA,INTERVENTIONAL,Academic Anxiety; Test Anxiety; Divergent Thinking,Daniswara Raditya Suprapto,OTHER,,Audiovisual Entrainment Neurofeedback (AVE-NFB); Neurofeedback Only; Audiovisual Entrainment; Sham Control,"BEHAVIORAL,DEVICE",2026-08-25,2026.0,Indonesia
NCT06861517,EEG-based Brain-computer Interface Database for Motor Rehabilitation,COMPLETED,NA,OBSERVATIONAL,Healthy Adults,Jaime Alejandro Quiroga Forero,OTHER,,,,2024-09-02,2024.0,Argentina
NCT06729658,Dopamine and Brain Computer Interface,COMPLETED,EARLY_PHASE1,INTERVENTIONAL,Healthy Participants,Max Planck Institute for Human Cognitive and Brain Sciences,OTHER,,Madopar; Placebo,DRUG,2017-10-01,2017.0,Germany
NCT02323074,Brain Training System Using Electroencephalography (EEG) for Neurorehabilitation of Hand Function After Stroke,UNKNOWN,NA,INTERVENTIONAL,Stroke,Chinese University of Hong Kong,OTHER,,Brain Computer Interface,PROCEDURE,2014-01,2014.0,Hong Kong
NCT07133347,Creating an Engaging BCI/FES Therapy for Children With Perinatal Stroke Using Social Media,COMPLETED,PHASE1,INTERVENTIONAL,Perinatal Stroke; Hemiparetic Cerebral Palsy,University of Calgary,OTHER,,Brain computer interface controlled functional electrical stimulation therapy integrated with social media,DEVICE,2024-11-25,2024.0,Canada
NCT05306015,Application of Mindfulness Meditation Based on Brain Computer Interface in Radiofrequency Ablation,COMPLETED,NA,INTERVENTIONAL,Atrial Fibrillation; Radiofrequency Ablation; Meditation; Pain; Fatigue; Anxiety; Depression; Brain-Computer Interfaces,The First Affiliated Hospital with Nanjing Medical University,OTHER,,Mindfulness meditation based on brain-computer interface; Routine care,COMBINATION_PRODUCT,2022-04-01,2022.0,China
NCT04367623,Motor Conditioning to Enhance the Effect of Physical Therapy,TERMINATED,NA,INTERVENTIONAL,Spinal Cord Injuries,NHS Greater Glasgow and Clyde,OTHER,University of Glasgow,Brain computer interface based therapy,OTHER,2020-12-09,2020.0,United Kingdom
NCT04651478,Mental Representation Techniques for the Treatment of Parkinson´s Disease-related Pain,UNKNOWN,NA,INTERVENTIONAL,Parkinson Disease; Pain,Universidad Francisco de Vitoria,OTHER,Hospital Beata María Ana; Universidad Rey Juan Carlos,Action Observation+Motor Imagery through BCI; Action Observation through non-related with movement illustrations,BEHAVIORAL,2021-05-03,2021.0,Spain
NCT06409754,BCI-FES for Upper Limb Rehabilitation in Chronic Stroke,RECRUITING,NA,INTERVENTIONAL,Stroke; Upper Extremity Paresis; Neuronal Plasticity,Instituto Nacional de Rehabilitacion,OTHER_GOV,,Functional Electrical Stimulation Therapy coupled to a P-300 based Brain-Computer Interface; Conventional Physical Therapy,"DEVICE,OTHER",2024-08-06,2024.0,Mexico
NCT06116942,Magnetic Brain Stimulation and Computer-based Motor Training for Rehabilitation After Stroke,RECRUITING,NA,INTERVENTIONAL,Chronic Stroke,Max Planck Institute for Human Cognitive and Brain Sciences,OTHER,University of Halle Medical Faculty,Active rTMS; Sham rTMS,DEVICE,2023-11-08,2023.0,Germany
NCT01852279,BCI and FES for Hand Therapy in Spinal Cord Injury,COMPLETED,NA,INTERVENTIONAL,Spinal Cord Injury,NHS Greater Glasgow and Clyde,OTHER,University of Glasgow,BCI-FES; Passive muscle stimulation,DEVICE,2013-05-08,2013.0,United Kingdom
NCT06915324,Transcranial Direct Current Stimulation for Post Treatment Lyme Disease,RECRUITING,NA,INTERVENTIONAL,Post-Treatment Lyme Disease,Columbia University,OTHER,Steven & Alexandra Cohen Foundation,Transcranial Direct Current Stimulation (tDCS); Cognitive training,"BEHAVIORAL,DEVICE",2025-07-14,2025.0,United States
NCT01005524,Brain Computer Interface for Communication in ICU: a Feasibility Study,COMPLETED,NA,OBSERVATIONAL,Tetraplegia; Guillain-Barre Syndrome,University of Versailles,OTHER,,,,2010-01,2010.0,France
NCT06426602,mindBEAGLE: Unlocking Functional Communication for Patients With Disorders of Consciousness,ENROLLING_BY_INVITATION,NA,INTERVENTIONAL,Disorders of Consciousness,Amy Wagner,OTHER,The Beckwith Institute,mindBEAGLE daily device use,DEVICE,2024-10-01,2024.0,United States
NCT07732868,Effects of a Virtual Reality-based Brain-Machine Interface Protocol in Spinal Cord Injury,ENROLLING_BY_INVITATION,NA,INTERVENTIONAL,"Spinal Cord Injury; Able Bodied; Traumatic Spinal Cord Injuries; Paraplegia, Spinal",José Gabriel da Silva Figueiredo,OTHER,,Brain-Machine Interface,DEVICE,2025-07-22,2025.0,Portugal
NCT04995367,BCI-Based Control for Ankle Exoskeleton T-FLEX: Comparison of Visual and Haptic Feedback With Stroke Survivors,COMPLETED,NA,INTERVENTIONAL,Stroke,Corporación de Rehabilitación Club de Leones Cruz del Sur,OTHER,Colombian School of Engineering Julio Garavito,Implementation of a BCI system integrated to the T-FLEX lower-limb exoskeleton in post-stroke patients.,DEVICE,2021-03-15,2021.0,Chile
NCT03900247,Restore Motor Function Through Robotic Arm Exoskeleton and Brain Computer Interface,UNKNOWN,NA,INTERVENTIONAL,Amyotrophic Lateral Sclerosis,University of Aarhus,OTHER,"Aalborg University; The Danish National Rehabilitation Center for Neuromuscular Diseases; Bioservo Technologies AB, Sweden; Aarhus University Hospital",REMAP EEG based BCI and SEM-Glove BioServo,DEVICE,2019-03-18,2019.0,Denmark
NCT04380649,Development and Test of a Headset for BCI Until Obtaining an Efficient and Comfortable System That Can be Used in Daily Practice by ALS People,ACTIVE_NOT_RECRUITING,NA,INTERVENTIONAL,Amyotrophic Lateral Sclerosis; Motor Neuron Disease; Spinal Cord Diseases; Alternative Communication Devices; Neurodegenerative Diseases; Nervous System Diseases; Neuromuscular Diseases,Centre Hospitalier Universitaire de Nice,OTHER,,New headset prototype,DEVICE,2023-02-13,2023.0,France
NCT01661894,Effectiveness of a Brain-Computer Interface Based System for Cognitive Enhancement in the Normal Elderly,COMPLETED,PHASE1,INTERVENTIONAL,Alzheimer's Disease; Mild Cognitive Impairment; Age-Related Cognitive Decline; Dementia,Duke-NUS Graduate Medical School,OTHER,"Agency for Science, Technology and Research; National University of Singapore; Singapore Clinical Research Institute; Singapore General Hospital",BrainPalTM,DEVICE,2012-04,2012.0,Singapore
NCT02011399,Brain Computer Interfaces (Mu Rhythm Learning),TERMINATED,NA,OBSERVATIONAL,Mobility Impairments,University of Michigan,OTHER,,Brain Computer Interface for Mu Rhythm,PROCEDURE,2011-02,2011.0,United States
NCT06406855,Brain-Controlled Spinal Stimulation Walking Therapy After Incomplete Spinal Cord Injury (SCI),RECRUITING,NA,INTERVENTIONAL,Spinal Cord Injuries,University of Miami,OTHER,United States Department of Defense,BCI-TSCS,OTHER,2024-05-07,2024.0,United States
NCT07374276,BCI With Virtual Reality for Stroke Rehabilitation: A Crossover Study,RECRUITING,NA,INTERVENTIONAL,Stroke,Technical University of Lisbon,OTHER,Centro de Medicina de Reabilitação de Alcoitão,Motor Imagery-based Brain-Computer Interface coupled with Virtual Reality (MI-BCI-VR); Motor Imagery-based Brain-Computer Interface (MI-BCI),DEVICE,2026-01-05,2026.0,Portugal
NCT07244484,Closed-Loop Neurofeedback Targeting the Left Dorsolateral Prefrontal Cortex for Cardiac Autonomic Modulation in Coronary Artery Disease With Anxiety,RECRUITING,NA,INTERVENTIONAL,Coronary Heart Disease (CHD); Anxiety Disorders,Shenyang Medical College,OTHER,The Second Hospital of Shenyang Medical College,Real-time fNIRS-based neurofeedback,DEVICE,2025-11-23,2025.0,China
NCT04188132,EEG Based BCI for Upper Limb Rehabilitation in Stroke,UNKNOWN,NA,INTERVENTIONAL,Stroke Sequelae; Brain Ischemia,University of Houston,OTHER,,EEG -BCI based Feedback for rehabilitation,OTHER,2019-11-05,2019.0,United States
NCT00786032,A Clinical Demonstration of EEG Brain-computer Interface for ALS Patients,COMPLETED,NA,OBSERVATIONAL,ALS (Amyotrophic Lateral Sclerosis),US Department of Veterans Affairs,FED,New York State Department of Health,BCI Device,DEVICE,2011-09,2011.0,United States
NCT07525609,Neurofeedback-Guided BCI Motor Imagery for Upper-Limb Recovery in Chronic Stroke,COMPLETED,NA,INTERVENTIONAL,Stroke; Upper Limb Rehabilitation,CESPU-Escola Superior de Tecnologias da Saúde de Tâmega e Sousa,OTHER,ICVS - Life and Health Sciences Research Institute,Motor imagery-based training - Real Neurofeedback; Motor imagery-based training - Sham Neurofeedback,OTHER,2012-03,2012.0,
NCT07109830,Utilizing an EEG-Based BCI Game to Evaluate Cognitive Skills in Children With Motor Impairments,RECRUITING,NA,OBSERVATIONAL,Children With Motor Impairments,University of Alberta,OTHER,,Cognitive assessment; NEPSY-II,DIAGNOSTIC_TEST,2025-11-11,2025.0,Canada
NCT07441122,Enhancing Attention in Elderly Using a Brain-Computer-Interface,RECRUITING,NA,INTERVENTIONAL,Mild Cognitive Impairment (MCI),University of Texas at Austin,OTHER,,transcranial electrical stimulation; Mindfulness Meditation,"BEHAVIORAL,DEVICE",2026-07-01,2026.0,United States
NCT07326423,Mental Imagery Therapy for Autism (MITA) - an Early Intervention Computerized Language Training Program for Children With Autism,ENROLLING_BY_INVITATION,NA,INTERVENTIONAL,ASD,"ImagiRation, LLC",INDUSTRY,,Mental Imagery Therapy for Autism (MITA); General executive function,BEHAVIORAL,2021-09-01,2021.0,Brazil
NCT07698496,Evaluation of the Feasibility and Efficacy of a Chronic Brain-computer Interface for Speech Rehabilitation in Patients With Locked-in-syndrome (LIS),NOT_YET_RECRUITING,NA,INTERVENTIONAL,Locked in Syndrome; ALS (Amyotrophic Lateral Sclerosis),"University Hospital, Grenoble",OTHER,Centre Hospitalier Universitaire de Saint Etienne; Hôpital Raymond Poincaré; Centre Hospitalier Universitaire de Nīmes; Commissariat A L'energie Atomique; INSERM U1216 Grenoble Institut des Neurosciences; IRMage; Locked-in syndrome association; CEA-Clinatec; ALS Association,Chronic speech BCI,DEVICE,2026-10-10,2026.0,France
NCT07327710,Non-Invasive Brain-Computer Interface Combined With Transcranial Electrical Stimulation for Peripheral Facial PalsyStimulation in the Treatment of Peripheral Facial Palsy,ENROLLING_BY_INVITATION,NA,INTERVENTIONAL,Peripheral Facial Palsy; Pulsed Radiofrequency; Brain-Computer Interface; Transcranial Direct Current Stimulation,Nanjing Medical University,OTHER,,Brain-Computer Interface （BCI）; Pulsed Radiofrequency （PRF）; Standard Therapy,"OTHER,PROCEDURE",2025-11-30,2025.0,China
NCT03813290,A Neuro-Technological Intervention for Adolescents With GAD,RECRUITING,NA,INTERVENTIONAL,Generalised Anxiety Disorder,"National Healthcare Group, Singapore",OTHER_GOV,Duke-NUS Graduate Medical School; Singapore General Hospital; Nanyang Technological University,Neuro-technological Intervention,DEVICE,2020-12-08,2020.0,Singapore
NCT00912041,BrainGate2: Feasibility Study of an Intracortical Neural Interface System for Persons With Tetraplegia,RECRUITING,NA,INTERVENTIONAL,Tetraplegia; Spinal Cord Injuries; Amyotrophic Lateral Sclerosis; Brain Stem Infarctions; Locked in Syndrome; Muscular Dystrophy,"Leigh R. Hochberg, MD, PhD.",OTHER,National Institute on Deafness and Other Communication Disorders (NIDCD); US Department of Veterans Affairs; National Institute of Neurological Disorders and Stroke (NINDS),Placement of the BrainGate2 sensor(s) into the motor-related cortex,DEVICE,2009-05,2009.0,United States
NCT06365554,On-Premise and Remote Robotic Neurointervention,UNKNOWN,NA,INTERVENTIONAL,Cerebrovascular Disease,"Remedy Robotics, Inc.",INDUSTRY,Unity Health Toronto,Remedy Robot,DEVICE,2024-06-01,2024.0,
NCT03221374,Mind-body Awareness Training and Brain-computer Interface,COMPLETED,NA,INTERVENTIONAL,Healthy Subjects,Carnegie Mellon University,OTHER,,Mindfulness Based Stress Reduction,BEHAVIORAL,2016-09-01,2016.0,United States
NCT02074722,Brain-Computer Interface and Mind-Body Awareness Training,COMPLETED,NA,OBSERVATIONAL,Healthy Subjects,University of Minnesota,OTHER,,,,2014-03,2014.0,United States
NCT06285175,REINVENT: A Brain and Muscle Computer Interface for Stroke,COMPLETED,NA,INTERVENTIONAL,Stroke,University of Southern California,OTHER,,Tele-REINVENT,OTHER,2021-06-01,2021.0,United States
NCT06432907,StereoEEG Motor Neuronal Potentials Decoding,RECRUITING,NA,INTERVENTIONAL,Drug Resistant Epilepsy; Brain-Computer Interfaces,"Research Center of Neurology, Russia",OTHER_GOV,Institute of Higher Nervous Activity and Neurophysiology of RAS,motor tasks,OTHER,2024-06-06,2024.0,Russia
NCT01897818,Communication by Brain - Computer Interface in Amyotrophic Lateral Sclerosis:Feasibility Study,UNKNOWN,NA,INTERVENTIONAL,Amyotrophic Lateral Sclerosis,Centre Hospitalier Universitaire de Nice,OTHER,,communication system P300 Speller,DEVICE,2013-07,2013.0,France
NCT02787200,Identification of Time-invariant EEG Signals for Brain-Computer Interface,UNKNOWN,NA,OBSERVATIONAL,EEG Data Analysis; Healthy Subjects,National Taiwan University Hospital,OTHER,,,,2016-05,2016.0,Taiwan
NCT01287975,Brain Computer Interface (BCI) Technology for Stroke Hand Rehabilitation,COMPLETED,NA,INTERVENTIONAL,Stroke,Tan Tock Seng Hospital,OTHER,Institute for Infocomm Research,Occupational Therapy; BCI Haptic Knob; Haptic Knob,"DEVICE,OTHER",2011-01,2011.0,Singapore
NCT03998930,Evaluation of Consciousness by Brain-computer Interface in Severely Brain Damaged Patients,COMPLETED,NA,INTERVENTIONAL,Traumatic Brain Injury With Prolonged Loss of Consciousness; Stroke; Brain Hypoxia,Centre Hospitalier Universitaire de Nīmes,OTHER,"M2H laboratory, Montpellier University; IMT Mines Alès, Alès, France; University Hospital, Montpellier; Hôpital d'Uzès, Uzès, France; Clinique Fontfroide, Montpellier, France",Clinical evaluation of consciousness by the Coma Recovery Scale Revised (CRS-R),OTHER,2018-03-06,2018.0,France
NCT04612426,the Effectiveness of Brain-computer Interface-pedaling Training System on the Rehabilitation of Stroke,COMPLETED,NA,INTERVENTIONAL,Rehabilitation; Stroke; Brain-computer Interface,First Affiliated Hospital Xi'an Jiaotong University,OTHER,,Brain-computer Interface-Pedaling Training System; Traditional Pedaling Training System,DEVICE,2020-11-01,2020.0,China
NCT01958086,Visuomotor Prosthetic for Paralysis,RECRUITING,NA,INTERVENTIONAL,Quadriplegia,"Richard A. Andersen, PhD",OTHER,"University of California, Los Angeles; Casa Colina Hospital and Centers for Healthcare",Neural Communication System,DEVICE,2013-10-01,2013.0,United States
NCT02445625,BCI (Brain Computer Interface) Intervention in Autism,COMPLETED,NA,INTERVENTIONAL,Autism Spectrum Disorder,University of Coimbra,OTHER,,BCI to train joint attention in ASD,DEVICE,2016-02,2016.0,
NCT06940089,Invasive Brain-Computer Interfaces for Attention,WITHDRAWN,NA,INTERVENTIONAL,Epilepsy in Children; Epilepsy,University of Texas at Austin,OTHER,,Attention Intervention using a customized BCI decoder; Attention Intervention without using a customized BCI decoder,BEHAVIORAL,2025-05-01,2025.0,United States
NCT04419818,A Neuropsychological Test Battery for the Assessment of Time Deficits,COMPLETED,NA,OBSERVATIONAL,Brain Damage; Health Behavior,Istituti Clinici Scientifici Maugeri SpA,OTHER,University of Bologna,Virtual Reality,BEHAVIORAL,2019-02-01,2019.0,Italy
NCT02980380,Brain Computer Interface Complete locked-in State Communication,UNKNOWN,NA,OBSERVATIONAL,Complete Locked-in State,University Hospital Tuebingen,OTHER,,Non-invasive brain computer interface,OTHER,2014-06,2014.0,Germany
NCT06094205,Feasibility of the BrainGate2 Neural Interface System in Persons With Tetraplegia (BG-Speech-02),RECRUITING,NA,INTERVENTIONAL,Anarthria; Dysarthria; Tetraplegia; Spinal Cord Injuries; Amyotrophic Lateral Sclerosis; Brain Stem Infarctions; Locked-in Syndrome; Muscular Dystrophies,"Leigh R. Hochberg, MD, PhD.",OTHER,National Institute on Deafness and Other Communication Disorders (NIDCD),BrainGate Neural Interface System,DEVICE,2023-10-16,2023.0,United States
NCT04626713,An Online Home-based Intervention for Anxiety Regulation,UNKNOWN,NA,INTERVENTIONAL,Anxiety,Duke-NUS Graduate Medical School,OTHER,Nanyang Technological University,Brain-Computer Interface,DEVICE,2021-01-05,2021.0,Singapore
NCT04704427,Rehabilitative BCI in Acute Ischemic Stroke,UNKNOWN,NA,INTERVENTIONAL,"Stroke, Acute","Xuanwu Hospital, Beijing",OTHER,,Non-invasive BCI training; Traditional Physiotherapy protocol,"DEVICE,OTHER",2021-01-16,2021.0,
NCT03098927,Mirror Neuron Network Based Motor Imagery Training to Improve Brain Computer Interface Performance in Spinal Cord Injury Patients,WITHDRAWN,NA,INTERVENTIONAL,Spinal Cord Injuries,The Cleveland Clinic,OTHER,National Aeronautics and Space Administration (NASA); MetroHealth Medical Center,Motor imagery training,BEHAVIORAL,2014-09-01,2014.0,United States
NCT03213561,Stable and Independent Communication Brain-computer Interfaces,TERMINATED,NA,INTERVENTIONAL,Healthy; Tetraplegia; Locked-in Syndrome,Tomislav Milekovic,OTHER,"University of Geneva, Switzerland; Centre Hospitalier Universitaire Vaudois; University Hospital, Geneva; Wyss Center for Bio and Neuroengineering",Stable and Independent Brain-computer Interfaces for Communication,DEVICE,2017-07-11,2017.0,Switzerland
NCT01404494,Testing Devices That Involve the Sense of Touch in Subjects With Traumatic Brain Injury,COMPLETED,NA,OBSERVATIONAL,Traumatic Brain Injury,National Institutes of Health Clinical Center (CC),NIH,,,,2011-04-05,2011.0,United States
NCT02223910,Neurofeedback Training of Alpha-band Coherence After Stroke,COMPLETED,NA,INTERVENTIONAL,Stroke,"University Hospital, Geneva",OTHER,,Neurofeedback training of functional connectivity,PROCEDURE,2014-02,2014.0,Switzerland
NCT07465796,A First-in-Human Study of the CIPHER System During Brain Surgery for Newly Diagnosed Glioma,RECRUITING,NA,INTERVENTIONAL,Glioma; Tumor; Electrocorticography; Brain,Coherence Neuro Australia Pty Limited,INDUSTRY,"Royal Melbourne Hospital, Australia",Electrocorticography for neural recording; Electrocorticography for neural recording and electrical stimulation,DEVICE,2026-05-22,2026.0,Australia
NCT03257982,Patient Self-managed BCI-FES,COMPLETED,NA,INTERVENTIONAL,Spinal Cord Injuries,NHS Greater Glasgow and Clyde,OTHER,University of Glasgow,BCI-FES hand therapy,PROCEDURE,2018-01-25,2018.0,United Kingdom
NCT01880268,Wireless Brain-computer-interface-controlled Neurorehabilitation System for Patients With Stroke,UNKNOWN,NA,INTERVENTIONAL,Cerebrovascular Accident,China Medical University Hospital,OTHER,,BCI-controlled neurorehabilitation device; Standard rehabilitation therapy,"BEHAVIORAL,DEVICE",2013-07,2013.0,Taiwan
NCT00955838,Brain Computer Interface (BCI) Based Robotic Rehabilitation for Stroke,UNKNOWN,NA,INTERVENTIONAL,Stroke,National Neuroscience Institute,OTHER,"Tan Tock Seng Hospital; Institue for Infocomm Research, A*Star",Rehabilitation technique,OTHER,2007-04,2007.0,Singapore
NCT06710626,Control of Assistive Devices Via Brain-Computer Interface Technology,ENROLLING_BY_INVITATION,NA,INTERVENTIONAL,Tetraplegia/Tetraparesis; Amyotrophic Lateral Sclerosis (ALS); Quadriplegia; Spinal Cord Injury (SCI); Spinal Cord Injury Cervical,Neuralink Corp,INDUSTRY,,Assistive Robotic Arm,DEVICE,2024-11-25,2024.0,United States
NCT03698149,ECoG BMI for Motor and Speech Control,RECRUITING,NA,INTERVENTIONAL,ALS; SCI - Spinal Cord Injury; Stroke; Multiple Sclerosis; Muscular Dystrophies,Karunesh Ganguly,OTHER,National Institute on Deafness and Other Communication Disorders (NIDCD),PMT/Blackrock Combination Device,DEVICE,2018-11-09,2018.0,United States
NCT07338994,TENS With Proprioceptive-Visual Training on Gait Parameters in CP,COMPLETED,NA,INTERVENTIONAL,Cerebral Palsy (CP),Cairo University,OTHER,,TENS; 1. Tekscan Walkway system,DEVICE,2025-04-10,2025.0,Egypt
NCT01364480,Microelectrode Brain-Machine Interface for Individuals With Tetraplegia,TERMINATED,NA,INTERVENTIONAL,Tetraplegia; Spinal Cord Injury,Michael Boninger,OTHER,,Implantation of NeuroPort Arrays in the motor cortex,DEVICE,2011-05-01,2011.0,United States
NCT05311878,Non-invasive BCI for Cognitive Enhancement,COMPLETED,NA,INTERVENTIONAL,Healthy Subjects; Neuropsychiatric Disorders,University of Texas at Austin,OTHER,,EEG-based perceptual training; Behavior based perceptual training,DEVICE,2021-01-01,2021.0,United States
NCT06503484,fNIRS-BCI Neurofeedback in Stroke Rehabilitation,RECRUITING,NA,INTERVENTIONAL,Stroke,The Hong Kong Polytechnic University,OTHER,RWTH Aachen University,Brain-computer interface; Sham brain-computer interface,DEVICE,2024-12-12,2024.0,Hong Kong
NCT02552368,Treatment of Chronic Stroke With IpsiHand,COMPLETED,NA,INTERVENTIONAL,Stroke,Washington University School of Medicine,OTHER,,IpsiHand Device,DEVICE,2012-08,2012.0,United States
NCT06944834,A Study on the Safety and Functionality of the Implantable Wireless Brain-Computer Interfaces for Motor Rehabilitation,NOT_YET_RECRUITING,NA,INTERVENTIONAL,Quadriplegia; Amputations; Spinal Cord Injuries (SCI); Brainstem Stroke,"Shanghai StairMed Technology Co., Ltd.",INDUSTRY,,Implant,DEVICE,2025-04,2025.0,China
NCT07020312,Brain-Computer Interface Visualization Training to Optimize Muscle Activation Following Orthopaedic Surgery,RECRUITING,PHASE2,INTERVENTIONAL,Anterior Cruciate Ligament Reconstruction; Total Hip Arthroplasty (THA); Total Knee Arthroplasty; Hip Arthroscopy,Rush University Medical Center,OTHER,,Visualization training with neurofeedback; Standard post-surgical rehabilitation therapy,OTHER,2025-08-14,2025.0,United States
NCT04376138,Longitudinal Validation of Neurofeedback in Stroke Motor Rehabilitation Through Brain Imaging,COMPLETED,NA,INTERVENTIONAL,Stroke,Universidade da Madeira,OTHER,"Serviço de Saúde da Região Autónoma da Madeira (SESARAM), E.P.E.",BCI intervention; Conventional Therapy,OTHER,2019-08-17,2019.0,Portugal
NCT01953614,Effects of Chiropractic Adjustments on Brain Function Using Quantitative Encephalography,COMPLETED,NA,INTERVENTIONAL,Brain Function,Life University,OTHER,,Chiropractic adjustment; Sham adjustment,OTHER,2013-06,2013.0,United States
NCT01344044,Brain-Computer Interface (BCI) Based Intervention for Attention Deficit Hyperactivity Disorder (ADHD),COMPLETED,"PHASE2,PHASE3",INTERVENTIONAL,Attention Deficit Hyperactivity Disorder,"National Healthcare Group, Singapore",OTHER_GOV,"Duke-NUS Graduate Medical School; Agency for Science, Technology and Research; Singapore Clinical Research Institute",BCI,DEVICE,2011-01,2011.0,Singapore
NCT07720882,"A Clinical Study of a Fully Implanted, Wireless and Functional BCI for Upper-Limb Functional Replacement in Tetraplegia Due to Spinal Cord Injury: Efficacy and Safety",RECRUITING,NA,INTERVENTIONAL,Spinal Cord Injury,"NeuroXess Technology (shanghai) Co.,Ltd.",INDUSTRY,Huashan Hospital,"""Triple-F"" BCI",DEVICE,2026-07-07,2026.0,China
NCT07457645,Safety and Efficacy of High-Channel Implanted BCI for Motor Function Improvement in Tetraplegia Patients,NOT_YET_RECRUITING,NA,INTERVENTIONAL,Tetraplegic Motor Dysfunction Following Brainstem or Spinal Cord Injury,Shanghai Zhongshan Hospital,OTHER,,Invasive BCI,OTHER,2026-05-15,2026.0,China
NCT00802490,Effectiveness of a Electroencephalogram (EEG) Biofeedback for the Treatment of ADHD,COMPLETED,NA,INTERVENTIONAL,Attention Deficit Hyperactivity Disorder,"National Healthcare Group, Singapore",OTHER_GOV,Institute for Infocomm Research; Duke-NUS Graduate Medical School,Brain-Computer Interface System; Brain-Computer Interface System,DEVICE,2008-05,2008.0,Singapore
NCT03482310,Restoring High Dimensional Hand Function to Persons With Chronic High Tetraplegia,COMPLETED,NA,INTERVENTIONAL,Spinal Cord Injuries; Tetraplegia; Quadriplegia,VA Office of Research and Development,FED,Case Western Reserve University,Using the Neuroport cortical recording array to determine the desired grasp pattern for a functional electrical stimulation (FES) system,DEVICE,2018-06-01,2018.0,United States
NCT07025694,Exercise Training Among Children With Cerebral Palsy to Increase Health and Well-being - A Feasibility Study,RECRUITING,NA,INTERVENTIONAL,Children With Cerebral Palsy Who Are Ambulant; Cerebral Palsy GMFCS-ER I-II,Lund University,OTHER,,A eHealth application on a computer tablet contected to a secure severer with an interface on a computer to deliver exercise interventions.; A eHealth application on a computer tablet contected to a secure severer with an interface on a computer to deliver exercise interventions; Moderate Intensity Continues Training; High intensity interval training,"DEVICE,OTHER",2025-05-01,2025.0,Sweden
NCT04815486,Transcranial Magnetic Stimulation and Mental Representation Techniques for the Treatment of Stroke Patients,COMPLETED,NA,INTERVENTIONAL,Stroke,Universidad Francisco de Vitoria,OTHER,Hospital Beata María Ana,Repetitive Transcranial Magnetic Stimulation (rTMS); Motor Imagery (MI) through a Brain-Computer Interface (BCI) training platform in Virtual Reality (VR) with NeuRow,DEVICE,2021-05-01,2021.0,Spain
NCT04228224,Stroke Rehabilitation Program Based on a Powered Lower Extremity Exoskeleton in Chile,COMPLETED,NA,INTERVENTIONAL,Stroke,Corporación de Rehabilitación Club de Leones Cruz del Sur,OTHER,,"Robot-assisted training with a lower extremity powered exoskeleton (H3 Exoskeleton, Spain); Conventional gait rehabilitation","BEHAVIORAL,DEVICE",2019-07-01,2019.0,Chile
NCT01964261,Sensory Motor Transformations in Human Cortex,RECRUITING,NA,INTERVENTIONAL,Quadriplegia,"Richard A. Andersen, PhD",OTHER,"University of Southern California; Rancho Los Amigos National Rehabilitation Center; University of Colorado, Denver",Neural Prosthetic System 2 (NPS2),DEVICE,2013-11-01,2013.0,United States
NCT05665998,Brain Controlled Spinal Cord Stimulation in Participants With Cervical Spinal Cord Injury for Upper Limb Rehabilitation,RECRUITING,NA,INTERVENTIONAL,Cervical Spinal Cord Injury; Tetraplegia,Ecole Polytechnique Fédérale de Lausanne,OTHER,,ARC-BSI Cervical system,DEVICE,2023-05-22,2023.0,Switzerland
NCT02325947,Efficacy of Hand Exoskeleton Controlled by BCI in Post Stroke Patients,COMPLETED,NA,INTERVENTIONAL,Poststroke/CVA Paresis,Russian Academy of Medical Sciences,OTHER,Pirogov Russian National Research Medical University,"hand exoskeleton, brain-computer interface (BCI),; hand exoskeleton, sham BCI",DEVICE,2015-01,2015.0,Russia
NCT07357428,Connect-One: Early Feasibility Study of Connexus® Brain-Computer Interface (BCI),RECRUITING,NA,INTERVENTIONAL,Amyotrophic Lateral Sclerosis; Neuromuscular Disease; Stroke; Tetraplegia/Tetraparesis; Cervical Spinal Cord Injury; Dysarthria,Paradromics,INDUSTRY,"University of Michigan; University of California, Davis; Massachusetts General Hospital",Connexus Brain-Computer Interface,DEVICE,2026-03-31,2026.0,United States
NCT07537530,Gait Rehabilitation in Stroke Patients Using Functional Electrical Stimulation and Visual Feedback,COMPLETED,NA,INTERVENTIONAL,Stroke,g.tec medical engineering GmbH,INDUSTRY,,recoveriX; Control,DEVICE,2025-06-03,2025.0,Austria
NCT05936619,"MindEx: A Novel, Multifocal, Cognitive Brain-Machine Interface System",RECRUITING,NA,INTERVENTIONAL,Paralysis; Quadriplegic,Nader Pouratian,OTHER,,Mind Extender (MindEx),DEVICE,2026-02-20,2026.0,United States
NCT07768930,BCI-Guided Tibialis Anterior FES for Gait Training in Spinal Cord Injury,ACTIVE_NOT_RECRUITING,NA,INTERVENTIONAL,Spinal Cord Injury,Santos Dumont Institute,OTHER,Coordination for the Improvement of Higher Education Personnel; Conselho Nacional de Desenvolvimento Científico e Tecnológico,Ankle Dorsiflexion Rehabilitation,OTHER,2024-11-01,2024.0,Brazil
NCT01894802,Cortical Recording and Stimulating Array Brain-Machine Interface,RECRUITING,NA,INTERVENTIONAL,Tetraplegia; Spinal Cord Injury; Brainstem Stroke; Brachial Plexus Injury; Above Elbow Amputation,Michael Boninger,OTHER,University of Chicago; Carnegie Mellon University; Northwestern University; Sinai Health System,Implantation of CRS Arrays,DEVICE,2013-12-01,2013.0,United States
NCT06417437,Non-invasive BCI and Application Verification for Depressed People,RECRUITING,PHASE4,INTERVENTIONAL,Depression; Major Depressive Disorder; Bipolar Depression,Shanghai Mental Health Center,OTHER,The Fourth People's Hospital of Chengdu; Shanghai Jiao Tong University School of Medicine; University of Electronic Science and Technology of China; East China Normal University,SSRI; rTMS; Neuro-Feedback; Game Regulation,"BEHAVIORAL,DEVICE,DRUG",2023-07-01,2023.0,China
NCT07214974,Mild Cognitive Impairment Community Screening and Early Intervention Via Stem Cell Therapy and Wearable Brain Computer Interface Device.,NOT_YET_RECRUITING,EARLY_PHASE1,INTERVENTIONAL,Mild Cognitive Impairment (MCI); Early Stages of Cognitive Decline; Alzheimer's Disease Dementia; Alzheimer's Disease Diagnosis; Alzheimer's Disease and Related Dementias; Parkinson's Disease; Parkinson's Disease (PD); Parkinson's Disease With Wearing-off Motor Fluctuations; Dementia (Diagnosis); Dementia MCI (Mild Cognitive Impairment),"Noah Tech, Corp.",INDUSTRY,,Structured wellness care; Wearable brain-computer interface devices; Stem Cell Therapy - Experimental; Control - Placebo Comparator,"BEHAVIORAL,BIOLOGICAL,DEVICE,OTHER",2026-09-01,2026.0,United States
NCT02791425,Brain Computer Interface for Communication in Ventilated Patients,TERMINATED,NA,INTERVENTIONAL,Mechanical Ventilation; Nonverbal Communication; Intratracheal Intubation; Critical Illness,University of Michigan,OTHER,Michigan Institute for Clinical and Health Research (MICHR),Brain Computer Interface (BCI) device; Communication picture board,"DEVICE,OTHER",2017-03-01,2017.0,United States
NCT05439655,Acute Recording of Stereotyped High-Frequency Oscillations,ACTIVE_NOT_RECRUITING,NA,INTERVENTIONAL,Epilepsy,Mayo Clinic,OTHER,Baylor College of Medicine; CorTec GmbH; National Institute of Neurological Disorders and Stroke (NINDS),Brain Interchange System,DEVICE,2021-09-01,2021.0,United States
NCT02618135,Brain-Computer Interface-based Programme for the Treatment of ASD/ADHD,COMPLETED,NA,INTERVENTIONAL,Attention Deficit Hyperactivity Disorder; Autism Spectrum Disorders,Duke-NUS Graduate Medical School,OTHER,"Institute of Mental Health, Singapore; Agency for Science, Technology and Research",Intervention Group; Control Group,OTHER,2016-05,2016.0,Singapore
NCT05343130,Efficacy of a Brain-Computer Interface Controlled Functional Electrical Stimulation Therapy for Spinal Cord Injury Neurorehabilitation,RECRUITING,NA,INTERVENTIONAL,Cervical Spinal Cord Injury,Instituto Nacional de Rehabilitacion,OTHER_GOV,Instituto Tecnologico y de Estudios Superiores de Monterey,Brain-Computer Interface; Sham Brain-Computer Interface,DEVICE,2022-08-01,2022.0,Mexico
NCT07538063,Nursing Students' Brain/MS Immersive Three-Dimensional Learning Activity,ACTIVE_NOT_RECRUITING,NA,INTERVENTIONAL,Multiple Sclerosis,Hunter College of City University of New York,OTHER,,The immersive 360-degree educational video; The slideshow (PowerPoint) educational presentation,OTHER,2020-07-01,2020.0,United States
NCT06538506,ANIMATOR - RehUP BCI Controlled Robotic Therapy vs. an Attention-based Control,NOT_YET_RECRUITING,PHASE2,INTERVENTIONAL,Chronic Stroke,University of Calgary,OTHER,VIBRAINT Inc.,RehUp BCI Intervention; Control Therapy,"DEVICE,OTHER",2024-08,2024.0,Canada
NCT05183152,Non-invasive BCI-controlled Assistive Devices,RECRUITING,NA,INTERVENTIONAL,Motor Disorders; Healthy; Spinal Cord Injuries; Muscular Diseases; Motor Neuron Disease; Stroke; Traumatic Brain Injury; Movement Disorders; Multiple Sclerosis,University of Texas at Austin,OTHER,,NMES Feedback; Visual Feedback; TESS,DEVICE,2021-06-16,2021.0,United States
NCT06243952,Brain Controlled Spinal Cord Stimulation In Participants With Spinal Cord Injury For Lower Limb Rehabilitation,ACTIVE_NOT_RECRUITING,NA,INTERVENTIONAL,Spinal Cord Injuries; Paraplegia,Ecole Polytechnique Fédérale de Lausanne,OTHER,,ARC-BSI Lumbar system,DEVICE,2024-05-03,2024.0,Switzerland
NCT02488031,Functional and Structural Imaging and Motor Control in Spinocerebellar Ataxia,COMPLETED,NA,INTERVENTIONAL,Spinocerebellar Ataxia,University of Florida,OTHER,National Institute of Neurological Disorders and Stroke (NINDS); University of South Florida,"Error-reduction; International Cooperative Ataxia Rating Scale; Scale for the Assessment and Rating of Ataxia; Beck Depression Inventory, 2nd Ed; Stroop; Purdue Pegboard; Brief Test of Attention; 6-minute Walk; Hand Grip Dynamometer; Montreal Cognitive Assessment; Physical Performance Function; Biomechanical Assessments of Dysmetria; Neurophysiological assessment of brain activity; Biomechanical gait analysis",BEHAVIORAL,2016-03,2016.0,United States
NCT03034902,Detection of Area of Ischemia in Patients With Subacute Stroke Via a Hybrid EEG-fNIRS Brain-computer Interface,TERMINATED,NA,INTERVENTIONAL,Stroke,"The University of Texas Health Science Center, Houston",OTHER,University of Houston,Combined EEG and fNIRS,DEVICE,2017-02-09,2017.0,United States
NCT07521930,Interfacing With NeuroTechnology to Expand Neural Throughput (INTENT),RECRUITING,NA,INTERVENTIONAL,"Tetraplegia/Tetraparesis; Amyotrophic Lateral Sclerosis (ALS); Muscular Disorders, Atrophic; Brain Stem Stroke; Spinal Cord Injuries (SCI); Muscular Dystrophies; Muscular Atrophy, Progressive; Pontine Hemorrhage; Pontine Infarction",Johns Hopkins University,OTHER,"Blackrock Neurotech; JHU Applied Physics Laboratory; Kennedy Krieger Institute, Baltimore, MD",INTENT Neural Interface System,DEVICE,2026-08,2026.0,United States
NCT07553416,"Prospective, Randomized, Parallel-Controlled Study of Brain Computer Interface Integrated Robotic Mirror Therapy for Post-Stroke Upper Limb Motor Function Disorder",NOT_YET_RECRUITING,NA,INTERVENTIONAL,Ischemic Stroke; Intracranial Haemorrhage; Brain-Computer Interfaces; Rehabilitation Exercise,Beijing Tiantan Hospital,OTHER,,Brain computer interface-robotic mirror therapy,DEVICE,2026-05-01,2026.0,China
NCT07081308,Brain-computer Interface With Plantar Pneumoorthoses for Post-stroke Rehabilitation,RECRUITING,NA,INTERVENTIONAL,Stroke,"Research Center of Neurology, Russia",OTHER_GOV,Pirogov Russian National Research Medical University; Institute of Higher Nervous Activity and Neurophysiology of RAS,NIRS-BCI-pneumoorthesis,DEVICE,2024-10-05,2024.0,Russia
NCT03567213,Investigation on the Cortical Communication (CortiCom) System,RECRUITING,NA,INTERVENTIONAL,Tetraplegia; Locked-in Syndrome; Brainstem Stroke; Amyotrophic Lateral Sclerosis,Johns Hopkins University,OTHER,National Institute of Neurological Disorders and Stroke (NINDS),Surgical implantation of CortiCom system,DEVICE,2021-12-14,2021.0,United States
NCT06898138,Acute Stimulation and Modulation of Stereotyped High-Frequency Oscillations,NOT_YET_RECRUITING,NA,INTERVENTIONAL,Epilepsy,Mayo Clinic,OTHER,National Institute of Neurological Disorders and Stroke (NINDS); Baylor College of Medicine; CorTec GmbH,Brain Interchange System,DEVICE,2026-11-01,2026.0,United States
NCT04468919,Optimizing BCI-FIT: Brain Computer Interface - Functional Implementation Toolkit,COMPLETED,NA,INTERVENTIONAL,Amyotrophic Lateral Sclerosis; Brainstem Stroke; Muscular Dystrophies; Parkinson's Disease and Parkinsonism; Multiple System Atrophy; Brain Tumor Adult; Spinal Cord Injuries; Locked-in Syndrome,Oregon Health and Science University,OTHER,,BCI-FIT multi-modal access; BCI-FIT adaptive signal modeling; BCI-FIT active querying; BCI-FIT language modeling,BEHAVIORAL,2022-07-15,2022.0,United States
NCT02608840,Auditory Stimulation of Slow Wave Sleep and Memory in Mild Cognitive Impairment and Older Adults,COMPLETED,NA,INTERVENTIONAL,Mild Cognitive Impairment,Northwestern University,OTHER,,Auditory stimulation during sleep; Sham Intervention,OTHER,2015-07,2015.0,United States
NCT04123808,IpsiHand System for Rehabilitation of the Arm and Hand After Stroke,WITHDRAWN,NA,INTERVENTIONAL,Stroke; Hemiparesis,Columbia University,OTHER,"Neurolutions, Inc.",IpsiHand Treatment,DEVICE,2019-12-02,2019.0,
NCT05115149,The Study of a Neural Interface and a Neurostimulation in the Rehabilitation of Upper Limb Movement Impairments.,UNKNOWN,NA,INTERVENTIONAL,Stroke; Spinal Cord Injuries,Skolkovo Institute of Science and Technology,OTHER,"Samara State Medical University; Samara Regional Clinical Hospital V.D. Seredavin; Kazan Federal University; Far Eastern Federal University; EirMED Rehabilitation Center; Pavlov Institute of Physiology, Russian Academy of Science; IT Universe LLC; VIBRAINT RUS LLC",VIBRAINT RehUp robotic orthosis; tSCS during the exercise; tSCS prior to the exercise; Neostim-5; Exercise,"DEVICE,PROCEDURE",2021-10-01,2021.0,Russia
NCT04039178,Efficacy of EMF BCI Based Device on Acute Stroke,TERMINATED,NA,INTERVENTIONAL,Acute Stroke,BrainQ Technologies Ltd.,INDUSTRY,,BQ; Sham,DEVICE,2018-09-04,2018.0,India
NCT06992596,UAE-PRIME: A Feasibility Study of a Precise Robotically Implanted Brain-Computer Interface for the Control of External Devices,RECRUITING,NA,INTERVENTIONAL,Tetraplegia/Tetraparesis; Quadriplegia; Quadriplegia/Tetraplegia; Cervical Spinal Cord Injury; Amyotrophic Lateral Sclerosis (ALS); Spinal Cord Injury (Quadraplegia); Spinal Cord Injury; Motor Neuron Disease; Brain Stem Stroke,Neuralink Corp,INDUSTRY,Cleveland Clinic Abu Dhabi,N1 Implant; R1 Robot,DEVICE,2025-05-09,2025.0,United Arab Emirates
NCT04876170,Reward Circuit Modulation Via fMRI-informed-EEG-based Musical Neurofeedback,UNKNOWN,NA,INTERVENTIONAL,Healthy,Tel-Aviv Sourasky Medical Center,OTHER_GOV,Tel Aviv University; McGill University,Brain-computer-interface: EEG-based musical Neurofeedback task,OTHER,2020-07-10,2020.0,Israel
NCT05670522,Transcranial Direct Current Stimulation Versus Virtual Reality on Gait in Children With Spastic Diplegia,COMPLETED,NA,INTERVENTIONAL,Cerebral Palsy,Beni-Suef University,OTHER,Shirley Ryan AbilityLab; Cairo University,Transcranial direct current stimulation; Virtual reality,DEVICE,2020-11-11,2020.0,Egypt
NCT07325370,Cardiac Autonomic and Anxiety Regulation Via Closed-loop nEurofeedback in Recurrent Pregnancy Loss,RECRUITING,NA,INTERVENTIONAL,Recurrent Pregnancy Loss; Anxiety,Shenyang Medical College,OTHER,,Right DLPFC fNIRS-BCI closed-loop neurofeedback (real feedback); Right DLPFC fNIRS-BCI neurofeedback (sham feedback),DEVICE,2025-12-29,2025.0,China
NCT01117727,Sensorimotor Rhythm Brain-Computer Interface Switch to Operate Assistive Technology,TERMINATED,"PHASE1,PHASE2",INTERVENTIONAL,Healthy,University of Michigan,OTHER,Eunice Kennedy Shriver National Institute of Child Health and Human Development (NICHD),Brain Computer Interface Switch,DEVICE,2011-01,2011.0,United States
NCT06533969,Assessment of Neural Signals for the Control of Assistive Devices,RECRUITING,NA,INTERVENTIONAL,"Spinal Cord Injury (SCI), Initial Encounter",University of Miami,OTHER,,Epidural Spinal Cord Stimulation; Electrocorticographic; Electroencephalographic,"DEVICE,PROCEDURE",2024-09-06,2024.0,United States
NCT06179745,BCI Driving FES and Hand Orthosis for Upper Limb Rehabilitation in Chronic Stroke,UNKNOWN,NA,INTERVENTIONAL,"Stroke, Cerebrovascular; Hemiplegia and Hemiparesis; Stroke/Brain Attack",University of Essex,OTHER,Azienda Sanitaria dell'Alto Adige; Landeskrankenhaus Hochzirl,EEG-based brain-computer interface; Sham EEG-based brain-computer interface; Functional Electrical Stimulation; Active hand orthosis,"COMBINATION_PRODUCT,DEVICE",2022-03-14,2022.0,Italy
NCT05637775,DiSCIoser: Improving Arm Sensorimotor Functions After Spinal Cord Injury Via Brain-Computer Interface Training,COMPLETED,NA,INTERVENTIONAL,Spinal Cord Injuries; Motor Disorders,I.R.C.C.S. Fondazione Santa Lucia,OTHER,University of Roma La Sapienza,EEG-based BCI system for (hands) Motor Imagery training; Control - MI intervention,OTHER,2022-11-15,2022.0,Italy
NCT02507895,Effect of Brain-Computer Interfaced-Assisted Motor Imagery for Gait Retraining in Stroke Patients,COMPLETED,NA,INTERVENTIONAL,Stroke,"National University Hospital, Singapore",OTHER,"National University Health System, Singapore; Agency for Science, Technology and Research",MI-BCI,DEVICE,2013-10,2013.0,Singapore
NCT03889353,Brain Computer Interface and Virtual Reality (BCI-VR) for Pain Treatment,COMPLETED,NA,INTERVENTIONAL,Neuropathic Pain,Nantes University Hospital,OTHER,Fondation Apicil,BCI sessions,DEVICE,2019-05-09,2019.0,France
NCT01123148,A P300 Brain Computer Interface to Operate Power Wheelchair Tilt,COMPLETED,NA,INTERVENTIONAL,Healthy; Amyotrophic Lateral Sclerosis,University of Michigan,OTHER,Eunice Kennedy Shriver National Institute of Child Health and Human Development (NICHD),Using a BCI to control wheelchair tilt,DEVICE,2010-01,2010.0,
NCT07610850,Brain-controlled Spinal Cord Stimulation in Participants With Chronic Stroke for Lower and Upper Limb Rehabilitation,RECRUITING,NA,INTERVENTIONAL,Stroke; Hemiplegia,Ecole Polytechnique Fédérale de Lausanne,OTHER,,ARC-BSI Stroke system,DEVICE,2026-09-01,2026.0,Switzerland
NCT00718458,EEG-Based Brain-Computer Interface Project for Individuals With Amyotrophic Lateral Sclerosis (ALS),COMPLETED,NA,OBSERVATIONAL,Amyotrophic Lateral Sclerosis; Neurodegenerative Disease; Motor Neuron Disease,Drexel University College of Medicine,OTHER,MDA/ALS Center of Hope,,,2007-08,2007.0,United States
NCT07225582,Development of Optimal Sensory Feedback Strategies to Maximize Function After Tetraplegia,RECRUITING,NA,INTERVENTIONAL,Spinal Cord Injury Cervical; Spinal Cord Injuries (Complete and Incomplete),Case Western Reserve University,OTHER,University Hospitals Cleveland Medical Center; Cleveland Clinic Lerner Research Institute; Eunice Kennedy Shriver National Institute of Child Health and Human Development (NICHD),Brain Computer Interface (BCI) - Functional Electrical Stimulation (FES) system,DEVICE,2026-01-13,2026.0,United States
NCT02323061,Brain Computer Interface（BCI） System for Stroke Rehabilitation,COMPLETED,NA,INTERVENTIONAL,Stroke,Chinese University of Hong Kong,OTHER,,BCI using EEG signals,PROCEDURE,2015-05-01,2015.0,Hong Kong
NCT07533903,Functional Outcomes and Control Using Synchron BCI - Australia,RECRUITING,NA,INTERVENTIONAL,"Neurologic Disorder; Neurologic Diseases; MND (Motor Neurone DIsease); Motor Neuron Disease; Motor Neuron Disease, Amyotrophic Lateral Sclerosis; Paralysis Arm; Paralysis","Synchron, Inc.",INDUSTRY,,Stentrode,DEVICE,2026-05-22,2026.0,Australia
NCT06990412,A Clinical Trial to Evaluate the Safety and Efficacy of an Implantable Wireless Brain-Computer Interface（BCI）System NEO in Patients With Tetraplegia,NOT_YET_RECRUITING,NA,INTERVENTIONAL,Tetraplegia; Spinal Cord Injuries (SCI),"Neuracle Medical Technology(Shanghai) Co.,Ltd.",INDUSTRY,"Huashan Hospital; Xuanwu Hospital, Beijing; The First Affiliated Hospital with Nanjing Medical University; First Affiliated Hospital of Fujian Medical University; Beijing Tiantan Hospital; Henan Provincial People's Hospital; West China Hospital; Affiliated Hospital of Nantong University; The General Hospital of Eastern Theater Command; Peking University Third Hospital; Xiangya Hospital of Central South University; Tongji Hospital",NEO,DEVICE,2025-05-20,2025.0,China
NCT07760116,Robotic Exoskeleton Gait Training With and Without Brain-Computer Interface Control After Stroke,COMPLETED,NA,INTERVENTIONAL,"Stroke; Hemiparesis; Gait Disorders, Neurologic",Taichung Veterans General Hospital,OTHER,,Conventional exoskeleton gait training; BCI-controlled exoskeleton gait training,DEVICE,2025-01-01,2025.0,Taiwan
NCT04421365,Brain-Computer Interfaces in Laryngeal Dystonia,RECRUITING,NA,INTERVENTIONAL,Laryngeal Dystonia,Kristina Simonyan,OTHER,,neurofeedback brain-computer interface (BCI),DEVICE,2022-04-18,2022.0,United States
NCT04071587,Brain Computer Interface Training After Stroke,COMPLETED,NA,INTERVENTIONAL,Stroke,University of Aarhus,OTHER,Hammel Neurorehabilitation Centre and University Research Clinic; Sygekassernes Helsefond,Brain Computer Interface training; Control,"BEHAVIORAL,DEVICE",2019-08-26,2019.0,Denmark
NCT06511934,Feasibility of the BrainGate2 Neural Interface System in Persons With Tetraplegia (BG-Tablet-01),RECRUITING,NA,INTERVENTIONAL,Brainstem Stroke; ALS; Tetraplegia; Spinal Cord Injuries; Cervical Spinal Cord Injury,"Leigh R. Hochberg, MD, PhD.",OTHER,Brown University; Stanford University; National Institute on Deafness and Other Communication Disorders (NIDCD),BrainGate Neural Interface System,DEVICE,2024-07-22,2024.0,United States
NCT05810220,Investigating Auditory Processing in the Users of Auditory Brainstem and Cochlear Implants,RECRUITING,NA,INTERVENTIONAL,Deafness,NYU Langone Health,OTHER,Cochlear Americas,Electrode-Neural Interface,DEVICE,2018-12-02,2018.0,United States
NCT06069362,Predictors of Response to Manual Physiotherapy Using Somatosensory Profiles in Patients With Cervicobrachial Pain,RECRUITING,NA,INTERVENTIONAL,Cervical Radicular Pain; Cervical Radiculopathy; Cervical Pain,University of Deusto,OTHER,University of the Basque Country (UPV/EHU); Matia Foundation; Osakidetza,Manual physiotherapy and neurodynamic exercises,OTHER,2023-04-20,2023.0,Spain
NCT07637565,Artificial Intelligence-based Dietary Care System,NOT_YET_RECRUITING,NA,INTERVENTIONAL,AI Care Device,National Taiwan University Hospital,OTHER,,Artificial Intelligence-based Dietary Care System; Routine Care,"DEVICE,OTHER",2026-07-01,2026.0,Taiwan
NCT07110688,"Novel Multimodal Neural, Physiological, and Behavioral Sensing and Machine Learning for Mental States",RECRUITING,NA,INTERVENTIONAL,No Condition; Study Mental State in Healthy Populations and Drug-resistant Epilepsy Patients With Existing iEEG,University of Southern California,OTHER,National Institute of Mental Health (NIMH),Virtual human social interaction; Cold pressor test,BEHAVIORAL,2024-08-01,2024.0,United States
NCT03581448,Virtual Neuroprosthesis: Restoring a Sense of Touch to Amputees,COMPLETED,NA,INTERVENTIONAL,Amputation,Florida Atlantic University,OTHER,University of Utah; National Institute for Biomedical Imaging and Bioengineering (NIBIB),Sensory Restoration During Prosthesis Control,BEHAVIORAL,2017-10-15,2017.0,United States
NCT05724173,Feasibility of the BrainGate2 Neural Interface System in Persons With Tetraplegia,RECRUITING,NA,INTERVENTIONAL,Anarthria; Dysarthria; Tetraplegia; Spinal Cord Injuries; Amyotrophic Lateral Sclerosis; Brain Stem Infarctions; Locked in Syndrome; Muscular Dystrophies,"Leigh R. Hochberg, MD, PhD.",OTHER,National Institute on Deafness and Other Communication Disorders (NIDCD),BrainGate Neural Interface System,DEVICE,2023-10-18,2023.0,United States
NCT03899558,The Role of HNHF to Improve Clinical Outcomes Following Severe AECOPD,COMPLETED,NA,INTERVENTIONAL,Chronic Obstructive Pulmonary Disease,Guy's and St Thomas' NHS Foundation Trust,OTHER,,Humidified nasal high-flow device,DEVICE,2019-06-17,2019.0,United Kingdom
NCT05212714,taVNS to Reduce PTSD Symptoms in WTC Responders,COMPLETED,NA,INTERVENTIONAL,"Stress Disorders, Post-Traumatic",Northwell Health,OTHER,,taVNS,DEVICE,2022-03-31,2022.0,United States
NCT07466264,Contactless Human-Machine-Interface Based on Magnetometers for Consumer Applications,COMPLETED,NA,INTERVENTIONAL,Healthy Adult,Robert Bosch GmbH,INDUSTRY,,Magnetoencephalography using quantum-based magnetometers,DEVICE,2024-06-21,2024.0,Germany
NCT05400486,Comparison of the Additional Effects of Using TENS and Interferential Currents for the Treatment of Individuals With Chronic Nonspecific Neck Pain.,COMPLETED,NA,INTERVENTIONAL,Neck Pain; Chronic Pain,University of Nove de Julho,OTHER,,Therapeutic exercise; Therapeutic exercise group + high frequency TENS; Therapeutic exercise group + Interferential,OTHER,2022-07-30,2022.0,Brazil
NCT01171261,Testing Health Games for Adolescent Physical Activity,COMPLETED,NA,INTERVENTIONAL,Sedentary Lifestyle,"University of California, San Diego",OTHER,,Health Games Field Trial,BEHAVIORAL,2008-05,2008.0,United States
NCT04302259,"Intelligent Spine Interface, Clinical (ISI-C)",COMPLETED,NA,INTERVENTIONAL,Spinal Cord Injury,Rhode Island Hospital,OTHER,US Department of Veterans Affairs; Brown University; Intel Corporation,Intelligent Spine Interface,DEVICE,2021-09-01,2021.0,United States
NCT06795464,Effectiveness of Immersive Virtual Reality on Biomarkers and Clinical and Clinimetric Variables in Patients With Persistent Shoulder Pain,COMPLETED,NA,INTERVENTIONAL,Shoulder Pain,Universidad Francisco de Vitoria,OTHER,,Immersive Virtual Reality; Exercise,"DEVICE,PROCEDURE",2025-03-01,2025.0,Spain
NCT04562168,Using AI as a Diagnostic Decision Support Tool to Help the Diagnosis of Skin Disease in Primary Healthcare in Catalonia,COMPLETED,NA,INTERVENTIONAL,Skin Diseases,Fundacio d'Investigacio en Atencio Primaria Jordi Gol i Gurina,OTHER,iDoc24; Institut Català de la Salut,Autoderm® dermatology search engine (ML model) testing,DIAGNOSTIC_TEST,2021-01-15,2021.0,Spain
NCT05249049,Osseointegrated Transtibial Prosthesis With Neural Interface,UNKNOWN,NA,INTERVENTIONAL,Amputation,Massachusetts Institute of Technology,OTHER,Brigham and Women's Hospital; Integrum,e-OPRA Implant System for Transtibial Amputees,DEVICE,2021-11-03,2021.0,United States
NCT07214896,Deployment and Evaluation of Humanoid Robotics in Coalition-Aligned Clinical Care Settings,ENROLLING_BY_INVITATION,PHASE2,INTERVENTIONAL,Mobility Impairment; Clinical Workflow Optimization; Sanitation Protocol Compliance; ESG-linked Healthcare Robotics Deployment,"Truway Health, Inc.",INDUSTRY,,"Skin Cell Dip; Stem Cell Dip; Wage Token Distribution; ESG Compliance Monitoring, Operational protocol","BEHAVIORAL,BIOLOGICAL,OTHER",2025-10-06,2025.0,Germany; Japan; United States
NCT04947462,Proprioceptive Sensorimotor Integration With Neural Interfaces for Hand Prostheses,RECRUITING,NA,INTERVENTIONAL,Upper Limb Amputees,VA Office of Research and Development,FED,,Chronically Implanted Neural and Muscular Interface,DEVICE,2021-12-01,2021.0,United States
NCT05023642,Training-induced Muscle Strength and Its Role in Interface Pressure in Inelastic Compression,COMPLETED,NA,INTERVENTIONAL,Resistance Training,Pró Circulação®,OTHER,,resistance training,OTHER,2021-05-03,2021.0,Brazil
NCT06160882,Powered Prosthesis for Use With TF Osseointegration Recipients,RECRUITING,NA,INTERVENTIONAL,Amputation,Shirley Ryan AbilityLab,OTHER,Northwestern University; Northwestern Memorial Hospital,Powered Prosthesis Training and EMG data collection; Perform Osseointegration (OI) surgery and Targeted Muscle Reinnervation (TMR),"OTHER,PROCEDURE",2024-01-01,2024.0,United States
NCT04290377,Upper Extremity Rehabilitation Training Using Brain-Machine Interface Biofeedback in Stroke Patients With Hemiplegia,TERMINATED,NA,INTERVENTIONAL,Stroke; Hemiplegia,Seoul National University Bundang Hospital,OTHER,,BMI-assisted motor imagery OT; Motor imagery OT,"DEVICE,OTHER",2020-02-25,2020.0,South Korea
NCT03886168,Pediatric Image-Guided Cochlear Implant Programming,COMPLETED,NA,INTERVENTIONAL,Cochlear Implant,Vanderbilt University Medical Center,OTHER,National Institute on Deafness and Other Communication Disorders (NIDCD),Signal processing intervention of a biomedical device,OTHER,2019-06-30,2019.0,United States
NCT01464736,Noninvasive Ventilation on Chronic Obstructive Pulmonary Disease (COPD) Patient Functionality,COMPLETED,NA,INTERVENTIONAL,Chronic Obstructive Pulmonary Disease (COPD),Universidade Federal de Sao Carlos,OTHER,,physical training,OTHER,2006-01,2006.0,Brazil
NCT07190287,Wearable Neural Interfacing System for REM Sleep Restoration and Enhancement,COMPLETED,NA,INTERVENTIONAL,"Sleep Disturbance; Stress, Psychological; REM Sleep Measurement",University of Texas at Austin,OTHER,,NEUSleeP system (FUS-EEG wearable device); BrainSonix Pulsar 1002,DEVICE,2025-07-15,2025.0,United States
NCT05175690,Evaluation of the AudibleHealth Dx AI/ML-Based Dx SaMD Using FCV-SDS in the Diagnosis of COVID-19 Illness,COMPLETED,NA,OBSERVATIONAL,COVID19,"AudibleHealth AI, Inc.",INDUSTRY,"University of South Florida; R. P. Chiacchierini Consulting, LLC; Analytic Solutions Group; Renaissance Worldwide Solutions, LLC; Medical & Regulatory Affairs Specialists, LLC",Diagnostic Software as Medical Device,DIAGNOSTIC_TEST,2022-01-10,2022.0,United States
NCT06342518,"ESWT in Lateral Epicondylitis: Clinical,Ultrasonographic Evaluation",COMPLETED,NA,INTERVENTIONAL,Lateral Epicondylitis; Tennis Elbow,Istanbul Medeniyet University,OTHER,,"Extracorporeal Shock Wave Therapy (ESWT); Sham ESWT; Resting Splint , Exercises and ice","BEHAVIORAL,DEVICE",2020-12-01,2020.0,Turkey (Türkiye)
NCT07683689,Improving Cochlear Implant Outcomes Through Modeling and Programming Strategies Based on Human Inner Ear Pathology,NOT_YET_RECRUITING,NA,INTERVENTIONAL,Deafness,Massachusetts Eye and Ear Infirmary,OTHER,,Everyday Clinical Listening Program (Control); ENI-Based Experimental Program 1; ENI-Based Experimental Program 2,DEVICE,2026-07-30,2026.0,
NCT04578327,Investigation of Embodiment for Upper Limb Amputees,WITHDRAWN,NA,INTERVENTIONAL,Amputation,VA Office of Research and Development,FED,,Prosthetic hand; Peripheral Nerve Interface,"DEVICE,PROCEDURE",2025-06-02,2025.0,United States
NCT04142736,PRone positioN in Patients With spontanEous ventiLation and Acute Hypoxemic respIratory FailurE,SUSPENDED,NA,INTERVENTIONAL,Respiratory Failure With Hypoxia; Respiratory Failure Without Hypercapnia,Corporacion Parc Tauli,OTHER,,Prone Position,OTHER,2022-02-07,2022.0,Spain
NCT05743114,Sounds Locked to ElectroEncephalogram Phase For the Acceleration of Sleep Onset Time,COMPLETED,NA,INTERVENTIONAL,Sleep; Sleep Disturbance,"Elemind Technologies, Inc.",INDUSTRY,,Elemind Neuromodulation (ENMod),DEVICE,2020-02-02,2020.0,United States
NCT05327387,Model-based Electrical Brain Stimulation,RECRUITING,NA,INTERVENTIONAL,Medication Refractory Epilepsy Patients With Electrodes Already Implanted Based on Clinical Criteria for Standard Monitoring,University of Southern California,OTHER,"University of California, San Francisco; National Institute of Mental Health (NIMH)",model-based electrical brain stimulation,OTHER,2022-02-08,2022.0,United States
NCT07238920,Closed-Loop Neurofeedback Targeting the Right Dorsolateral Prefrontal Cortex for Cardiac Autonomic Modulation in Coronary Artery Disease With Anxiety,RECRUITING,NA,INTERVENTIONAL,Coronary Heart Disease (CHD); Anxiety Disorders,Shenyang Medical College,OTHER,The Second Hospital of Shenyang Medical College,Real-time fNIRS-ECG neurofeedback,DEVICE,2025-11-19,2025.0,China
NCT06829212,Research on Wireless Brain Implant System for General Control of External Devices,RECRUITING,NA,INTERVENTIONAL,Complete or Incomplete Paraplegia/quadriplegia; Spinal Cord Injury; Brainstem Stroke; Amyotrophic Lateral Sclerosis; Bilateral Upper Limb Amputation,"Shanghai StairMed Technology Co., Ltd.",INDUSTRY,Huashan Hospital,WRS,DEVICE,2025-03,2025.0,China
NCT07696988,PNS to Improve Vascular Function and Limb Health in Veterans,NOT_YET_RECRUITING,NA,INTERVENTIONAL,Lower Limb Amputees; Diabetes,VA Office of Research and Development,FED,Case Western Reserve University,Chronically Implanted Neural and Muscular Interface; Peripheral Nerve Stimulation (PNS),DEVICE,2026-11-02,2026.0,United States
NCT05345301,Safety and Feasibility of eGlove,COMPLETED,NA,INTERVENTIONAL,Stroke,Shirley Ryan AbilityLab,OTHER,,Event related desynchronization measurement,DIAGNOSTIC_TEST,2022-03-28,2022.0,United States
NCT02983370,Development of a Cortical Visual Neuroprosthesis for the Blind,RECRUITING,NA,INTERVENTIONAL,Blindness,Universidad Miguel Hernandez de Elche,OTHER,Hospital IMED Elche,Minicraniotomy,PROCEDURE,2019-10-01,2019.0,Spain
NCT04634383,A Phase I Feasibility Study of an Intracortical Visual Prosthesis (ICVP) for People With Blindness,RECRUITING,NA,INTERVENTIONAL,"Ocular Injury; Optic Nerve Diseases; Photoreceptor Degeneration; Blindness,Acquired",Illinois Institute of Technology,OTHER,National Institute of Neurological Disorders and Stroke (NINDS); Rush University Medical Center; The Chicago Lighthouse; The University of Texas at Dallas; University of Chicago; Johns Hopkins University,WFMA - wireless floating microelectrode array,DEVICE,2020-08-20,2020.0,United States
NCT01198964,Optimization of Human Cortical Stimulation,UNKNOWN,NA,OBSERVATIONAL,Epilepsy; Brain Injury,University of Washington,OTHER,,Low-level cortical stimulation,PROCEDURE,2010-09,2010.0,United States
NCT01590264,rTMS Bimodal Treatment For Tinnitus: A Pilot Study,COMPLETED,NA,INTERVENTIONAL,Tinnitus,Washington University School of Medicine,OTHER,,Bimodal rTMS,DEVICE,2012-05,2012.0,United States
NCT01190709,Study of Tibial Shaft Fracture Fixation: Intramedullary Nailing Comparing With Dynamic Compression Plate,COMPLETED,PHASE2,INTERVENTIONAL,Tibial Shaft Fracture,Isfahan University of Medical Sciences,OTHER,,Dynamic Compression Plate; Unreamed intramedullary nailing,PROCEDURE,2008-10,2008.0,Iran
NCT06842095,Investigating the Effects of Transcranial Stimulation to Advance Stroke Rehabilitation,RECRUITING,NA,INTERVENTIONAL,Stroke; Upper Limb Function,University of Oxford,OTHER,,Transcranial Alternating Current Stimulation (beta-tACS); Transcranial Alternating Current Stimulation (sham),OTHER,2025-02-01,2025.0,United Kingdom
NCT03946267,Infracyanine Green vs Brilliant Blue G in Macular Hole Inverted Flap Surgery: A Swept Source OCT Analysis.,COMPLETED,NA,INTERVENTIONAL,Macular Holes,Azienda Ospedaliera Universitaria Policlinico Paolo Giaccone Palermo,OTHER,,Inverted inner limiting membrane flap technique for large full thickness macular holes,DEVICE,2018-01-09,2018.0,Italy
NCT07505784,Transcranial Alternating Current Stimulation in Frontotemporal Dementia,RECRUITING,NA,INTERVENTIONAL,Transcranial Alternating Current Stimulation; Frontotemporal Dementia (FTD),IRCCS Centro San Giovanni di Dio Fatebenefratelli,OTHER,,Transcranial Alternating Current Stimulation; Sham Transcranial Alternating Current Stimulation,DEVICE,2026-02-03,2026.0,Italy
NCT07063836,Management of Multiple Adjacent Extraction Sockets,RECRUITING,NA,INTERVENTIONAL,Dental Implant in Compromised Adjacent Sockets,British University In Egypt,OTHER,,VST; contour augmentation and early implant placement,PROCEDURE,2025-07-14,2025.0,Egypt
NCT05737498,Transcranial Direct Current Stimulation (tDCS) on Working Memory in College Going Students,UNKNOWN,NA,INTERVENTIONAL,Working Memory Deficits,Maharishi Markendeswar University (Deemed to be University),OTHER,,Transcranial direct current stimulation (tDCS),DEVICE,2023-02-28,2023.0,
NCT01006148,Comparison of a Bone Product to Bone Dust in Ossification of Small Calvarial Defects.,WITHDRAWN,PHASE4,INTERVENTIONAL,Metopic Craniosynostosis,University of Missouri-Columbia,OTHER,Zimmer Biomet,Allogenix Plus,BIOLOGICAL,2009-10,2009.0,United States
NCT03111290,Modulating Oscillations and Working Memory in Patients With Subdural Electrodes,WITHDRAWN,NA,INTERVENTIONAL,Working Memory; Epilepsy,"University of North Carolina, Chapel Hill",OTHER,National Institute of Neurological Disorders and Stroke (NINDS),Direct Cortical Stimulation; Direct Cortical Stimulation Sham,DEVICE,2014-01,2014.0,
NCT01430858,Does Vibration Therapy Induce Higher Than Normal Bone Strains and Strain Rates Than Those Experienced During Habitual Daily Activities,COMPLETED,NA,INTERVENTIONAL,Osteoporosis,Sheffield Teaching Hospitals NHS Foundation Trust,OTHER,University of Sheffield,Strain Gauge; Vibration therapy,"DEVICE,OTHER",2011-03,2011.0,United Kingdom
NCT07064590,Effects of Frontopolar TMS in Alcohol Craving,RECRUITING,NA,INTERVENTIONAL,Alcohol Addiction,Goethe University,OTHER,,Transcranial Magnetic Stimulation (TMS),DEVICE,2025-05-16,2025.0,Germany
NCT05111691,Dry Needling Effects on Cortical Excitability,UNKNOWN,NA,INTERVENTIONAL,Low Back Pain,Texas Woman's University,OTHER,University of Texas Southwestern Medical Center; American Academy of Orthopaedic Manual Physical Therapists,Dry needling,PROCEDURE,2022-03-01,2022.0,United States
NCT02521064,Effects of Exclusive Enteral Nutrition on the Microbiome in Pediatric Inflammatory Bowel Disease,COMPLETED,NA,OBSERVATIONAL,Inflammatory Bowel Diseases,McMaster Children's Hospital,OTHER,Canadian Association of Gastroenterology,Exclusive Enteral Nutrition (EEN); Prednisone,"DIETARY_SUPPLEMENT,DRUG",2015-07,2015.0,Canada
NCT04958096,Cortical Stimulation to Treat Obsessive Compulsive Disorder,RECRUITING,NA,INTERVENTIONAL,Obsessive-Compulsive Disorder,"Andrew Moses Lee, MD, PhD",OTHER,,Standard Therapeutic Deep Brain Stimulation; Cortical Stimulation for PFC; Cortical Stimulation for ACC,DEVICE,2021-08-01,2021.0,United States
NCT03089996,Evaluation of Clinical Approaches to Accelerate Orthodontic Tooth Movement,COMPLETED,NA,INTERVENTIONAL,Orthodontic Tooth Movement,Pontifícia Universidade Católica de Minas Gerais,OTHER,Fundação de Amparo à Pesquisa do estado de Minas Gerais,Piezocision; Corticotomy; Control Side; Micro-osteoperforations,"DEVICE,PROCEDURE",2016-07-01,2016.0,Brazil
NCT04205591,Comparative Study Between Porcine and Autologous Cortical Plates,COMPLETED,NA,INTERVENTIONAL,Bone Regeneration,Universidad Complutense de Madrid,OTHER,,split bone block technique,PROCEDURE,2013-05-10,2013.0,
NCT06134921,Effects of Transcranial Electrical Stimulation in Stroke Individuals,COMPLETED,NA,INTERVENTIONAL,Ischemic Stroke; Hemorrhagic Stroke; Chronic Stroke; Subacute Stroke,Mahidol University,OTHER,,transcranial direct current stimulation (Active); transcranial alternating current stimulation (active); transcranial electrical stimulation (sham); Conventional physical therapy program,"DEVICE,OTHER",2023-11-15,2023.0,Thailand
NCT02564419,Brain Machine Interface (BMI) in Subjects Living With Quadriplegia,COMPLETED,NA,INTERVENTIONAL,Spinal Cord Injury,Jonathan Jagid,OTHER,Medtronic,Medtronic Activa PC+S,DEVICE,2015-11,2015.0,United States
NCT07640945,MRI-Guided Accelerated cTBS for Generalized Anxiety Disorder,NOT_YET_RECRUITING,NA,INTERVENTIONAL,Generalized Anxiety Disorder (GAD),Central South University,OTHER,,continuous theta burst stimulation(cTBS),DEVICE,2026-06,2026.0,
NCT03952637,A Phase 1/2 Study of Intravenous Gene Transfer With an AAV9 Vector Expressing Human Beta-galactosidase in Type I and Type II GM1 Gangliosidosis,RECRUITING,"PHASE1,PHASE2",INTERVENTIONAL,Lysosomal Diseases; Gangliosidosis; GM1,National Human Genome Research Institute (NHGRI),NIH,Sio Gene Therapies,AAV9-GLB1; Abdominal ultrasound; Rituximab; Sirolimus; Methylprednisolone; Prednisone; Audiology assessment with ABR; Bone density scan (DEXA); Electrocardiogram (EKG); Echocardiogram; Electroencephalogram (EEG) awake and extended overnight; Laboratory tests; Lumbar puncture; Brain MRI/MRS/fMRI; Neurocognitive testing; Neurology exam; PICC or other Central line placement; Skeletal survey; Skin biopsy; Speech and modified barium swallow study; Ophthalmology exam,"BEHAVIORAL,BIOLOGICAL,DIAGNOSTIC_TEST,DRUG,OTHER,PROCEDURE",2019-08-19,2019.0,United States
NCT04236622,Clinical and Radiographic Evaluation of Dental Implants Installed Between 2004 and 2010,COMPLETED,NA,OBSERVATIONAL,Dental Implant Failed,Universidade Metropolitana de Santos,OTHER,,Periodontal clinical exam,OTHER,2016-01-01,2016.0,Brazil
NCT07239427,Use of Transcranial Direct Current Stimulation (TDCS) in an Active Pain Coping Program for Patients With Fibromyalgia: A Randomized Control Trial.,RECRUITING,NA,INTERVENTIONAL,Fibromyalgia,University of Valladolid,OTHER,,Pain Science Education; Transcranial Direct Current Stimulation; Therapeutic Exercise; Sham Transcranial Direct Current Stimulation,"BEHAVIORAL,DEVICE",2025-12-01,2025.0,Spain
NCT01658748,A Pilot Study of Deep Brain Stimulation of the Amygdala for Treatment-Refractory Combat Post-Traumatic Stress Disorder,WITHDRAWN,NA,INTERVENTIONAL,Post Traumatic Stress Disorder,US Department of Veterans Affairs,FED,VA Greater Los Angeles Healthcare System,Week 0 Medtronic 3387 electrodes/Activa PC amygdala DBS; Week 12 Medtronic 3387 electrodes/Activa PC amygdala DBS,DEVICE,2013-01,2013.0,United States
NCT07306052,Epidural Spinal Cord Stimulation for Restoring Walking in Spinal Cord Injury,RECRUITING,NA,INTERVENTIONAL,Spinal Cord Injuries (SCI),"Second Affiliated Hospital, Zhejiang University, School of Medicine",OTHER,Zhejiang University,Epidural spinal cord stimulation; Rehabilitation Therapy; positron emission tomography-computed tomography (PET-CT); Somatosensory Evoked Potentials (SEPs); Motor Evoked Potentials (MEPs); Diffusion Tensor Imaging (DTI),"PROCEDURE,RADIATION",2025-12-12,2025.0,China
NCT06003309,Frequency and E-field Enhancement of ITBS for Depression (FREED),COMPLETED,NA,INTERVENTIONAL,Major Depressive Disorder,"University of California, San Diego",OTHER,National Institutes of Health (NIH),Transcranial Magnetic Stimulation (TMS) - Fully Individualized iTBS; Transcranial Magnetic Stimulation (TMS) - targeted-iTBS; Transcranial Magnetic Stimulation (TMS) - Standard-iTBS,DEVICE,2023-08-31,2023.0,Australia; United States
NCT04232358,Resistance Training and Injection Treatment for Achilles Enthesopathy,ACTIVE_NOT_RECRUITING,NA,INTERVENTIONAL,Achilles Entesopathy,Bispebjerg Hospital,OTHER,,Corticosteroid injection; Local anesthesia injections,DRUG,2021-05-04,2021.0,Denmark
NCT04922411,Cortical Network Modulation by Subthalamic Nucleus DBS,COMPLETED,NA,INTERVENTIONAL,Parkinson Disease; Deep Brain Stimulation,Washington University School of Medicine,OTHER,National Institute of Neurological Disorders and Stroke (NINDS),STN DBS,DEVICE,2021-04-23,2021.0,United States
NCT04995744,Pectoralis Major Pedicle Bone Graft For 4-Part Proximal Humerus Fractures,COMPLETED,NA,INTERVENTIONAL,Patients With Closed Neer Type 4 Proximal Humerus Fractures,Prof. Dr. Cemil Tascıoglu Education and Research Hospital Organization,OTHER,,Pectoralis Major Pedicle Bone Graft,PROCEDURE,2017-01-01,2017.0,Turkey (Türkiye)
NCT05538416,"Short-term Clinical Outcome of Cortical Bone Trajectory Compared With the Traditional ""Open"" and Minimal Invasive Posterior Lumbar Interbody Fusion",RECRUITING,NA,OBSERVATIONAL,Degenerative Spondylolisthesis; Spondylolytic Spondylolisthesis,Jos M. A. Kuijlen,OTHER,,Posterior Lumbar Interbody Fusion (PLIF),PROCEDURE,2022-09-19,2022.0,Netherlands
NCT07543406,MINDZ-- Minimally Invasive Approach Pilot Study,NOT_YET_RECRUITING,NA,INTERVENTIONAL,Intraoperative Neurophysiological Monitoring,Neurosoft Bioelectronics SA,INDUSTRY,,MINDZ Subdural Electrode Grid,DEVICE,2026-05-01,2026.0,Switzerland
NCT06503523,The Effects of Performing a Motor Imagery Task on Cortical Excitability During Acute Experimental Muscle Pain and Acute Itch,RECRUITING,NA,INTERVENTIONAL,Itch; Pain,Aalborg University,OTHER,,Hypertonic Saline; Histamine; Cowhage; Transcranial magnetic stimulation (TMS),"DEVICE,OTHER",2024-10-01,2024.0,Denmark
NCT04085406,DBS of the SCC for the Treatment of Medically Refractory CLBP,RECRUITING,NA,INTERVENTIONAL,Chronic Low-back Pain,"University of California, Los Angeles",OTHER,National Institute of Neurological Disorders and Stroke (NINDS),Deep Brain Stimulation of the Subgenus Cingulate Cortex,DEVICE,2021-05-01,2021.0,United States
NCT03088592,Electrophysiological Recordings of Deep Brain Stimulation in the Basal Ganglia,COMPLETED,NA,INTERVENTIONAL,Parkinson Disease,"St. Joseph's Hospital and Medical Center, Phoenix",OTHER,Arizona State University,Deep Brain Stimulation,DEVICE,2016-02-01,2016.0,United States
NCT05225597,The Effect of Intracameral Carbachol and Epinephrine on Choroidal Thickness,COMPLETED,NA,INTERVENTIONAL,Epinephrine Toxicity; Cataract; Carbachol Adverse Reaction; Choroid Disease,Ordu University,OTHER,,Intracameral administration of epinephrine and carbachol during cataract surgery,PROCEDURE,2021-01-01,2021.0,Turkey (Türkiye)
NCT06470737,Investigation of Corticospinal Excitability Aspects of Itch and Pain,COMPLETED,NA,INTERVENTIONAL,Itch; Pain,Aalborg University,OTHER,,Hypertonic Saline; Histamine; Cowhage; Transcranial magnetic stimulation (TMS),"DEVICE,OTHER",2024-07-01,2024.0,Denmark
NCT07428460,Accelerated Neuromodulation Therapy for Negative Symptoms of Schizophrenia,RECRUITING,NA,INTERVENTIONAL,Schizophrenia and Predominant Negative Symptoms,Douglas Mental Health University Institute,OTHER,Centre de recherche CERVO; Magnus Medical; Centre de Recherche de l'Institut Universitaire en santé Mentale de Montréal,Neuronavigated Intermittent Theta Burst Stimulation; BEAM-F3 Intermittent theta burst stimulation; Sham Intermittent Theta Burst Stimulation,DEVICE,2026-02-01,2026.0,Canada
NCT02136901,The VENUS Clinical Study (Verifying the Effectiveness of the NUsurface® System),COMPLETED,NA,INTERVENTIONAL,Meniscectomy; Osteoarthritis,Active Implants,INDUSTRY,,NUsurface® Meniscus Implant; NSAID's and Non-surgical Treatment Options; Intra-Articular Injections with Corticosteroids; Intra-Articular Injections with Hyaluronic Acid (HA),"DEVICE,DRUG",2014-06,2014.0,Belgium; France; Germany; Israel; Italy; Netherlands
NCT04719728,Evaluate Audiological Outcome of Cochlear Implant Program in Sohag University Hospital,UNKNOWN,NA,OBSERVATIONAL,"Hearing Loss, Sensorineural, Bilateral",Sohag University,OTHER,,Aided pure tone audiometry,DIAGNOSTIC_TEST,2021-03-01,2021.0,
NCT07267052,Acute Effects of Transcutaneous Electrical Nerve Stimulation at Acupoints on Nociceptive Transmission,RECRUITING,NA,INTERVENTIONAL,Pain Management,China Medical University Hospital,OTHER,,transcutaneous electrical nerve stimulation (TENS); EEG machine,DEVICE,2025-09-05,2025.0,Taiwan
NCT05005858,Modified Ridge Splitting Technique Using Autogenous Bone Blocks (MRS),UNKNOWN,NA,INTERVENTIONAL,Alveolar Bone Resorption; Alveolar Ridge Enlargement,Semmelweis University,OTHER,NSK Europe GmbH; Hungarian Dental Association,Alveolar ridge splitting; Creating osteotomies with piezoelectric device,"DEVICE,PROCEDURE",2019-05-14,2019.0,Hungary
NCT06702904,Evaluation of Neuroprosthesis with Sensory Feedback for Modulation of Phantom Limb Pain and Enhancing Quality of Life,RECRUITING,NA,INTERVENTIONAL,Phantom Limb Pain,Skolkovo Institute of Science and Technology,OTHER,Motorica LLC; The Federal Center of Brain Research and Neurotechnologies,Peripheral Nerve Stimulation; Spinal cord stimulation; Dorsal Root Ganglion Stimulation; Motor Cortex Stimulation,PROCEDURE,2024-12-01,2024.0,Russia
NCT02743208,Evaluation of a Short Femoral Stem in Total Hip Arthroplasty,WITHDRAWN,NA,INTERVENTIONAL,"Osteoarthritis, Hip",St. Olavs Hospital,OTHER,,Short stem hip arthroplasty (SHA); Total hip arthroplasty (THA),DEVICE,2019-09,2019.0,
NCT02709148,State-dependent Pathophysiological Oscillations in Parkinson's Disease and Treatment With Deep Brain Stimulation (DBS),COMPLETED,PHASE1,INTERVENTIONAL,Parkinson's Disease,University of Minnesota,OTHER,,Activa PC+S,DEVICE,2017-07-20,2017.0,United States
NCT03382626,Transcranial Direct Current Stimulation and Computer-based Training for the Traumatic Brain Injury Rehabilitation,UNKNOWN,NA,INTERVENTIONAL,Traumatic Brain Injury,University of Sao Paulo General Hospital,OTHER,,anodal tDCS; Computer-assisted training; sham tDCS,DEVICE,2018-02-19,2018.0,Brazil
NCT03361007,Polish Registry of Common Carotid Artery Access for TAVI,UNKNOWN,NA,OBSERVATIONAL,"Aortic Valve Stenosis; Ventricular Outflow Obstruction, Left",Medical University of Warsaw,OTHER,,Transcatheter Aortic Valve Implantation (TAVI),DEVICE,2018-01-01,2018.0,Poland
NCT04034030,Repeated Oscillatory TMS Therapy of the Epileptogenic Cortical Area in Children With Focal CSWS,COMPLETED,NA,INTERVENTIONAL,CSWS,Children's Mercy Hospital Kansas City,OTHER,The Methodist Hospital Research Institute; Cornell University,Transcranial Magnetic Stimulation,DEVICE,2019-08-01,2019.0,United States
NCT05713721,Sensorimotor Integration in Monogenic Parkinson-dystonia Syndromes,UNKNOWN,NA,OBSERVATIONAL,"Parkinson; Dystonia; DYT3; DYT5; PINK1 Gene Deletion; Dystonia, Familial",University Hospital Schleswig-Holstein,OTHER,Michael J. Fox Foundation for Parkinson's Research,Transcranial magnetic stimulation (TMS); Video-based clinical examination; 24 hours drug withdrawal of dopaminergic medication; Evaluation of deep brain stimulation,"DEVICE,OTHER",2023-01-01,2023.0,Germany
NCT03230799,Comparison of Minimal Invasive Lens Surgery and Traditional Cataract Surgery,UNKNOWN,NA,INTERVENTIONAL,Congenital Cataract,Sun Yat-sen University,OTHER,,minimal invasive lens surgery; traditional cataract surgery,PROCEDURE,2017-07-28,2017.0,China
NCT06588998,"Xengenic Cortical Membranes Versus Connective Tissue Graft With Coronally Advanced Flap for the Treatment of Peri-implant Soft Tissue Dehiscences: A Randomized, Controlled Clinical Trial",RECRUITING,PHASE2,INTERVENTIONAL,Immediate Implant; Connective Tissue Graft,Amr Anwar Mohamed Ellithy Yousef,OTHER,,Xengenic Cortical membranes; connective tissue graft,"DEVICE,PROCEDURE",2024-06-01,2024.0,Egypt
NCT06453759,Thalamic Recordings in Children Undergoing SEEG,RECRUITING,NA,INTERVENTIONAL,Focal Epilepsy,Great Ormond Street Hospital for Children NHS Foundation Trust,OTHER,,"Additional electrodes into bilateral anterior, centromedian and pulvinar thalamic nuclei",PROCEDURE,2025-09-01,2025.0,United Kingdom
NCT07378020,Comparing Between Osseodensification Burs Versus Osteotome in Low Bone Density Areas.,COMPLETED,NA,INTERVENTIONAL,Low Bone Density,Future University in Egypt,OTHER,,Conventional Osteotomy; Densah Bur drilling; osteotome bone condensation,PROCEDURE,2024-01-05,2024.0,Egypt
NCT05105126,Non-invasive Brain Stimulation in Children With Autism,WITHDRAWN,NA,INTERVENTIONAL,Autism Spectrum Disorder; Executive Dysfunction; Child Autism,"Rutgers, The State University of New Jersey",OTHER,New York State Institute for Basic Research; Boston Children's Hospital,Transcranial Direct Current Stimulation (tDCS); Sham tDCS,DEVICE,2022-02-01,2022.0,United States
NCT04778709,Bone Graft Particle Size on Bone Vitality and Volume,TERMINATED,NA,INTERVENTIONAL,Bilateral Sinus Pneumatization; Posterior Maxillary Ridge Atrophy Due to Extraction,NYU College of Dentistry,OTHER,,Puros allograft,DEVICE,2020-11-13,2020.0,United States
NCT07301346,EASEE® System Pivotal Study for the United States of America,NOT_YET_RECRUITING,NA,INTERVENTIONAL,Drug-Resistant Focal Epilepsy,"Precisis US, Inc.",INDUSTRY,,Implantable minimaly invasive brain stimulator; Implantable minimaly invasive brain stimulator,DEVICE,2026-07-01,2026.0,
NCT06272669,Cumulative and Booster Effects of Multisession Prefrontal tDCS in ASD Adolescents,RECRUITING,NA,INTERVENTIONAL,Transcranial Direct Current Stimulation; Autistic Spectrum Disorder; Electroencephalography,The Hong Kong Polytechnic University,OTHER,,Active-tDCS; Sham-tDCS,DEVICE,2022-06-02,2022.0,Hong Kong
NCT04787237,Vetsibular Socket Therapy Versus Buser's Technique,COMPLETED,NA,INTERVENTIONAL,Dental Implant Failed,Cairo University,OTHER,"BioHorizons, Inc.",VST and immediate implants; Buser technique and early implants placement,OTHER,2019-01-30,2019.0,Egypt
NCT06961045,Computer - Guided Inferior Alveolar Nerve Lateralization With Simultaneous Prosthetic Driven Implant Placement Will be Performed on 10 Surgical Sides (Mandibular Quadrants) to Evaluate the Postoperative Neurosensory Disturbances Following Guided Inferior Alveolar Nerve Lateralization,ENROLLING_BY_INVITATION,NA,INTERVENTIONAL,Neurosensory Function of Inferior Alveolar Nerve,"AYMAN M. ARAKEEP, MSc, PhD researcher",OTHER,,Guided Inferior Alveolar Nerve Lateralization with Simultaneous Implant Placement,PROCEDURE,2024-02-21,2024.0,Egypt
NCT07526272,Vestibular Socket Therapy Using Magnesium Membrane Versus Cortical Lamina for Immediate Implant Placement in Type II Extraction Sockets,RECRUITING,NA,INTERVENTIONAL,Immediate Dental Implant in Type 2 Extraction Socket; Vestibular Socket Therapy,Mohamed Adel Alfeky,OTHER,,Immediate implant and VST using cortical lamina.; Immediate implant and VST using Magnesium membrane.,PROCEDURE,2026-03-12,2026.0,Egypt
NCT01877772,Trephination in Arthroscopic Cuff Repair: a Prospective Randomized Controlled,COMPLETED,NA,INTERVENTIONAL,Rotator Cuff Tear,Ottawa Hospital Research Institute,OTHER,Panam Clinic; London Health Sciences Centre; University of Alberta,Bone Trephination; Control,PROCEDURE,2013-06,2013.0,Canada
NCT06408415,A Study of the Higher Cognitive Functions of the Human Brain With Single-neuron Activity Recording,UNKNOWN,NA,OBSERVATIONAL,Cognition,Huashan Hospital,OTHER,Chinese Academy of Sciences,,,2024-06-19,2024.0,China
NCT00655915,Corticosteroid Injection as a Predictor of Outcome in Carpal Tunnel Release,TERMINATED,NA,OBSERVATIONAL,Carpal Tunnel Syndrome,Vanderbilt University,OTHER,,Corticosteroid Injection- 1ml of Betamethasone and 1 ml of 1% Lidocaine,OTHER,2007-12,2007.0,United States
NCT05847426,Improving Early Intervention in Hearing Impaired Children Using Functional Near-Infrared Spectroscopy (fNIRS),RECRUITING,NA,INTERVENTIONAL,Hearing Impairment,The Bionics Institute of Australia,OTHER,,Provision of standard audiological + fNIRS test results; Provision of standard audiological test results only,OTHER,2023-05-02,2023.0,Australia
NCT01596985,Ovarian Endometrioma Ablation Using Plasma Energy Versus Cystectomy,UNKNOWN,PHASE2,INTERVENTIONAL,Ovarian Endometrioma,Plasma Surgical Inc,INDUSTRY,,Ablation using the PlasmaJet system; Cystectomy,PROCEDURE,2010-11,2010.0,France
NCT03997890,Clinical Outcomes of Patients Bilaterally Implanted With the TECNIS® Symfony or TECNIS® Symfony Toric Extended Range of Vision IOL,COMPLETED,NA,INTERVENTIONAL,Cataract,Yonsei University,OTHER,,Cataract surgery with binocular implantation of either Symfony (ZXR00) or Symfony toric (ZXT) IOLs,PROCEDURE,2016-07-13,2016.0,South Korea
NCT05205174,Depth Electrode Detection of Cortical Spreading Depolarization After Traumatic Brain Injury,RECRUITING,NA,INTERVENTIONAL,TBI (Traumatic Brain Injury),University of Minnesota,OTHER,,depth electrodes,DEVICE,2025-04-03,2025.0,United States
NCT07735923,NEUROphysiology of CRACK Use Disorder in ITaly,NOT_YET_RECRUITING,NA,INTERVENTIONAL,Crack Cocaine Use,Azienda Ospedaliera Universitaria Policlinico Paolo Giaccone Palermo,OTHER,Centro di Pronta Accoglienza Dipendenze Patologiche Palermo,EEG-Biofeedback - Scott-Kaiser Protocol,DEVICE,2026-09-01,2026.0,Italy
NCT05613582,The Effectiveness of Transcranial Direct Current Stimulation as Adjunctive Treatment for Chronic Daily Headache in Systemic Lupus Erythematosus,UNKNOWN,NA,INTERVENTIONAL,Systemic Lupus Erythematosus; Chronic Headache,Indonesia University,OTHER,,Transcranial Direct Current Stimulation,DEVICE,2022-11-20,2022.0,
NCT07580183,Spatial Scene Recognition Memory in Epilepsy Surgery,RECRUITING,NA,INTERVENTIONAL,"Focal Epilepsy; Temporal Lobe Epilepsy; Medically Refractory Epilepsy; Memory Disorders; Epilepsy Comorbidities; Epilepsy Intractable; Epilepsy Surgery; Epilepsy, Temporal Lobe; Memory Deficits; Memory Disorder, Spatial; Memory Dysfunction; Spatial Perception","University of California, Davis",OTHER,Emory University,Virtual Tour Recognition Memory Task; Intracranial EEG Recording with Research Electrodes (Aim III only); MRI Neuroimaging and Neuropsychological Assessment (Aim I),"BEHAVIORAL,DEVICE,DIAGNOSTIC_TEST",2024-07-01,2024.0,United States
NCT05260775,Intelligent Evaluation and Supervision of Cataract Surgery,COMPLETED,NA,OBSERVATIONAL,Cataract,Sun Yat-sen University,OTHER,,Evaluation test: cataract surgery steps,OTHER,2019-01-01,2019.0,China
NCT03608228,Invasive Approach to Model Human Cortex-Basal Ganglia Action-Regulating Networks,COMPLETED,NA,OBSERVATIONAL,Parkinson's Disease Patients Undergoing Deep Brain Stimulation (DBS) Surgery,"University of California, Los Angeles",OTHER,"The Cleveland Clinic; University of California, San Francisco; University of California, San Diego; California Institute of Technology; Cedars-Sinai Medical Center",Measuring electrical signals from the brain,OTHER,2016-12-06,2016.0,United States
NCT05731063,Computer Guided Simultaneous Implant Placement With Tri-cortical Ridge Augmentation Using Chin Cortical Bone Struts in Anterior Atrophic Maxilla: A Case Series,UNKNOWN,NA,INTERVENTIONAL,Ridge Augmentation,Cairo University,OTHER,,Computer guided simultaneous implant placement with tri-cortical ridge augmentation using chin cortical bone struts,PROCEDURE,2023-08-27,2023.0,Egypt
NCT03412487,Ovarian Histopathology and Laparoscopic Assessment of Premature Ovarian Failure,UNKNOWN,NA,INTERVENTIONAL,Premature Ovarian Failure,Cairo University,OTHER,,laparoscopy,PROCEDURE,2018-01,2018.0,Egypt
NCT06313229,Simultaneous Implant Placement With Vertical and Horizontal Bone Augmentation,ACTIVE_NOT_RECRUITING,NA,INTERVENTIONAL,Alveolar Bone Loss; Dental Implant Failed,Kafrelsheikh University,OTHER,,implant placement 6 months after ridge augmentation; implant placement Simultaneously with ridge augmentation,PROCEDURE,2024-04-15,2024.0,Egypt
NCT00751712,Cerebral Oximetric Monitoring of the Posterior Circulation,COMPLETED,NA,OBSERVATIONAL,Congenital Heart Disease,Children's Hospitals and Clinics of Minnesota,OTHER,,Cerebral oximeter sensor,DEVICE,2006-05,2006.0,United States
NCT06685328,Minimal Vitrectomy and ILM Flap with Sodium Hyaluronate Gel for MH,ENROLLING_BY_INVITATION,NA,INTERVENTIONAL,Macular Hole; Macular Hole Surgery; Idiopathic Macular Hole; Macular Hole of Left Eye (Disorder); Macular Hole of Right Eye (Disorder),Jie Zhong,OTHER,,minimal posterior pole vitrectomy combined with a sodium hyaluronate gel-covered internal limiting membrane(ILM) flap with balanced saline filling and postoperative supine position; Conventional vitrectomy combined with inner limiting membrane flap flip coverage with sterile air filling and postoperative prone position,PROCEDURE,2024-11-01,2024.0,China
NCT03191812,The Short-term Effects of Noninvasive Electrical Brain Stimulation on Dual Tasking in Older Adults,COMPLETED,NA,INTERVENTIONAL,Aging,Hebrew SeniorLife,OTHER,,transcranial Direct Current Stimulation (tDCS),OTHER,2017-05-26,2017.0,Israel; United States
NCT06644807,Study of Phantom Limb Pain Suppression Using Neuromodulation Methods,RECRUITING,NA,INTERVENTIONAL,Phantom Limb Pain,Skolkovo Institute of Science and Technology,OTHER,Motorica LLC; Federal center of brain research and neurotechnologies,Motor Cortex Stimulation; Spinal cord stimulation; Peripheral Nerve Stimulation; Dorsal Root Ganglion Stimulation,PROCEDURE,2024-09-01,2024.0,Russia
NCT07658898,dACC-Targeted Temporal Interference for Negative and Cognitive Symptoms in Schizophrenia,RECRUITING,NA,INTERVENTIONAL,Schizophrenia Disorder,"Shanghai Pudong New Area Mental Health Center, School of Medicine, Tongji University",OTHER,,Temporal Interference Stimulation; Sham Temporal Interference Stimulation,DEVICE,2026-06-30,2026.0,China
NCT06486311,Assessment of Stability Using Satellite Implant for Immediate Loading in Posterior Mandible,NOT_YET_RECRUITING,NA,INTERVENTIONAL,Novel Implant for Immediate Load in Posterior Mandible,Cairo University,OTHER,,satellite implant,PROCEDURE,2025-12-30,2025.0,Egypt
NCT04797377,Autologous Intraovarian Platelet Rich Plasma Treatment in Women With Poor Ovarian Response,COMPLETED,NA,INTERVENTIONAL,Poor Ovarian Reserve,Nadezhda Women's Health Hospital,OTHER,,Autologous ovarian PRP injection,BIOLOGICAL,2021-03-16,2021.0,Bulgaria
NCT07715851,"Survival, Success, Stability, and Patient Comfort of TADs Placed by Steady Oblique-Angled Versus Two-Step Angulation Insertion Techniques",NOT_YET_RECRUITING,NA,INTERVENTIONAL,Bimaxillary Proclination; Bimaxillary Protrusion,University of Malaya,OTHER,,Temporary Anchorage Device (TAD); Two-step Angulation with Partial Unwinding Technique,DEVICE,2026-08-01,2026.0,Malaysia
NCT05107466,Quantification of Visually Evoked Cortical Potentials in Individuals With Hearing Loss,RECRUITING,NA,OBSERVATIONAL,Sensorineural Hearing Loss; Hearing Loss,Dartmouth-Hitchcock Medical Center,OTHER,Dartmouth College,P300 Visually evoked potential,DIAGNOSTIC_TEST,2023-07-28,2023.0,United States
NCT06763471,Measuring Single Neuron Activity in the Brain,NOT_YET_RECRUITING,NA,INTERVENTIONAL,Neurological Diseases or Conditions,"University College, London",OTHER,Francis Crick Institute,Neuropixels recording intraoperatively during planned neurosurgery,DEVICE,2025-02,2025.0,
NCT07210385,Radiographic and Histomorphometric Assessment of Anterior Horizontal Maxillary Bone Augmentation Using Autogenous and Bovine Sticky Bone Versus Autogenous and Bovine Bone Shell Technique (Khoury): A Randomized Comparative Clinical Trial,ACTIVE_NOT_RECRUITING,NA,INTERVENTIONAL,Maxillary Augmentation in Horizontal Bone Defect,Cairo University,OTHER,,anterior horizontal maxillary bone augmentation using autogenous and bovine sticky bone; anterior horizontal maxillary bone augmentation using autogenous and bovine bone shell technique (khoury),PROCEDURE,2025-07-30,2025.0,Egypt
NCT03689933,Stability of Patient-specific Root-analogue Implants and Conventional Root-form Implants for Treating Non-restorable Single-rooted Maxillary Teeth,UNKNOWN,NA,INTERVENTIONAL,Implant Stability; Root Analog Implant; Conventional Root Form Implant; Non Restorabl Teeth,Cairo University,OTHER,,Root analog implant,DEVICE,2018-11,2018.0,
NCT03849014,Comparison of Biochemical Changes in Patients With Trochanteric Region Fracture Fixation With DHS Versus PFN,COMPLETED,NA,INTERVENTIONAL,Hip Fractures,Kushtrim Grezda,OTHER,University Clinical Centre of Kosova,Dynamic Hip Screw; Proximal Femoral Nail,PROCEDURE,2019-01-01,2019.0,Kosovo
NCT04309682,Evaluation of Implants Placed Without Bone Grafts in Two Different Sinus Floor Elevation Techniques.,COMPLETED,NA,INTERVENTIONAL,Dental Implant Placement,Misr International University,OTHER,,crestal sinus approach technique; Lateral sinus approach,PROCEDURE,2021-12-01,2021.0,Egypt
NCT04170803,Feasibility of Near-infrared Spectroscopy to Measure Cortical Pain Pathway (Brain) Activation During Dry Needling,COMPLETED,EARLY_PHASE1,INTERVENTIONAL,Shoulder Pain; Chronic Pain; Musculoskeletal Injury,Army-Baylor University Doctoral Program in Physical Therapy,OTHER,Brooke Army Medical Center,Dry Needling; Sham Dry Needling,"DEVICE,OTHER",2019-01-08,2019.0,United States
NCT02877576,Single Neurons Responses During Visual Recognition in Epileptic Patients,UNKNOWN,NA,INTERVENTIONAL,Epilepsy,"Central Hospital, Nancy, France",OTHER,,Implantation of mixed intracerebral electrodes; Face detection; Face individualization,"BEHAVIORAL,PROCEDURE",2016-05,2016.0,France
NCT03199391,BioWick SureLock Clinical Outcomes Study,COMPLETED,NA,INTERVENTIONAL,Rotator Cuff Tear,Zimmer Biomet,INDUSTRY,,BioWick SureLock Implant,DEVICE,2017-04-26,2017.0,United States
NCT06642519,Brain-Machine Interface for Freezing of Gait,ENROLLING_BY_INVITATION,NA,INTERVENTIONAL,Parkinson Disease; Freezing of Gait Symptoms in Parkinson&#39;s Disease,University of Toronto,OTHER,,Brain Stimulation,OTHER,2025-04-10,2025.0,Canada
NCT05700526,Customized Bone Allografts by 3D-printing,ENROLLING_BY_INVITATION,NA,INTERVENTIONAL,Musculoskeletal Deformity; Musculoskeletal Diseases; Musculoskeletal Disorder,Istituto Ortopedico Rizzoli,OTHER,University of Bologna,"Planning of multiplanar and/or multifocal osteotomies in children by using VSP, PSIs and customized structural bone allograft; Routine preparation of bone graft according to standard protocols; Preparation of bone graft with virtual bone-matching and GSIs; Corrective osteotomy","DEVICE,PROCEDURE",2022-06-01,2022.0,Italy
NCT05735613,Efficacy of Different Techniques of Crestal Sinus Lifting,COMPLETED,NA,INTERVENTIONAL,Maxillary Sinus Augmentation,Al-Azhar University,OTHER,,osteotome crestal sinus lifting; osseodensification crestal sinus lifting; piezoelectric crestal sinus lifting,PROCEDURE,2020-01-15,2020.0,Egypt
NCT02427672,The Effect of Prefrontal Cortex Stimulation on Antisocial and Aggressive Behavior,COMPLETED,NA,INTERVENTIONAL,Antisocial Behavior; Aggression,University of Pennsylvania,OTHER,,Transcranial direct current stimulation; Sham transcranial direct current stimulation,DEVICE,2015-03,2015.0,United States
NCT02529098,Modification in Cortical Activation in Pseudophakic Patients With Visual Difficulties After a Multifocal Implantation,WITHDRAWN,NA,INTERVENTIONAL,Vision Disorders,"University Hospital, Toulouse",OTHER,,fMRI,OTHER,2015-06,2015.0,France
NCT06132412,Transcranial Direct Current Stimulation in Conjunction With Individualized Physical Therapy for Individuals With Chronic Knee Pain,ACTIVE_NOT_RECRUITING,NA,INTERVENTIONAL,Knee Pain Chronic,University of Illinois at Chicago,OTHER,,transcranial direct current stimulation; physical therapy,"DEVICE,OTHER",2024-06-06,2024.0,United States
NCT02108496,Verifying the Effectiveness of the NUsurface® System,COMPLETED,NA,INTERVENTIONAL,Meniscectomy; Osteoarthritis,Active Implants,INDUSTRY,,NUsurface® Meniscus Implant; NSAID's and Non-surgical Treatment Options; Intra-Articular Injections with Corticosteroids; Intra-Articular Injections with Hyaluronic Acid (HA),"DEVICE,DRUG",2014-07,2014.0,United States
NCT06571968,Accuracy of Computer Guided Four Implants Placement in Completely Edentulous Mandible,COMPLETED,NA,INTERVENTIONAL,Implant Placement,Mansoura University,OTHER,,fully guided stent; semiguided stent,DEVICE,2023-05-14,2023.0,Egypt
NCT07233278,"High-Intensity, Low-Frequency Periodic rTMS Over the Right Dorsolateral Prefrontal Cortex on Cardiac Autonomic Regulation in Women With Recurrent Pregnancy Loss and Anxiety",RECRUITING,NA,INTERVENTIONAL,Recurrent Pregnancy Loss(RPL); Anxiety,Shenyang Medical College,OTHER,,"Rhythmic repetitive transcranial magnetic stimulation (rTMS) at 120% RMT, 1 Hz, 60-s cycles; Sham rhythmic repetitive transcranial magnetic stimulation (rTMS) at 120% RMT, 1 Hz, 60-s cycles",DEVICE,2025-11-19,2025.0,China
NCT05047159,The Role of Neuromodulation Technique In Depression Disorder,UNKNOWN,NA,INTERVENTIONAL,"Depressive Disorder, Major",Shanghai Mental Health Center,OTHER,,rTMS; light therapy; ECT; MST; drug therapy,"DEVICE,DRUG",2022-11-01,2022.0,China
NCT07758829,Motor Cortex Stimulation for Post-Stroke Thalamic Pain,NOT_YET_RECRUITING,NA,INTERVENTIONAL,Central Post-stroke Pain; Stroke; Electric Stimulation Therapy; Multimodal Imaging,Aerospace Center Hospital,OTHER,,Motor Cortex Stimulation (MCS) System,DEVICE,2026-09-01,2026.0,
NCT02180984,The Effects of Repetitive Transcranial Magnetic Stimulation in Obese People With BED,COMPLETED,NA,INTERVENTIONAL,Binge Eating; Obesity,Federal University of São Paulo,OTHER,,TMS,DEVICE,2015-11,2015.0,Brazil
NCT05844358,Cortical Bone Trajectory With Patient Guide,COMPLETED,NA,OBSERVATIONAL,Degenerative Disc Disease,Medacta International SA,INDUSTRY,,MySpine MC,DEVICE,2019-06-26,2019.0,Belgium
NCT00468871,Safety and Efficacy of Fluocinolone Acetonide Intravitreal Implant vs Standardized Therapy,COMPLETED,"PHASE2,PHASE3",INTERVENTIONAL,Non-infectious Uveitis,Bausch & Lomb Incorporated,INDUSTRY,,fluocinolone acetonide intravitreal implant; corticosteroids and immunosuppressants,DRUG,2002-04,2002.0,
NCT06883266,Transcranial Direct Current Stimulation for Motor Function and Fatigue in PD,RECRUITING,NA,INTERVENTIONAL,Parkinsons Disease (PD),Sanford Health,OTHER,,transcranial direct current stimulation (tDCS); Sham (No Treatment),DEVICE,2024-11-11,2024.0,United States
NCT05580302,Cortical Silent Period in Laryngeal Dystonia,UNKNOWN,NA,OBSERVATIONAL,Laryngeal Dystonia; Spasmodic Dysphonia,"University of Split, School of Medicine",OTHER,University Hospital of Split,Transcranial Magnetic Stimulation (TMS),OTHER,2022-10-10,2022.0,Croatia
NCT07752433,Combining Noninvasive Brain Stimulation and Augmented Reality-based Dichoptic Therapy for Treating Amblyopic Adults,RECRUITING,NA,INTERVENTIONAL,Amblyopia; Anisometropic Amblyopia,Polytechnic Institute of Porto,OTHER,University of Coimbra,Active High-Definition Transcranial Direct Current Stimulation; Sham High-Definition Transcranial Direct Current Stimulation; Augmented Reality-Based Dichoptic Therapy,DEVICE,2025-05-01,2025.0,Portugal
NCT04054960,A Trial of tPCS on Parkinson's Disease OFF State,UNKNOWN,NA,INTERVENTIONAL,Parkinson Disease,"Western University, Canada",OTHER,,Active tPCS; Sham tPCS; Levodopa tablet,"DEVICE,DRUG",2019-09,2019.0,Canada
NCT02138123,Intraocular Lens-shell Technique in Phacoemulsification,COMPLETED,NA,INTERVENTIONAL,Cataract; Pseudoaphakia,Sun Yat-sen University,OTHER,National Natural Science Foundation of China,IOL-shell technique; Conventional procedure,PROCEDURE,2011-12,2011.0,China
NCT07236216,"Effects of tES Combined With CMDT Gait Training on Cognition, Cortical Activity, Spinal Motoneuron Excitability and Motor Performance in Stroke Individuals",RECRUITING,NA,INTERVENTIONAL,Hemorrhagic Stroke; Ischemic Stroke; Subacute Stroke; Chronic Stroke Patient,Mahidol University,OTHER,,High-definition transcranial direct current stimulation (Active); High-definition transcranial alternating stimulation (Active); High-definition transcranial electrical stimulation (sham); Cognitive-motor dual task gait training; Conventional Physical therapy,"DEVICE,OTHER",2025-12-20,2025.0,Thailand
NCT04637724,Transcranial Weak Current Stimulation Treatments for Working Memory Dysfunction in Schizophrenia,COMPLETED,NA,INTERVENTIONAL,Schizophrenia; Schizo Affective Disorder,Oded Meiron,OTHER,,transcranial direct current stimulation (tDCS),DEVICE,2019-11-29,2019.0,Israel
NCT06699043,Study of Two Different Putty Bone Grafts in Treatment of Intrabony Defects with the Aid of Intramarrow Penetration Technique,ACTIVE_NOT_RECRUITING,NA,INTERVENTIONAL,Intrabony Defects in Chronic Periodontitis,Afaf Mansour Dao Abdelslam,OTHER,,nanocrystalline hydroxyapatite in putty form; Demineralized Bone Matrix allograft putty,PROCEDURE,2024-06-01,2024.0,Egypt
NCT01780025,Objective Measures in Implantable Hearing Devices,COMPLETED,NA,OBSERVATIONAL,Mixed Hearing Loss,Universitaire Ziekenhuizen KU Leuven,OTHER,"Fund for Scientific Research, Flanders, Belgium",Auditory evoked potentials and audiometry; Auditory evoked potentials,BEHAVIORAL,2012-04,2012.0,Belgium
NCT02712515,The Motor Network in Essential Tremor: Mechanisms of Therapy,COMPLETED,NA,OBSERVATIONAL,Essential Tremor; Parkinson's Disease,University of Florida,OTHER,National Institute of Neurological Disorders and Stroke (NINDS); Medtronic,Deep brain stimulation implantation surgery; Ad-Tech Medical Instrumentation Corp. electrodes/subdural strips; FHC Guideline 4000+ system and/or Medtronic RC+S,"DEVICE,PROCEDURE",2016-03-15,2016.0,United States
NCT02630589,Implantation of an Auditory Brainstem Implant for the Treatment of Incapacitating Unilateral Tinnitus,RECRUITING,NA,INTERVENTIONAL,Tinnitus,University Medical Center Groningen,OTHER,MED-EL Elektromedizinische Geräte GesmbH,Auditory brainstem implant,DEVICE,2016-07,2016.0,Netherlands
NCT05929274,Safety and Efficacy of tDCS in Pediatric DoC,WITHDRAWN,NA,INTERVENTIONAL,Disorder of Consciousness,Giovanna Cristella,OTHER,,tDCS; sham tDCS,DEVICE,2024-01,2024.0,
NCT03237234,Enhancing Corticospinal Activation for Improved Walking Function,COMPLETED,NA,INTERVENTIONAL,Spinal Cord Injuries,"Shepherd Center, Atlanta GA",OTHER,"National Institute on Disability, Independent Living, and Rehabilitation Research",Motor Skill Training; Transcranial direct current stimulation (tDCS),"DEVICE,OTHER",2017-03-01,2017.0,United States
NCT03445039,Clinical Evaluation of Two Types of Transalveolar Sinus Floor Elevation,UNKNOWN,NA,INTERVENTIONAL,Dental Implant; Sinus Floor Augmentation,Peking University,OTHER,,traditional TSFE; bone grafting materials; TSFE by DASK drills; without bone grafting materials,"DEVICE,PROCEDURE",2017-12-02,2017.0,China
NCT05582616,The Safety and Feasibility of tDCS Combined With Conservative Treatment for Cervicogenic Headaches,COMPLETED,NA,INTERVENTIONAL,Cervicogenic Headache,University of Calgary,OTHER,Alberta Health services,Transcranial Direct Current Stimulation; Sham Transcranial Direct Current Stimulation,DEVICE,2022-11-03,2022.0,Canada
NCT02408237,Transcranial Direct Current Stimulation Apparatus for Domiciliary Use,COMPLETED,NA,INTERVENTIONAL,Transcranial Direct Current Stimulation; Healthy Participants,Hospital de Clinicas de Porto Alegre,OTHER,,Active tDCS Ambulatory; Sham tDCS Ambulatory; Active tDCS Home use; Sham tDCS Home use,DEVICE,2017-03-28,2017.0,Brazil
NCT06139432,Catatonia: Effectiveness of Transcranial Direct Current Electrostimulation (CATATOES),UNKNOWN,NA,INTERVENTIONAL,Catatonia,Centre Hospitalier St Anne,OTHER,,Active tDCS; Sham tDCS,DEVICE,2023-12-01,2023.0,France
NCT03115021,Neurophysiological Effects of tPCS and tDCS on Patients With Disorders of Consciousness,COMPLETED,PHASE1,INTERVENTIONAL,Disorders of Consciousness,University of Liege,OTHER,,Active tPCS; Active tDCS; Sham tPCS; Sham tDCS,DEVICE,2018-05-01,2018.0,Belgium
NCT03989193,Evaluation of Marginal Bone Loss Using Computer Guided Ridge Splitting Technique With Simultaneous Implant Placement.,UNKNOWN,NA,INTERVENTIONAL,Marginal Bone Loss; Computer Guided; Ridge Splitting,Cairo University,OTHER,,Computer guided alveolar ridge splitting technique,DEVICE,2019-11-01,2019.0,
NCT05984433,Auricular Acupuncture as Part of Multimodal Analgesia After Lower Leg Fracture,WITHDRAWN,NA,INTERVENTIONAL,"Pain, Postoperative; Fracture, Ankle; Pilon Fracture of Tibia; Foot Fracture",Baylor College of Medicine,OTHER,,Auricular acupuncture,DEVICE,2025-12-11,2025.0,United States
NCT04329884,Use of Cooled Radiofrequency for the Treatment of Hip Pain Associated With Hip OA Compared to Intra-articular Steroid Injections,UNKNOWN,NA,INTERVENTIONAL,"Osteoarthritis, Hip",Brigham and Women's Hospital,OTHER,Rothman Institute Orthopaedics,Cooled RFA treatment with COOLIEF* device; intra-articular corticosteroid injection,"DRUG,PROCEDURE",2019-12-01,2019.0,United States
NCT07415265,Bone Barrier Technique for Compromised Immediate Implants,COMPLETED,NA,OBSERVATIONAL,Immediate Implant With Bone Graft,Shanghai Ninth People's Hospital Affiliated to Shanghai Jiao Tong University,OTHER,,Bone barrier technique,PROCEDURE,2021-04-12,2021.0,China
NCT03105167,Cortical Bone Trajectory Screws vs. Traditional Pedicle Screws Fixation,UNKNOWN,NA,INTERVENTIONAL,Spinal Stenosis Lumbar; Lumbar Disc Herniation; Intervertebral Disc Degeneration,Second Affiliated Hospital of Wenzhou Medical University,OTHER,,cortical bone trajectory screws; pedicle screws,PROCEDURE,2018-05-07,2018.0,China
NCT07410104,tDCS for Social Media Addiction,RECRUITING,NA,INTERVENTIONAL,Social Media Addiction; Craving to Use Social Media; Craving; Internet Addiction,"Egas Moniz - Cooperativa de Ensino Superior, CRL",OTHER,,Transcranial Direct Current Stimulation (tDCS); Sham Transcranial Direct Current Stimulation (Sham tDCS),DEVICE,2026-03,2026.0,Portugal
NCT07044804,Non-Invasive Brain Stimulation to Improve Language in Down Syndrome.,RECRUITING,NA,INTERVENTIONAL,Down Syndrome,Floriana Costanzo,OTHER,Bambino Gesù Children's Hospital IRCCS,Active Group (Active Anodal tDCS to the left IFG or Cathodal tDCS to the left IFG); Sham Group,DEVICE,2025-01-27,2025.0,Italy
NCT02026258,Efficiency of Piezotome-Corticision Assisted Orthodontics,COMPLETED,NA,INTERVENTIONAL,Mandibular Anterior Crowding; Piezocision; Pain Perception,UConn Health,OTHER,,Piezotome-Corticision; Orthodontics,"DEVICE,PROCEDURE",2011-12,2011.0,United States
NCT03192761,The Best Method for ACL Reconstruction.,UNKNOWN,NA,INTERVENTIONAL,Anterior Cruciate Ligament Reconstruction,Lars Konradsen,OTHER,,ACL reconstruction hamstrings; ACL reconstruction patella tendon; ACL reconstruction iliotibial tract,PROCEDURE,2017-02-01,2017.0,Denmark
NCT07200661,"Transcranial Direct Current Stimulation, Functional Activity, Stroke, RCT",COMPLETED,NA,INTERVENTIONAL,"Ischemic Stroke; Hemorrhagic Stroke; Stroke, Cardiovascular",University of Phayao,OTHER,,Experimental A tDCS: Transcranial direct current stimulation.; Experimental B tDCS: Transcranial direct current stimulation.; Experimental C tDCS: Transcranial direct current stimulation.,DEVICE,2024-04-20,2024.0,Thailand
NCT07337070,Chronological Versus Non-chronological Phacoemulsification Training,ACTIVE_NOT_RECRUITING,NA,INTERVENTIONAL,Age-related Cataract,Sohag University,OTHER,,Chronological phacoemulsification training; Non-Chronological phacoemulsification training,PROCEDURE,2023-01-10,2023.0,Egypt
NCT07285525,Accelerating Motor Recovery in Glioma Patients Using Postoperative nrTMS,ACTIVE_NOT_RECRUITING,NA,INTERVENTIONAL,Glioma,Beijing Neurosurgical Institute,OTHER,,transcranial magnetic stimulation (TMS); sham stimulation,DEVICE,2025-04-01,2025.0,China
NCT04940351,Evaluation of the Effectiveness of Piezocision and Micro-osteoperforation in Alleviating Mandibular Anterior Crowding,UNKNOWN,NA,INTERVENTIONAL,Crowding of Anterior Mandibular Teeth,Postgraduate Institute of Dental Sciences Rohtak,OTHER,,GROUP - A: PIEZOCISION GROUP; GROUP- B: MICRO-OSTEOPERFORATION GROUP,PROCEDURE,2021-06-15,2021.0,India
NCT04066270,Inventory of Radiological and Vestibular Function in Cochlear Implant Candidates,UNKNOWN,NA,OBSERVATIONAL,"Hearing Loss, Sensorineural; Bilateral Vestibular Deficiency; DFNA9; Radiology",Jessa Hospital,OTHER,,video nystagmography,DIAGNOSTIC_TEST,2019-09-01,2019.0,Belgium
NCT06249425,Transcranial Direct Current Stimulation Combined With Oral Feeding on Dysphagia,UNKNOWN,NA,INTERVENTIONAL,Stroke,Zeng Changhao,OTHER,,Comprehensive rehabilitation therapy; Intermittent Oro-esophageal Tube Feeding; Transcranial direct current stimulation,"BEHAVIORAL,DEVICE",2024-02-28,2024.0,Taiwan
NCT04192968,Follow-up of Cochlear Implanted Children at 3 Years : Comparison of Electrophysiological and Speech-language Results,COMPLETED,NA,OBSERVATIONAL,Cochlear Implantation,Assistance Publique - Hôpitaux de Paris,OTHER,URC-CIC Paris Descartes Necker Cochin,Cortical auditory evoked potentials; Additional exams,OTHER,2020-01-13,2020.0,France
NCT04204759,Transcranial Direct Current Stimulation and Antisocial Behavior,UNKNOWN,NA,INTERVENTIONAL,Aggression,Nanyang Technological University,OTHER,,Transcranial direct current stimulation; Sham transcranial direct current stimulation,DEVICE,2019-11-03,2019.0,Singapore
NCT07361250,"Subthalamic Nucleus (STN)-Targeted Transcranial Temporal Interference Stimulation (TIS) for Parkinson's Disease: Efficacy and Safety From a Single-Center, Prospective, Double-Blind Randomized Controlled Trial",COMPLETED,NA,INTERVENTIONAL,Parkinson Disease,Tang Zhouping,OTHER,,NervioX-1000,DEVICE,2026-01-20,2026.0,China
NCT00829725,Comparison Study of 3-4-screws-internal Fixation With Multi-screw-system Targon FN for Femoral Neck Fracture,UNKNOWN,PHASE4,INTERVENTIONAL,Femoral Neck Fractures,Sheba Medical Center,OTHER_GOV,,screws-internal fixation; TARGON FN,DEVICE,2009-01,2009.0,Israel
NCT04097184,Efficacy of Dorso-lateral Prefrontal Cortex Stimulation by tDCS in Motor Conversion Disorder Patients,RECRUITING,NA,INTERVENTIONAL,Conversion Disorder,Centre Hospitalier Universitaire de Nīmes,OTHER,,Neurostimulation with non-implanted electrodes,DEVICE,2021-03-05,2021.0,France
NCT03943849,The Use of Dental Pulp Tissue as an Autogenous Graft for Ridge Augmentation,WITHDRAWN,NA,INTERVENTIONAL,Tooth Loss,"The University of Texas Health Science Center, Houston",OTHER,,Particulate bone graft; Autogenous dental pulp tissue; Resorbable collagen membrane; Suture,OTHER,2023-05-01,2023.0,United States
NCT07310238,Dual-Task Improvement in Parkinson's Via rTMS,COMPLETED,NA,INTERVENTIONAL,"Parkinson Disease (PD); Cognition Disorders; Gait Disorders, Neurologic; Dual Task",University of Gaziantep,OTHER,,Active Repetitive Transcranial Magnetic Stimulation (rTMS); Sham Repetitive Transcranial Magnetic Stimulation,DEVICE,2022-11-15,2022.0,Turkey (Türkiye)
NCT03344848,Early Feasibility Study of the Orion Visual Cortical Prosthesis System,ACTIVE_NOT_RECRUITING,NA,INTERVENTIONAL,"Blindness, Acquired",Second Sight Medical Products,INDUSTRY,National Institute of Neurological Disorders and Stroke (NINDS),Orion Visual Cortical Prosthesis System,DEVICE,2017-11-20,2017.0,United States
NCT02407587,Neuroplastic Changes Seen in Cochlear Implants With Preserved Hearing,WITHDRAWN,NA,INTERVENTIONAL,Hearing Loss,Manchester University NHS Foundation Trust,OTHER_GOV,,cochlear implants,DEVICE,2013-05,2013.0,United Kingdom
NCT05886283,Qualitative and Quantitative Endothelium Changes After Cataract Surgery: Ultrasound Phacoemulsification vs Nanolaser Technique,COMPLETED,NA,INTERVENTIONAL,Effect of Cataract Surgery on Corneal Endothelium; About 2 Techniques,University Tunis El Manar,OTHER,,phacoemulsification; utrasound phacoemulsification; nanolaser phacoemulsification,PROCEDURE,2017-03-01,2017.0,Tunisia
NCT02622633,Epidural Stimulation for Resistant Depression Treatment,UNKNOWN,PHASE2,INTERVENTIONAL,Major Depression,University of Brasilia,OTHER,,Epidural Electrode,DEVICE,2016-04,2016.0,Brazil
NCT04787224,Vestibular Socket Therapy (VST) in Infected and Non Infected Sockets,COMPLETED,NA,OBSERVATIONAL,Implant Site Infection,Cairo University,OTHER,"BioHorizons, Inc.",immediate implant with vestibular socket therapy,OTHER,2019-01-15,2019.0,Egypt
NCT06240624,Mapping Levodopa Effects on Cortico-basal Ganglia Circuit Function in Parkinson's Disease,ACTIVE_NOT_RECRUITING,NA,OBSERVATIONAL,Parkinson Disease,Danish Research Centre for Magnetic Resonance,OTHER,Bispebjerg Hospital,No intervention,OTHER,2022-08-15,2022.0,Denmark
NCT07105878,Epidural Electrical Stimulation in Spinal Cord Injury,RECRUITING,NA,INTERVENTIONAL,Spinal Cord Injuries (SCI),"Second Affiliated Hospital, Zhejiang University, School of Medicine",OTHER,,Epidural Electrical Stimulation; Standard Rehabilitation Therapy; positron emission tomography-computed tomography (PET-CT); Diffusion Tensor Imaging (DTI); Somatosensory Evoked Potentials (SEPs); Motor Evoked Potentials (MEPs),"PROCEDURE,RADIATION",2025-03-01,2025.0,China
NCT07111169,Neuromodulation and Attention Deficits in MDD,RECRUITING,NA,INTERVENTIONAL,Major Depression Disorder; Cognitive Deficits; Selective Attention,University of Electronic Science and Technology of China,OTHER,,intermittent theta burst stimulation (iTBS) intervention,DEVICE,2024-01-01,2024.0,China
NCT03559283,fNIRS in the Evaluation of Cognitive-motor Interference in Post-stroke Patients,COMPLETED,NA,INTERVENTIONAL,D020521,"University Hospital, Limoges",OTHER,,Walking and Record Cortical Activity,DIAGNOSTIC_TEST,2018-11-26,2018.0,France
NCT06053554,Outcome of Two Surgical Methods for IOLImplantation in Eyes With Pseudoexfoliation Syndrome,RECRUITING,NA,INTERVENTIONAL,Age Related Cataracts; Pseudoexfoliation Syndrome,Medical University of Vienna,OTHER,,Phakoemulsification; Ziemer Z8 Femtolaser; Kowa Avansee Preset,"DEVICE,PROCEDURE",2023-09-18,2023.0,Austria
NCT00132691,Multicenter Uveitis Steroid Treatment (MUST) Trial,COMPLETED,PHASE4,INTERVENTIONAL,Uveitis,JHSPH Center for Clinical Trials,OTHER,National Eye Institute (NEI),fluocinolone acetonide intraocular implant; oral corticosteroid with immunosuppressive agents as needed,DRUG,2005-09,2005.0,Australia; United Kingdom; United States
NCT02559518,Non-invasive Cerebellar Stimulation on Motor Learning,COMPLETED,NA,INTERVENTIONAL,Healthy,Universidade Federal de Pernambuco,OTHER,,tDCS; tDCS; tDCS; rTMS; rTMS; rTMS; pp-TMS assessment,DEVICE,2015-09,2015.0,Brazil
NCT04124341,PCS in Severe Treatment Resistant Depression,RECRUITING,NA,INTERVENTIONAL,Treatment Resistant Depression,University of Minnesota,OTHER,,Prefrontal Cortical Stimulation (PCS),DEVICE,2021-09-29,2021.0,United States
NCT03713554,Use of Functional Near-infrared Spectroscopy to Investigate Role of Human Auditory Cortex Plasticity and Multi-sensory Integration on Cochlear Implant Performance After Single-sided Deafness,WITHDRAWN,NA,OBSERVATIONAL,Hearing Loss,University of Michigan,OTHER,,FNIRS Observational,PROCEDURE,2025-05,2025.0,
NCT04942223,Guided Bone Regeneration With Custom Made Meshes,COMPLETED,NA,INTERVENTIONAL,"The Presence of Horizontal and Vertical Alveolar Defects in Both Jaws, Inadequate for the Placement of at Least Two Fixtures, Even ≤6 mm Long Ones",University of Bologna,OTHER,,guided bone regeneration,DEVICE,2013-04-09,2013.0,
NCT05587660,Early Functional Outcomes in Unisplaced Neck of Femur Fracture Treated With Partially Threaded and Fully Threaded Cannulated Screw Fixation in Patients of Age 60 and Above,COMPLETED,NA,INTERVENTIONAL,Neck of Femur Fracture,Nishtar Medical University,OTHER,,Fully threaded cannulated screws,PROCEDURE,2021-07-01,2021.0,Pakistan
NCT04585503,"Feasibility Study of Cortical Recording Depolarizations in Brain-injured Patients, and Their Use as Biomarkers of New Lesions.",COMPLETED,NA,INTERVENTIONAL,Brain Lesion; Head Trauma; Subarachnoid Hemorrhage,Hospices Civils de Lyon,OTHER,,Electrode implantation,DEVICE,2021-01-01,2021.0,France
NCT02711527,Activation on LDPC Cortex With Different Acupoints: An fNIRS Study,UNKNOWN,NA,INTERVENTIONAL,Depression,The University of Hong Kong,OTHER,,Acupunture group A; Acupunture group B,OTHER,2016-02,2016.0,Hong Kong
NCT02644070,mp3 vs Apatos in Post-extractive Sockets,COMPLETED,NA,INTERVENTIONAL,Alveolar Bone Loss,Tuscan Dental Institute,OTHER,,alveolar bone preservation with mp3; alveolar bone preservation with apatos; stabilization with membrane,DEVICE,2011-06,2011.0,
NCT04560959,Atlas of Intracranial Recordings on Cortical Responses After Functional tACS,UNKNOWN,"PHASE1,PHASE2",INTERVENTIONAL,Transcranial Alternating Current Stimulation,"Xuanwu Hospital, Beijing",OTHER,,tACS,DEVICE,2020-09-20,2020.0,
NCT00264810,RNS® System Pivotal Study,COMPLETED,PHASE3,INTERVENTIONAL,Epilepsy,NeuroPace,INDUSTRY,,RNS® System implantation; RNS® System responsive stimulation,"DEVICE,PROCEDURE",2005-12,2005.0,United States
NCT07458503,tDCS Combined With Constraint-Induced Therapy in Post-Stroke Upper Limb Rehabilitation,RECRUITING,NA,INTERVENTIONAL,Stroke; Upper Limb Motor Impairment; Post-Stroke Hemiparesis,Universidade do Estado do Pará,OTHER,,transcranial direct current stimulation (tDCS); Constraint-induced movement therapy,"BEHAVIORAL,DEVICE",2026-06-15,2026.0,Brazil
NCT00241566,Economic Medical Evaluation of Treatment of the Neuropathic Pain Rebel by Cortical Stimulation,COMPLETED,PHASE4,INTERVENTIONAL,Neuropathic Pain Rebel,"University Hospital, Clermont-Ferrand",OTHER,,implantation of stimulator,DEVICE,2003-08,2003.0,France
NCT05974254,Auricular Acupuncture As Part Of A Multimodal Regimen After Distal Radius Open Reduction and Internal Fixation,WITHDRAWN,NA,INTERVENTIONAL,"Radius Fracture Distal; Pain, Postoperative",Baylor College of Medicine,OTHER,,Acupuncture,DEVICE,2023-10-09,2023.0,United States
NCT06956729,Multicenter Trial of Proximal Femoral Guided Growth in Children With CP and Hips at Risk of Dislocation (GGSH-MC),RECRUITING,NA,INTERVENTIONAL,Cerebral Palsy,Fundación para la investigación biomética Hospital Infantil Universitario Niño Jesús,OTHER,Hospital Sant Joan de Deu; Salamanca University Hospital; Complexo Hospitalario Universitario de A Coruña; Hospital General Universitario Gregorio Marañon; Hospital Universitario de Canarias; Hospital Universitario Central de Asturias; Hospital Son Espases; Hospital Universitario 12 de Octubre; Hospital Vall d'Hebron; Hospital Universitario Virgen Macarena; Hospital Miguel Servet; Hospital Donostia; Hospitales Universitarios Virgen del Rocío; Complejo Hospitalario de Navarra; Hospital Universitario Ramon y Cajal; Hospital Universitario Torrecárdenas,Proximal Femoral Guided Growth.; Standard prophylactic treatment for Hips at Risk of Dislocation.,PROCEDURE,2024-10-01,2024.0,Spain
NCT06265779,Transcranial Direct Current Stimulation Combined With Intermittent Oral to Esophageal Tube on Dysphagia,UNKNOWN,NA,INTERVENTIONAL,Cerebral Infarction,Zeng Changhao,OTHER,,Comprehensive rehabilitation therapy; Intermittent Oro-esophageal Tube Feeding; Transcranial direct current stimulation,"BEHAVIORAL,DEVICE",2024-02-29,2024.0,South Korea
NCT07238738,Comparison Between Modified Periosteal Inhibition (MPI) and Flapless Immediate Implant Placement,NOT_YET_RECRUITING,NA,INTERVENTIONAL,Non-restorable Posterior Teeth; Thin Buccal Bone Plate; Buccal Bone Fenestraion,Mansoura University,OTHER,,Immediate implant placement via flapless approach; Immediate implant placement in conjunction with modified periosteal inhibition technique using collagen sponge in the gap distance; Immediate implant placement in conjunction with modified periosteal inhibition technique using cortico-cancellous bone allograft in the gap distance,PROCEDURE,2025-12-01,2025.0,Egypt
NCT04295798,Optimizing tDCS to Improve Dual Task Gait and Balance,COMPLETED,NA,INTERVENTIONAL,Aging,Hebrew SeniorLife,OTHER,,Conventional tDCS; Optimized tDCS; Conventional Sham; Optimized Sham,DEVICE,2020-02-10,2020.0,United States
NCT02249377,PRP vs Corticosteroid in Baker's Cyst,TERMINATED,PHASE3,INTERVENTIONAL,Baker's Cyst,NYU Langone Health,OTHER,,Platelets-Rich-Plasma; Corticosteroid,"DRUG,OTHER",2014-02,2014.0,United States
NCT03987646,The Vestibular Socket Therapy : A Novel Concept for Immediate Implant Placement in Defective Fresh Extraction Sites,COMPLETED,NA,INTERVENTIONAL,Immediate Implants,Nourhan M.Aly,OTHER,Alexandria University,Non-staged vestibular fresh socket therapy,PROCEDURE,2018-05-24,2018.0,Egypt
NCT06110559,Use of tDCS Applied to the Orbitofrontal Cortex to Improve Risky Decision-making in a Clinical Population,UNKNOWN,NA,INTERVENTIONAL,Mood Disorders; Depression; Suicide,Centre Hospitalier St Anne,OTHER,,Active transcranial direct current stimulation (tDCS); Sham transcranial direct current stimulation (tDCS),DEVICE,2021-04-16,2021.0,France
NCT03650426,Comparison Between the Onlay and Inlay Techniques for Patellar Resurfacing in Posterior Cruciate Ligament-Substituting Total Knee Arthroplasty,COMPLETED,NA,INTERVENTIONAL,Onlay Patellar Resurfacing Technique; Inlay Patellar Resurfacing Technique; Patellar Resurfacing,Navamindradhiraj University,OTHER,,Total knee with onlay patellar resurfacing technique; Total knee with inlay patellar resurfacing technique,PROCEDURE,2018-02-20,2018.0,Thailand
NCT05777876,Early Identification of TRD and Construction and Clinical Validation of NTBS Precision Technology,UNKNOWN,NA,INTERVENTIONAL,Treatment-Resistant Depression,First Affiliated Hospital of Zhejiang University,OTHER,"Zhejiang University; Kangci Hospital of Jiaxing; Wenzhou Seventh People's Hospital; Lishui Second People's Hospital; Huzhou Third People's Hospital; Binjiang Institute of Zhejiang University; Zhejiang Newways Medical Technology Co., Ltd; Hangzhou Lingnao Technology Co., Ltd",non-invasive transcranial deep brain stimulation; Sham stimulation; Motor cortex stimulation; non-invasive transcranial deep brain stimulation with closed-loop,DEVICE,2023-01-01,2023.0,China
NCT04332185,Vestibular Socket Therapy in Compromised Sockets,COMPLETED,NA,INTERVENTIONAL,Implant Site Reaction,Cairo University,OTHER,,vestibular socket therapy,PROCEDURE,2018-01-15,2018.0,Egypt
NCT04271449,tDCS and Prismatic Adaptation: Roles of the Cerebellum and the Primary Motor Cortex in the Transfer of After-effects,WITHDRAWN,NA,INTERVENTIONAL,Healthy Volunteers,Hospices Civils de Lyon,OTHER,,tDCS (transcranial direct current stimulation); Virtual reality device; tDCS (transcranial direct current stimulation),"BEHAVIORAL,DEVICE",2024-01-17,2024.0,France
NCT07699055,tACS Alters EEG Microstates in DoC,COMPLETED,NA,INTERVENTIONAL,Disorder of Consciousness,Istanbul Medipol University Hospital,OTHER,,Transcranial Alternating Current Stimulation,DEVICE,2020-12-01,2020.0,Turkey (Türkiye)
NCT06463795,tDCS and Lower Limb Performance in Stroke,COMPLETED,NA,INTERVENTIONAL,Stroke,Riphah International University,OTHER,,tDCS; Sham tDCS,DEVICE,2024-07-01,2024.0,Pakistan
NCT04958525,Minimally Invasive Treatment of Hypertensive Basal Ganglia Hemorrhage by Transfrontal Keyhole Neuroendoscopy,UNKNOWN,NA,OBSERVATIONAL,Basal Ganglia Hemorrhage,Peking University Third Hospital,OTHER,,Keyhole neuroendoscopic transfrontal ultrasound-guided hematoma removal; Small bone window craniotomy for hematoma removal under microscope,PROCEDURE,2021-02-01,2021.0,China
NCT06525129,Multi-session Anodal Cerebellar Transcranial Direct Current Stimulation (tDCS) vs Anodal Cerebral tDCS,COMPLETED,NA,INTERVENTIONAL,Stroke,Riphah International University,OTHER,,Cerebellar stimulation group (CbSG); Cerebral (M1) Stimulation group (MSG); Sham Stimulation group (SSG),OTHER,2024-07-01,2024.0,Pakistan
NCT01619956,Osteotome Sinus Floor Elevation With or Without Grafting,COMPLETED,NA,INTERVENTIONAL,Dental Implants; Sinus Floor Augmentation; Bone Remodeling,Shanghai Ninth People's Hospital Affiliated to Shanghai Jiao Tong University,OTHER,"ITI International Team for Implantology, Switzerland; Shanghai Municipal Science and Technology Commission; National Natural Science Foundation of China",SLA dental implants; Osteotome sinus floor elevation; Bone grafting,"DEVICE,PROCEDURE",2010-01,2010.0,China
NCT07182331,Brain Stimulation and Sensory Integration in Children With ASD,ENROLLING_BY_INVITATION,NA,INTERVENTIONAL,Autism Spectrum Disorder (ASD),Neurolab Plus,INDUSTRY,Al-Farabi Kazakh National University,Continuous Theta Burst Stimulation to Bilateral DLPFC; Sham Continuous Theta Burst Stimulation,DEVICE,2025-08-25,2025.0,Kazakhstan
NCT06382337,Immediate Dental Implants in The Upper Anterior Region,UNKNOWN,NA,INTERVENTIONAL,Teeth Loss; Alveolar Bone Resorption,Mansoura University,OTHER,,Group A : ice cream cone technique; Group B : the vestibular socket therapy,OTHER,2024-04-21,2024.0,Egypt
NCT06211439,Transcranial Alternating Current Stimulation in Patients With Disorders of Consciousness,COMPLETED,NA,INTERVENTIONAL,Consciousness Disorders,First Affiliated Hospital of Zhejiang University,OTHER,,real transcranial alternating current stimulation; sham transcranial alternating current stimulation,DEVICE,2024-01-12,2024.0,China
NCT00555945,Re-Evaluation of GAmma3 Intramedullary Nails in Hip Fracture (REGAIN),COMPLETED,NA,INTERVENTIONAL,Femoral Neck Fractures; Intertrochanteric Fracture,Stryker Trauma and Extremities,INDUSTRY,Stryker Osteosynthesis; Global Research Solutions,Gamma3 intramedullary nail (Stryker); Sliding Hip Screw,PROCEDURE,2007-05,2007.0,Canada; Denmark; Sweden
NCT02180139,tDCS in Cervical Dystonia,WITHDRAWN,NA,INTERVENTIONAL,Cervical Dystonia,University of Minnesota,OTHER,,transcranial direct current stimulation,DEVICE,2017-09,2017.0,United States
NCT03809936,Transcranial Direct Current Stimulation in Patients With Disorders of Consciousness,COMPLETED,NA,INTERVENTIONAL,Disorder of Consciousness,First Affiliated Hospital of Zhejiang University,OTHER,,real tDCS; sham tDCS,DEVICE,2019-04-02,2019.0,China
NCT02523300,Glucocorticoid on the Prognosis of TEVAR,UNKNOWN,NA,INTERVENTIONAL,Aortic Dissection,Changhai Hospital,OTHER,,TEVAR; Glucocorticoids; saline,"DRUG,PROCEDURE",2015-10,2015.0,
NCT05929014,Effects of Different Intensities of Bilateral-transcranial Direct Current Stimulation in Healthy Individuals,COMPLETED,NA,INTERVENTIONAL,Healthy,Mahidol University,OTHER,,Bilateral-Transcranial direct current stimulation (bilateral-tDCS); Sham bilateral-tDCS,DEVICE,2023-06-24,2023.0,Thailand
NCT06883981,Capturing Autobiographical Memory Formation in Real World Spaces Using Multimodal Recordings,RECRUITING,NA,INTERVENTIONAL,Epilepsy; Autobiographical Memory,University of Utah,OTHER,"National Institutes of Health (NIH); National Institute of Mental Health (NIMH); University of California, San Diego; University of California, Los Angeles",Free and Cued Recall Memory. Temporal Sequence and Spatial Memory,BEHAVIORAL,2025-01-30,2025.0,United States
NCT07207798,Epidural Electrical Stimulation in Spinal Cord Injury (T11-L3),RECRUITING,NA,INTERVENTIONAL,Spinal Cord Injuries (SCI),"Second Affiliated Hospital, Zhejiang University, School of Medicine",OTHER,"College of Biomedical Engineering and Instrumentation Science, Zhejiang University",Epidural Electrical Stimulation; Standard Rehabilitation Therapy; positron emission tomography-computed tomography (PET-CT); Diffusion Tensor Imaging (DTI); Somatosensory Evoked Potentials (SEPs); Motor Evoked Potentials (MEPs),"PROCEDURE,RADIATION",2025-07-01,2025.0,China
NCT06885606,The Use of tDCS for Vaping Reduction,RECRUITING,NA,INTERVENTIONAL,Vaping; Addiction; Transcranial Direct Current Stimulation(tDCS),Centre for Addiction and Mental Health,OTHER,,Active tDCS; Sham tDCS,DEVICE,2026-01-01,2026.0,Canada
NCT05450471,Effectiveness of Endonasal Polymeric Implant for Chronic Rhinosinusitis,UNKNOWN,PHASE3,INTERVENTIONAL,Rhinosinusitis Chronic,University of Sao Paulo,OTHER,,Corticosteroid Topical; Placebo,"DRUG,OTHER",2021-08-20,2021.0,Brazil
NCT07182344,Brain Stimulation and Attention Control in Children With ADHD,ENROLLING_BY_INVITATION,NA,INTERVENTIONAL,ADHD - Attention Deficit Disorder With Hyperactivity,Neurolab Plus,INDUSTRY,Al-Farabi Kazakh National University,Intermittent Theta Burst Stimulation to Right DLPFC; Sham Intermittent Theta Burst Stimulation,DEVICE,2025-09-04,2025.0,Kazakhstan
NCT03036683,Transcranial Direct Current Stimulation in Offenders,COMPLETED,NA,INTERVENTIONAL,Aggression; Risk-Taking; Antisocial Behavior,Olivia Choy,OTHER,RWTH Aachen University,Transcranial direct current stimulation; Sham transcranial direct current stimulation,DEVICE,2017-02-01,2017.0,Germany
NCT04554472,Usefulness of Intraoperative Ultrasound in a Volar Plate Distal Radius Fixation,COMPLETED,NA,OBSERVATIONAL,Distal Radius Fracture; Ultrasound,Fundació Institut de Recerca de l'Hospital de la Santa Creu i Sant Pau,OTHER,,Intraoperative ultrasound,DIAGNOSTIC_TEST,2020-09-22,2020.0,Spain
NCT01613612,Implantation of Bone Marrow Cells to Treat Avascular Necrosis of Femoral Head (ANFH),UNKNOWN,"PHASE2,PHASE3",INTERVENTIONAL,Avascular Necrosis of Femur Head,Guangdong Provincial People's Hospital,OTHER,,core decompression; Enriched BMCs implantation combined with core decompression,PROCEDURE,2009-03,2009.0,
NCT06888726,Efficacy of Hi-tACS for Schizophrenia Negative Symptoms,RECRUITING,NA,INTERVENTIONAL,Schizophrenia; Negative Type; Transcranial Alternating Current Stimulation,Shanghai Mental Health Center,OTHER,,High-intensity transcranial alternating current stimulation (Hi-tACS); Sham High-intensity transcranial alternating current stimulation (Sham-Hi-tACS),DEVICE,2024-06-27,2024.0,China
NCT06776978,"Effectiveness of TDCS Over Broca's Area in Verb Naming: a Randomized, Double-Blind, Crossover Study",COMPLETED,NA,INTERVENTIONAL,Aphasia Non Fluent; Stroke,I.R.C.C.S. Fondazione Santa Lucia,OTHER,,Active treatment; Sham Stimulation,DEVICE,2023-12-04,2023.0,Italy
NCT06278233,Bihemispheric Transcranial Direct Current Stimulation* on Speech Fluency,COMPLETED,NA,INTERVENTIONAL,"Stuttering, Adult",Biruni University,OTHER,,Transcranial direct current stimulation,DEVICE,2024-01-23,2024.0,Turkey (Türkiye)
NCT06436365,Is the Expert Nail With Poller Screws Superior to the Distal Tibial Locked Plate in the Management of Short Oblique Distal Tibial Fractures?,COMPLETED,NA,INTERVENTIONAL,Tibia Fracture,Kasr El Aini Hospital,OTHER,,Locking expert intramedullary nail fixation; Distal locked plate,PROCEDURE,2023-02-01,2023.0,Egypt
NCT00859794,An Examination of Cognitive and Sensorimotor Processes in Patients With Epilepsy,ENROLLING_BY_INVITATION,NA,INTERVENTIONAL,Epilepsy,Northwell Health,OTHER,,fMRI; Neuropsychological Testing; Additional electrode implantation; Electrical brain stimulation,OTHER,2007-11,2007.0,United States
NCT03475537,tDCS in Patients With Disorders of Consciousness,WITHDRAWN,NA,INTERVENTIONAL,Consciousness Disorder; Transcranial Direct Current Stimulation,First Affiliated Hospital of Zhejiang University,OTHER,,transcranial direct current stimulation,DEVICE,2018-04-15,2018.0,China
NCT07323407,Transcranial Alternating Current Stimulation for Refractory Constipation With Somatic Symptom Disorder,RECRUITING,NA,INTERVENTIONAL,Functional Constipation (FC); Somatic Symptom Disorder (DSM-5); Refractory Constipation,Xijing Hospital of Digestive Diseases,OTHER,,Transcranial Alternating Current Stimulation; Placebo,DEVICE,2025-08-20,2025.0,China
NCT07403591,Mapsd Dual-target cTBS (Auditory Cortex and M1) for Generalized Anxiety Disorder,NOT_YET_RECRUITING,NA,INTERVENTIONAL,Generalized Anxiety Disorder,Anhui Medical University,OTHER,,Active Dual-target cTBS; Sham Dual-target cTBS,DEVICE,2026-03-01,2026.0,China
NCT05307146,Brain Activity in Epilepsy,RECRUITING,NA,INTERVENTIONAL,Epilepsy,Universitaire Ziekenhuizen KU Leuven,OTHER,,macro/micro electrode recording,DEVICE,2013-12-18,2013.0,Belgium
NCT01934296,Chronic Effects of DBS in Parkinson's Disease and Dystonia,COMPLETED,NA,INTERVENTIONAL,Parkinson's Disease; Isolated Dystonia,"University of California, San Francisco",OTHER,Medtronic,Activa PC+S,DEVICE,2013-11,2013.0,United States
NCT06506279,Motor Recovery Through Plasticity-Inducing Cortical Stimulation,RECRUITING,NA,INTERVENTIONAL,"Stroke, Ischemic",University of Washington,OTHER,National Institute of Neurological Disorders and Stroke (NINDS),CorTec Brain Interchange (BIC) System,DEVICE,2025-07-22,2025.0,United States
NCT04745156,A Study Using Brain Stimulation and Behavioral Therapy to Increase Extent of Resection in Low-Grade Gliomas,NOT_YET_RECRUITING,NA,INTERVENTIONAL,Glioma; Glioma Intracranial; Gliomas Benign; Brain Tumor; Brain Cancer; Motor Cortex; Lesion,Medical College of Wisconsin,OTHER,,RNS System Implantation,DEVICE,2026-08-01,2026.0,
NCT07272694,Split Crest Procedure: Is It Necessary to Fill the Gap?,COMPLETED,NA,INTERVENTIONAL,Alveolar Bone Resorption; Alveolar Bone Grafting; Bone Expansion,Vladimir Biocanin,OTHER,,Split Crest Technique,PROCEDURE,2024-03-13,2024.0,Serbia
NCT03061279,Clinical Trial Evaluating Acutrak Headless Compression Screw Fixation of Medial Malleolus Fractures,TERMINATED,NA,INTERVENTIONAL,Medial Malleolus Fractures,Stanford University,OTHER,,"Fixation by Acutrak headless screw; Fixation by headed screws, plates, and or wires",DEVICE,2017-04-01,2017.0,United States
NCT02296346,Open-Label Study to Evaluate the Efficacy of ECP in Secondary Progressive Multiple Sclerosis,TERMINATED,NA,INTERVENTIONAL,Secondary Progressive Multiple Sclerosis,University of Utah,OTHER,Mallinckrodt,SoluMedrol; Extracorporeal Photopheresis,"DEVICE,DRUG",2014-10,2014.0,United States
NCT07572643,Lamina Soft With Different Collagen Based Materials in Bone Regeneration,COMPLETED,NA,INTERVENTIONAL,Alveolar Bone Loss,"Nicola Alberto Valente, DDS, MS, PhD",OTHER,Link Campus University; Universita degli Studi di Genova; Saint Camillus International University of Health Sciences,Guided Bone Regeneration with Implant Placement; Collagenated Xenogeneic Bone Graft; Hydroxyapatite Xenograft with Autologous Bone,PROCEDURE,2022-07-01,2022.0,Italy
NCT02904187,Cerebral Activation and Bilateral Stimulation by Cochlear Implantation in Bilateral Deaf Adults,COMPLETED,NA,INTERVENTIONAL,Deafness,Hospices Civils de Lyon,OTHER,,Positron Emission Tomography (PET); Electroencephalogram (EEG),OTHER,2010-03-17,2010.0,France
NCT07047131,Resorbable vs Non-resorbable Bone Substitute at Immediate Post-extractive Single Implants,ACTIVE_NOT_RECRUITING,PHASE3,INTERVENTIONAL,Tooth Extraction; Bone Graft; Alveolar Bone Loss; Dental Implant,Marco Esposito,NETWORK,,GTO® (fully resorbable bone substitute); Apatos® (partially resorbable bone substitute),BIOLOGICAL,2018-12-18,2018.0,Spain
NCT02649166,Responsive Deep Brain Stimulator for Essential Tremor,ACTIVE_NOT_RECRUITING,NA,INTERVENTIONAL,Essential Tremor,University of Florida,OTHER,Medtronic; National Institute of Neurological Disorders and Stroke (NINDS),Deep brain stimulation; Closed-loop deep brain stimulation,DEVICE,2017-02-01,2017.0,United States
NCT02802436,The Impact of a Known Bioactive Agent on the Resolution of Alveolar Socket Preservation,WITHDRAWN,NA,INTERVENTIONAL,Healing of Extraction Socket,Boston University,OTHER,OsteoHealth,Extraction with socket graft,PROCEDURE,2016-10-03,2016.0,United States
NCT04625192,Trephine Osteotomy in Lateral Sinus Lift,UNKNOWN,NA,INTERVENTIONAL,Sinus Lift,Hams Hamed Abdelrahman,OTHER,,Trephine osteotomy,PROCEDURE,2020-02-01,2020.0,Egypt
NCT01380444,Intramedullary Nail Versus Sliding Hip Screw Inter-Trochanteric Evaluation,COMPLETED,NA,INTERVENTIONAL,Femoral Neck Fractures; Intertrochanteric Fracture,Stryker Trauma and Extremities,INDUSTRY,Global Research Solutions,Gamma3 Intramedullary Nails (Stryker); Sliding Hip Screws,PROCEDURE,2011-12,2011.0,Australia; Canada; China; Colombia; Denmark; Germany; Japan; Netherlands; Norway; South Africa; United Kingdom; United States
NCT05045157,"Effectiveness of Percutaneous Pulley Release With Infiltration, Versus Infiltration Alone in Trigger Finders",ACTIVE_NOT_RECRUITING,NA,INTERVENTIONAL,Trigger Finger,Centre Hospitalier Departemental Vendee,OTHER,,Percutaneous A1 Pulley Release Under Ultrasound Guidance; Corticosteroid injection,"DRUG,PROCEDURE",2022-05-31,2022.0,France
NCT06942013,Radiographic Assessment of Guided Cortical Shell Technique for Horizontal Ridge Augmentation,NOT_YET_RECRUITING,NA,INTERVENTIONAL,Horizontal Ridge Deficiency,Cairo University,OTHER,,Computer-Guided Autogenous Cortical Shell Technique (Study Group); Free-Hand Autogenous Cortical Shell Technique (Control group),"DEVICE,PROCEDURE",2025-05-01,2025.0,
NCT07060027,Single vs. Double Tenting Screws for Horizontal Ridge Augmentation.,COMPLETED,NA,INTERVENTIONAL,Bone Defects,Omar Saad,OTHER,,horizontal bone augmentation using single tenting screw; horizontal bone augmentation using Double tenting screw,PROCEDURE,2022-08-01,2022.0,Egypt
NCT03717922,Low Intensity Focused Ultrasound for Learning and Memory and Emotion Regulation,COMPLETED,NA,INTERVENTIONAL,Brain Diseases; Memory Disorders; Learning Disabilities; Cognitive Impairment,"University of California, Los Angeles",OTHER,,Low Intensity Focused Ultrasound Pulsation to Amygdala; Low Intensity Focused Ultrasound Pulsation to Entorhinal Cortex,DEVICE,2019-06-28,2019.0,United States
NCT01747070,"Effect of Cranial Stimulation and Acupuncture on Pain, Functional Capability and Cerebral Function in Osteoarthritis",COMPLETED,NA,INTERVENTIONAL,"Osteoarthritis, Knee; Chronic Pain",Hospital de Clinicas de Porto Alegre,OTHER,Associação Fundo de Incentivo à Pesquisa,tDCS and EAC sham; tDCS sham and EAC sham; tDCS sham and EAC; tDCS and EAC,OTHER,2014-03,2014.0,Brazil
NCT00683566,State Dependent Resonance in the BG-cortical Loops,COMPLETED,NA,INTERVENTIONAL,Parkinson Disease,Assistance Publique Hopitaux De Marseille,OTHER,,electrostimulation,PROCEDURE,2008-02,2008.0,France
NCT07737652,Microcurrent Neurofeedback as an Adjunct to Standard Care for Substance Use Disorders,COMPLETED,NA,INTERVENTIONAL,Depression; Anxiety; Substance Use Disorder (SUD); Post Traumatic Stress Disorder,"University of Alabama, Tuscaloosa",OTHER,,Microcurrent Neurofeedback (MCN); Standard Care for Substance Use Disorder,"BEHAVIORAL,DEVICE",2025-10-06,2025.0,United States
NCT07193524,Assessment of the Feasibility of Using a Preoperative Surgical Fracture Analysis Tool,RECRUITING,NA,INTERVENTIONAL,Tibia Fractures; Trauma (Including Fractures); Surgical Planning,Brigham and Women's Hospital,OTHER,,3D Fracture Analysis Tool,DEVICE,2025-09-10,2025.0,United States
NCT01815918,Effect of Low Dose Corticosteroids on Perioperative Markers of Thrombosis and Fibrinolysis in Total Knee Arthroplasty,COMPLETED,PHASE4,INTERVENTIONAL,Total Knee Arthroplasty,"Hospital for Special Surgery, New York",OTHER,,Hydrocortisone; Placebo,DRUG,2011-02,2011.0,United States
NCT03117413,Positron Emission Tomography Imaging of Brain Reorganisation of the Central Auditory Cortex in Asymetrical Profound Deaf Patient With a Cochlear Implantation.,COMPLETED,NA,INTERVENTIONAL,Profound Hearing Impairment,"University Hospital, Toulouse",OTHER,Centre de recherche Cerveau et Cognition (CERCO),Positron emission tomography scan,OTHER,2017-11-23,2017.0,France
NCT03583242,Multimodal Image Study of Retinal Inflammation Markers After Corticoid and Antiangiogenic Treatment in Pacients With Diabetic Macular Edema,UNKNOWN,NA,OBSERVATIONAL,Diabetic Macular Edema,Fundació Institut de Recerca de l'Hospital de la Santa Creu i Sant Pau,OTHER,Spanish Clinical Research Network - SCReN,Antiangiogenic Agents; Corticosteroid,DRUG,2018-05-23,2018.0,Spain
NCT06716983,Multimodal Investigation of Cortico-Basal Ganglia-Thalamo-Cortical Network Dynamics in Dystonic Patients With Deep Brain Stimulation,RECRUITING,NA,OBSERVATIONAL,Dystonia,Fondazione I.R.C.C.S. Istituto Neurologico Carlo Besta,OTHER,,fMRI; EEG-MEG; registration of local field potentials; genetic panel,DIAGNOSTIC_TEST,2023-12-28,2023.0,Italy
NCT07637773,Investigating the Efficacy and Mechanisms of Individualized tACS Targeting Anhedonia in Late-Life Depression,RECRUITING,NA,INTERVENTIONAL,Late-Life Depression; Anhedonia,Jie Li,OTHER,,Transcranial Alternating Current Stimulation (tACS); shame tACS,DEVICE,2026-03-16,2026.0,China
NCT02639039,Cortisone Injection vs Trigger Point Dry Needling Fin the Treatment of Greater Trochanter Pain Syndrome: A Pilot Study,COMPLETED,PHASE4,INTERVENTIONAL,Hip Injuries,Scott and White Hospital & Clinic,OTHER,,Cortisone Injection; Trigger Point Dry Needling,"DRUG,PROCEDURE",2013-02,2013.0,
NCT07121712,Navigated cTBS for the Treatment of Generalized Anxiety Disorder,RECRUITING,NA,INTERVENTIONAL,Generalized Anxiety Disorder,WANG KAI,OTHER,,Mapsd Continuous Theta Burst Stimulation; Sham Navigated Continuous Theta Burst Stimulation,DEVICE,2025-09-09,2025.0,China
NCT04586205,Task Augmentation of Transcranial Magnetic Stimulation (TMS),COMPLETED,NA,INTERVENTIONAL,Healthy,University of Pennsylvania,OTHER,,active TMS; sham TMS; IASP Task; SST Task; MRI,"BEHAVIORAL,DEVICE,OTHER",2019-04-07,2019.0,United States
NCT03797963,Clinical Study on the Use of Symbios Xenograft for Sinus Floor Elevation,COMPLETED,NA,INTERVENTIONAL,Sinus Floor Augmentation,Universidad de Granada,OTHER,,PBM+ACB; ABB+ACB,DEVICE,2019-01-08,2019.0,Spain
NCT02426983,Pilot Study Using an NMDA Antagonist to Modulate Transcranial Direct Current Stimulation (tDCS) Effects on Sensory Discrimination,UNKNOWN,"PHASE1,PHASE2",INTERVENTIONAL,Schizophrenia,University of Ottawa,OTHER,,Direct Current Stimulation; Dextromethorphan,"DEVICE,DRUG",2015-04,2015.0,Canada
NCT02005614,A Pilot/Phase II Study of Gamma Knife Radiosurgery for Brain Metastases Using 3Tesla MRI and Rational Dose Selection,TERMINATED,NA,INTERVENTIONAL,Melanoma; Renal Cell Carcinoma; Sarcoma; Breast Cancer; Lung Cancer; Colorectal Cancer; Gastrointestinal Cancers; Brain Metastases,Yale University,OTHER,,Gamma Knife Radiosurgery,PROCEDURE,2013-11,2013.0,United States
NCT02747589,Feasibility of Stimulating the Visual Cortex in Blind,ACTIVE_NOT_RECRUITING,NA,INTERVENTIONAL,"Blindness,Acquired","University of California, Los Angeles",OTHER,,Surgical device implant in brain,PROCEDURE,2016-08,2016.0,United States
NCT02398344,tDCS Immediate Effect on Cardiorespiratory Parameters in Hemiparetics Adults Patients Due to Stroke.,COMPLETED,"PHASE1,PHASE2",INTERVENTIONAL,Stroke,University of Nove de Julho,OTHER,,tDCS active; tDCS Sham,DEVICE,2014-02,2014.0,Brazil
NCT02351388,Transcranial Direct Current Stimulation for Depression in Alzheimer's Disease Patient - Preliminary Research,TERMINATED,NA,INTERVENTIONAL,Alzheimer Disease; Depression,"National Center of Neurology and Psychiatry, Japan",OTHER,,Transcranial Direct Current Stimulation; Sham Stimulation,"DEVICE,OTHER",2014-12,2014.0,Japan
NCT07499479,Picture Naming Decoding From Intraoperative Recordings,NOT_YET_RECRUITING,NA,INTERVENTIONAL,Brain Tumor Adult,Assistance Publique - Hôpitaux de Paris,OTHER,,Placement of high-density electrodes on cortical surface during awake surgery; Placement of INBRAIN Graphene Cortical Interface on cortical surface; Placement of low-density electodes during awake brain surgery,PROCEDURE,2026-04-15,2026.0,France
NCT07398157,"Simplified, Scalable, 24-hour Adaptive DBS in Parkinson's Disease",RECRUITING,NA,INTERVENTIONAL,PD - Parkinson's Disease,"University of California, San Francisco",OTHER,National Institute of Neurological Disorders and Stroke (NINDS),Medtronic Percept Deep Brain Stimulation (cDBS); Medtronic Percept Deep Brain Stimulation (daytime aDBS); Medtronic Percept Deep Brain Stimulation (nighttime aDBS),DEVICE,2026-04-09,2026.0,United States
NCT00830687,"Intracapsular Femoral Neck Fractures Fixation With a Dynamic Locking Plate and Screw System, Targon FN",UNKNOWN,NA,INTERVENTIONAL,Femoral Neck Fractures,Sheba Medical Center,OTHER_GOV,,TARGON FN,DEVICE,2009-01,2009.0,Israel
NCT07161492,Brain Functional Connectivity Mechanism of Cognitive Flexibility Impairment and rTMS Intervention in Major Depressive Disorder,NOT_YET_RECRUITING,NA,INTERVENTIONAL,"Depressive Disorder, Major; Cognitive Impairment",Second Xiangya Hospital of Central South University,OTHER,"Fujian Mental Health Center; Xianyue Hospital, Xiamen",Repetitive Transcranial Magnetic Stimulation,DEVICE,2026-07,2026.0,China
NCT05782634,Insertion of Immediate Cortical Satellite Implants With Immediate Loading,UNKNOWN,NA,INTERVENTIONAL,"Immediate Loading , Satellite Implant , Immediate Implant",Cairo University,OTHER,,immediate satellite implant with immediate loading,DEVICE,2023-06-01,2023.0,Egypt
NCT04648371,Community-based Cognitive Remediation and tDCS to Enhance Seniors' Function and Mental Health,ACTIVE_NOT_RECRUITING,NA,INTERVENTIONAL,Mental Health Disorder; Aging,Centre for Addiction and Mental Health,OTHER,LOFT Community Services,Cognitive Remediation and Transcranial Direct Current Stimulation,OTHER,2021-01-27,2021.0,Canada
NCT03240796,Secondary Intraocular Lens Implantation in Pediatric Patients,UNKNOWN,NA,INTERVENTIONAL,Congenital Cataract,Sun Yat-sen University,OTHER,,minimal invasive surgery and secondary IOL implantation; traditional cataract surgery and secondary IOL implantation,PROCEDURE,2017-08-01,2017.0,China
NCT05910619,Transcranial Pulse Stimulation of the Brain,RECRUITING,NA,INTERVENTIONAL,Mild Dementia; Aging Well,University of Florida,OTHER,,Neurolith Transcranial Pulse Stimulation Active; Neurolith Transcranial Pulse Stimulation Sham,DEVICE,2024-02-16,2024.0,United States
NCT02797665,Treatment of Obstructive Jaundice in Autoimmune Pancreatitis and/or Immunoglobulin G4-related Sclerosing Cholangitis by Corticosteroids,UNKNOWN,NA,INTERVENTIONAL,Autoimmune Pancreatitis; IgG4-related Sclerosing Cholangitis; Obstructive Jaundice,Peking Union Medical College Hospital,OTHER,,corticosteroids; biliary stent,"DRUG,PROCEDURE",2016-05,2016.0,China
NCT06966128,Transcranial Electrical Stimulation in Multiple Sclerosis,NOT_YET_RECRUITING,NA,INTERVENTIONAL,Multiple Sclerosis,Universitair Ziekenhuis Brussel,OTHER,"Fund for Scientific Research, Flanders, Belgium; Vrije Universiteit Brussel",transcranial Direct Current Stimulation,DEVICE,2025-06-01,2025.0,Belgium
NCT07210944,Scalp Acupuncture Combined With rTMS for Upper Limb Motor Dysfunction in Stroke: A Brain Network Study,NOT_YET_RECRUITING,NA,INTERVENTIONAL,Upper Extremity; Acupuncture Therapy; Stroke; Transcranial Magnetic Stimulation Repetitive; Motor Disorders,Debiao Kong,OTHER,,Repetitive transcranial magnetic stimulation; Scalp acupuncture; Conventional rehabilitation treatment,"COMBINATION_PRODUCT,DEVICE,PROCEDURE",2025-12-05,2025.0,China
NCT05426460,AAT + tDCS to Reduce Cue-induced Craving and Smoking Behavior,COMPLETED,NA,INTERVENTIONAL,"Smoking Behaviors; Smoking, Cigarette",Cynthia Conklin,OTHER,National Institute on Drug Abuse (NIDA),Approach/Avoidance Task; Transcranial Direct Current Stimulation; AC; Sham tDCS,"BEHAVIORAL,DEVICE",2022-04-29,2022.0,United States
NCT04718246,Stability Of Dental Implants Placed In Healed Bony Sites Of Hyperlipidemic Patients: A Case Series,UNKNOWN,NA,INTERVENTIONAL,Implant Stability,Cairo University,OTHER,,Dental Implants Placed In hyperlipidemia patients,OTHER,2020-06-01,2020.0,Egypt
NCT04384913,Kinematic Versus Mechanical Alignment in Total Knee Replacement,ACTIVE_NOT_RECRUITING,NA,OBSERVATIONAL,Total Knee Replacement,Hannover Medical School,OTHER,,,,2017-08-01,2017.0,Germany
NCT07638202,Transcranial Magnetic Stimulation in Depression.,COMPLETED,NA,INTERVENTIONAL,Major Depressive Disorder (MDD),Instituto Mexicano del Seguro Social,OTHER_GOV,,"The experimental group(A) received conventional drug treatment combined with Li-TMS.; control group B were administered standard drug therapy with coil placement, without exposure to Li-TMS emission.",OTHER,2025-01-06,2025.0,Mexico
NCT07248072,Effect of iPACK and BiFeS Blocks on Quality of Recovery After Total Knee Arthroplasty,RECRUITING,NA,INTERVENTIONAL,Knee Osteoarthritis; Postoperative Pain Management; Total Knee Arthroplasty,Ataturk University,OTHER,,Adductor Canal Block (ACB) Only; IPACK block; BiFeS Block,PROCEDURE,2025-12-01,2025.0,Turkey (Türkiye)
NCT04158531,REC2Stim as a Treatment for Refractory Epilepsy in the Primary Sensorimotor Cortex.,UNKNOWN,NA,INTERVENTIONAL,Epileptic Seizure; Epilepsy Intractable; Motor Seizure,UMC Utrecht,OTHER,,ECoG sensing and stimulation,DEVICE,2019-11-04,2019.0,Netherlands
NCT07512011,Outcomes of Different Bone Graft Combinations for Maxillary Sinus Augmentation Procedure,NOT_YET_RECRUITING,NA,OBSERVATIONAL,Bone Grafting; Sinus Lifting,Ohio State University,OTHER,,Bone grafting on both sides,DEVICE,2026-06,2026.0,United States
NCT06645587,Targeting Repetitive Behaviors in Autism Spectrum Disorder Via Transcranial Direct Current Stimulation,RECRUITING,NA,INTERVENTIONAL,Autism Spectrum Disorder,Bambino Gesù Hospital and Research Institute,OTHER,"Ministero della Salute, Italy",Active HD-tDCS over pre-SMA; Active HD-tDCS over left DLPFC; Sham HD-tDCS,DEVICE,2024-10-03,2024.0,Italy
NCT06135506,Artificial Intelligence/Computer Guided Ridge Splitting for Treating Horizontal Ridge Defects,COMPLETED,NA,INTERVENTIONAL,Alveolar Bone Resorption; Dental Implant Failure Nos,Kafrelsheikh University,OTHER,,free-hand ridge splitting; AI/guided ridge splitting,PROCEDURE,2023-12-15,2023.0,Egypt
NCT03414203,Comparison Between Transcranial Stimulation Protocols With Continuous Current in the Chronic Migraine,COMPLETED,NA,INTERVENTIONAL,Chronic Migraine,Federal University of Paraíba,OTHER,,tDCS,OTHER,2017-08-14,2017.0,Brazil
NCT06680154,Induction and Stabilization of Gamma Oscillations With 40 Hz External Brain Stimulation,COMPLETED,NA,INTERVENTIONAL,Alzheimer Disease; Working Memory; EEG Brain Oscillations,The National Brain Mapping Laboratory (NBML),OTHER,Leibniz Research Centre for Working Environment and Human Factors,Transcranial alternating current stimulation; Theta burst stimulation; Sham (No Treatment),DEVICE,2021-07-13,2021.0,Germany
NCT06318650,Post Extraction Changes After Ridge Preservation Using Allogeneic Dentin Matrix Vs Demineralized Freeze Dried Allograft,COMPLETED,NA,INTERVENTIONAL,Socket Preservation,Cairo University,OTHER,,Demineralized Dentin Matrix; Demineralized freeze-dried bone allograft (DFDBA),BIOLOGICAL,2024-02-01,2024.0,Egypt
NCT04908631,Safety and Feasibility of tDCS to Enhance Auditory Rehabilitation in Cochlear Implant Recipients,COMPLETED,NA,INTERVENTIONAL,Hearing Loss,Duke University,OTHER,,Transcranial Direct Stimulation; Auditory Training Program,"DEVICE,OTHER",2023-03-15,2023.0,United States
NCT03999307,Low-Level Laser Therapy and Flapless Corticopuncture Effect on Accelerating Six Maxillary Anterior Teeth Retraction,COMPLETED,NA,INTERVENTIONAL,"Malocclusion, Angle Class II, Division 1",Damascus University,OTHER,,Low-Level Laser Therapy (LLLT); Flapless Corticopunture; Control,"OTHER,PROCEDURE,RADIATION",2018-08-06,2018.0,Syria
NCT03201341,Multisensory Body and Space Representations (BASES-EXTINCTION),UNKNOWN,NA,INTERVENTIONAL,Healthy; Blindness,Hospices Civils de Lyon,OTHER,,Electrooculogram (EOG); Surface Electromyography (EMG); Electrodermal response; Changes in skin temperature; MRI; MEG; Transcranial magnetic stimulation (TMS); Transcranial electrical stimulation in direct current (tDCS),OTHER,2011-07-11,2011.0,France
NCT04957654,Vestibular Socket Therapy in Immediate Implants With Grafting Materials,UNKNOWN,NA,INTERVENTIONAL,Tooth Extraction; Dental Implant; Extarction Socket,Mohamed Mofreh Hamada Hamed,OTHER,,VST with collagen plug soaked in blood; VST with Allograft Demineralized bone matrix Grafton; VST with a particulate bone graft composed of two thirds autogenous cortical chips harvested from the surgical site and one third of bovine deprotinzed particles,OTHER,2021-03-16,2021.0,Egypt
NCT07706790,Blinding Integrity Assessment Using Rotational Field Transcranial Magnetic Stimualtion (rfTMS) in Healthy Adults,COMPLETED,NA,INTERVENTIONAL,Healthy Volunteers,Soroka University Medical Center,OTHER,Ben-Gurion University of the Negev,Sham rfTMS; Active rfTMS,DEVICE,2025-09-09,2025.0,Israel
NCT07305311,Characterising the Network-Specific Effects of Piriform Cortex Stimulation Via SEEG,NOT_YET_RECRUITING,NA,INTERVENTIONAL,Refractory Epilepsy; Neuromodulation,"Xuanwu Hospital, Beijing",OTHER,,SEEG recordings and SPES,DEVICE,2025-12-08,2025.0,China
NCT02942368,Adaptive tDCS for Treatment-Resistant MDD,TERMINATED,PHASE1,INTERVENTIONAL,"Depressive Disorder, Treatment-Resistant",Washington University School of Medicine,OTHER,,tDCS,DEVICE,2017-04-14,2017.0,United States
NCT04743700,"""Effects of Piezocision vs Micro-osteoperforations on the Rate of Maxillary Canine Retraction",UNKNOWN,NA,INTERVENTIONAL,"Angle Class II, Division 1 Malocclusion",Postgraduate Institute of Dental Sciences Rohtak,OTHER,,Piezocision; Micro-osteoperforations,PROCEDURE,2020-12-25,2020.0,India
NCT03333460,Transcranial Magnetic Stimulation for Cocaine Addiction,UNKNOWN,NA,INTERVENTIONAL,Cocaine Dependence; Substance Use Disorders; Chemical Addiction; Mental Disorder; Cocaine-Related Disorders; Drug Dependence,ITAB - Institute for Advanced Biomedical Technologies,OTHER,,Repetitive Transcranial Magnetic Stimulation,DEVICE,2017-10-01,2017.0,Italy
NCT04488965,Study of the Therapeutic Effects of Cortical Autograft Implantation in Patients With Cerebral Ischemia,UNKNOWN,NA,INTERVENTIONAL,Ischemic Stroke,Centre Hospitalier Universitaire Vaudois,OTHER,,Autologous transplant,OTHER,2020-12-01,2020.0,Switzerland
NCT06378112,Extraction Socket Augmentation. A Clinical Study,UNKNOWN,PHASE4,INTERVENTIONAL,Edentulous Alveolar Ridge With Labial Resorption,Universidad de Granada,OTHER,,GTO®,DRUG,2022-05-20,2022.0,Spain
NCT07369648,Repetitive Transcranial Magnetic Stimulation Combined With Motor Rehabilitation Improves Motor and Functional Outcomes After Ischemic Stroke,NOT_YET_RECRUITING,NA,INTERVENTIONAL,Ischemic Stroke; Hemiplegia; Motor Function Impairment,Hanoi Medical University,OTHER,,Active repetitive transcranial magnetic stimulation; Sham repetitive transcranial magnetic stimulation; Conventional motor rehabilitation,"DEVICE,OTHER",2026-02,2026.0,
NCT06234995,Cortical Electrophysiology of Response Inhibition in Parkinson's Disease,RECRUITING,PHASE4,INTERVENTIONAL,Parkinson Disease,Emory University,OTHER,National Institute of Neurological Disorders and Stroke (NINDS),Levodopa; Clinical DBS Setting; Sham DBS; DBS Setting Maximizing Prefrontal Activation; DBS Setting Minimizing Prefrontal Activation,"DEVICE,DRUG",2021-08-09,2021.0,United States
NCT06883331,Validity of Computed Guided Technology in Proper Placement of Intermaxillary Fixation Screws in Mandibular Fractures,UNKNOWN,NA,INTERVENTIONAL,Mandibular Fractures,Suez Canal University,OTHER,,intermaxillary fixation using IMF screws; intermaxillary fixation using IMF screws with surgical guide,PROCEDURE,2024-04-27,2024.0,Egypt
NCT01546402,Intraoperative Dexamethasone Implant Improves Outcome of Cataract Surgery With Diabetic Macular Edema,COMPLETED,PHASE4,INTERVENTIONAL,"Macular Edema, Cystoid; Vision Disorders; Diabetic Macular Edema; Cystoid Macular Edema Following Cataract Surgery; Cataract","Post Graduate Institute of Medical Education and Research, Chandigarh",OTHER,,Dexamethasone Drug delivery system (Ozurdex); Cataract surgery,"DRUG,PROCEDURE",2011-05,2011.0,India
NCT03811301,[BrainConnexion] - Neurodevice Phase I Trial,UNKNOWN,NA,INTERVENTIONAL,Tetraplegia; Tetraplegia/Tetraparesis; Spinal Cord Injuries; Amyotrophic Lateral Sclerosis; Motor Neuron Disease; Locked-in Syndrome; Muscular Dystrophies,National Neuroscience Institute,OTHER,Institute of Microelectronics; Institute of Molecular and Cell Biology; Institute for Infocomm Research; Nanyang Technological University,BrainConnexion,DEVICE,2017-11-21,2017.0,Singapore
NCT02168400,Clinical Intervention in Alcohol Use Disorder,COMPLETED,NA,INTERVENTIONAL,Alcohol Use Disorder; Eligible to go Into the MRI Scanner; Short-term Abstinence From Alcohol Use (2 Week Abstinent),University of Minnesota,OTHER,National Institutes of Health (NIH); National Institute on Alcohol Abuse and Alcoholism (NIAAA),Transcranial Direct Current Stimulation (tDCS),DEVICE,2016-07-07,2016.0,United States
NCT01078948,Transcranial Direct Current Stimulation (tDCS) in the Treatment of Major Depressive Disorder (MDD),COMPLETED,NA,INTERVENTIONAL,Major Depressive Disorder,Centre for Addiction and Mental Health,OTHER,,transcranial direct current stimulation (tDCS),DEVICE,2008-02,2008.0,Canada
NCT06569550,Fatigue Alleviation Through Neuromodulating Therapy in Multiple Sclerosis,RECRUITING,NA,INTERVENTIONAL,"Multiple Sclerosis, Relapsing-Remitting; Fatigue",Danish Research Centre for Magnetic Resonance,OTHER,Danish Multiple Sclerosis Center; Scleroseforeningen; Independent Research Fund Denmark,Real Repetitive Transcranial Magnetic Stimulation; Sham Repetitive Transcranial Magnetic Stimulation,DEVICE,2024-08-14,2024.0,Denmark
NCT06241196,Vestibular Socket Therapy Using Acellular Dermal Matrix Versus Connective Tissue Graft,UNKNOWN,PHASE2,INTERVENTIONAL,Immediate Implant,Tanta University,OTHER,,implant; Vestibular Socket Therapy; Alloderm; Xenogenic bone membrane shield; Connective tissue graft,"DEVICE,DRUG,PROCEDURE",2022-07-01,2022.0,Egypt
NCT03184454,Combined Cortical/Subcortical Recording and Stimulation as a Circuit-Oriented Treatment for Obsessive-Compulsive Disorder,ACTIVE_NOT_RECRUITING,NA,INTERVENTIONAL,Obsessive Compulsive Disorder,Massachusetts General Hospital,OTHER,,Medtronic Percept Deep Brain Stimulation,DEVICE,2019-03-01,2019.0,United States
NCT07126470,Impact of Capsular Tension Ring on Intraocular Lens Position in Retinitis Pigmentosa Cataract Patients,RECRUITING,NA,INTERVENTIONAL,Cataract; Retinitis Pigmentosa (RP),"Zhongshan Ophthalmic Center, Sun Yat-sen University",OTHER,,CTR implantation,PROCEDURE,2025-08-25,2025.0,China
NCT07056361,Stimulating Specific Brain Areas (VOP/VIM) With Electricity to Improve Movement and Muscle Control,RECRUITING,NA,INTERVENTIONAL,"Movement Disorders (Incl Parkinsonism); Stroke; Traumatic Brain Injury; Brain Diseases; Parkinson Disease; Essential Tremor, Movement Disorders",Jorge Gonzalez-Martinez,OTHER,,Direct cortical stimulation and deep brain stimulation of motor thalamus,DEVICE,2022-12-16,2022.0,United States
NCT07320859,Comparing Mirror and Music for Dialysis Needle Pain,COMPLETED,NA,INTERVENTIONAL,"Chronic Kidney Disease; Pain, Procedural; Arteriovenous Fistula",Izmir Kavram Vocational School,OTHER,Izmir Bakircay University,Mirror Therapy (Visual Illusion Therapy); Music Therapy,"DEVICE,OTHER",2025-12-01,2025.0,Turkey (Türkiye)
NCT07765186,"Spatial Cues, Task Demands, and Auditory Selective Attention",RECRUITING,NA,INTERVENTIONAL,"Bilateral Cochlear Implants; Hearing Loss, Bilateral; Healthy",University of South Florida,OTHER,National Institute on Deafness and Other Communication Disorders (NIDCD); Carnegie Mellon University,Existing bilateral cochlear implants; Normal Hearing Control,"DEVICE,OTHER",2025-10-22,2025.0,United States
NCT05393622,Brain Stimulation for Severe Depression,RECRUITING,NA,INTERVENTIONAL,Depression Severe,Inner Cosmos Inc,INDUSTRY,Washington University School of Medicine; Massachusetts General Hospital,INTRACALVARIAL PREFRONTAL CORTICAL STIMULATION (IpCS) IN SEVERE TREATMENT-RESISTANT DEPRESSION,DEVICE,2022-07-28,2022.0,United States
NCT07467369,Magnetic Mallet and Piezotome in Atrophic Anterior Maxillary Ridge Expansion With Simultaneous Bone Graft and Implant Placement (,COMPLETED,NA,INTERVENTIONAL,Alveolar Bone Loss,Alexandria University,OTHER,,ridge expansion by magnetic mallet; ridge expansion by piezotome,PROCEDURE,2025-01-19,2025.0,Egypt
NCT05194826,Using Fascia Lata Membrane Versus Connective Tissue Graft in Immediate Implants,UNKNOWN,NA,INTERVENTIONAL,Connective Tissue Graft; Anterior Aesthetic Zone,Hams Hamed Abdelrahman,OTHER,,Test; Control,PROCEDURE,2021-06-01,2021.0,Egypt
NCT07353086,Evaluation of Horizontal Mandibular Ridge Augmentation Through Subperiosteal Tunneling by Using Bovine Sticky Bone (Radio-Histological Study),COMPLETED,NA,INTERVENTIONAL,Posterior Mandible With Deficient Ridge Width,Tanta University,OTHER,,Ridge augmentation with enriched bovine sticky bone through the subperiosteal tunneling technique in the posterior mandible,PROCEDURE,2024-08-25,2024.0,Egypt
NCT07567989,Effectiveness of Home-Based Exercise and Brain Stimulation for Reducing Fatigue in Patients With Multiple Sclerosis,ENROLLING_BY_INVITATION,NA,INTERVENTIONAL,Multiple Sclerosis,Jacobo Formigo,OTHER,,Home-Based Therapeutic Exercise Program; Transcranial Direct Current Stimulation; Sham tDCS,"BEHAVIORAL,DEVICE",2025-01-01,2025.0,Spain
NCT04163224,Minimal Invasive Approach for Surgical Repair of Rib Fractures With a Novel Intrathoracic Device,WITHDRAWN,NA,OBSERVATIONAL,Rib Fracture Multiple,Zimmer Biomet,INDUSTRY,,RibFix Advantage,DEVICE,2020-04-01,2020.0,
NCT03079960,Data-Driven Characterization of Neuronal Markers During Deep Brain Stimulation for Patients With Parkinson's Disease,UNKNOWN,NA,INTERVENTIONAL,Parkinson Disease,Prof. Dr. Volker Arnd Coenen,OTHER,University of Freiburg,Electrophysiological recording and measurement devices,DEVICE,2017-04-04,2017.0,Germany
NCT07217080,The Effect of Thalamic Stimulation on Sleep Oscillations,ENROLLING_BY_INVITATION,NA,INTERVENTIONAL,Sleep; Neuromodulation,Massachusetts General Hospital,OTHER,National Institute on Aging (NIA),Effect of Electrical Stimulation on Sleep,BEHAVIORAL,2025-01-06,2025.0,United States
NCT03535896,Heavy-slow Resistance Training and Ultrasound-guided Corticosteroid Injection in Plantar Fasciopathy,COMPLETED,NA,INTERVENTIONAL,Plantar Heel Pain; Plantar Fasciopathy,Aalborg University,OTHER,,HSR; Corticosteroid injection,"DRUG,OTHER",2018-06-08,2018.0,Denmark
NCT05830942,Up-2 Study: Cognitively Engaging Walking Exercise and Neuromodulation to Enhance Brain Function in Older Adults,RECRUITING,NA,INTERVENTIONAL,Cognitive Dysfunction; Mobility Limitation; Frail Elderly,University of Florida,OTHER,National Institute on Aging (NIA),Walking Exercise; Prefrontal Active tDCS; Prefrontal Sham tDCS,"BEHAVIORAL,DEVICE",2024-04-15,2024.0,United States
NCT07291791,tDCS for Pain Modulation in Knee Osteoarthritis,COMPLETED,NA,INTERVENTIONAL,Knee Osteoarthritis,Suez Canal University,OTHER,,Transcranial Direct Current Stimulation (tDCS),DEVICE,2025-12-20,2025.0,Egypt
NCT01997125,Reanimation in Tetraplegia,COMPLETED,NA,INTERVENTIONAL,Spinal Cord Injury (Quadraplegia),Marcia Bockbrader,OTHER,,Neural Bridge System,DEVICE,2013-11,2013.0,United States
NCT06362057,Biomechanical Effects of Digitally Constructed Subperiosteal Implants,RECRUITING,NA,OBSERVATIONAL,Bone Loss,Menoufia University,OTHER,,Subperiosteal implant framework,OTHER,2024-04-04,2024.0,Egypt
NCT05017961,Comparing Efficacy of Bone Marrow Aspirate Concentrate (BMAC) Combined With Allograft in Treatment of Calcaneus Fractures,WITHDRAWN,NA,INTERVENTIONAL,"Fractures, Bone",University of Alabama at Birmingham,OTHER,,Autograft; Allograft only; Allograft combined with BMAC,DEVICE,2019-07-10,2019.0,
NCT07231874,Cortical Lamina for Alveolar Ridge Preservation,COMPLETED,NA,INTERVENTIONAL,"Tooth Extraction; Periapical Infections; Tooth Fracture; Periodontal Disease, AVDC Stage 4; Hopeless Tooth",ARDEC Academy,NETWORK,,Cortical Lamina Technique; Natural Healing (Control),PROCEDURE,2024-04-01,2024.0,Cuba
NCT00534521,Posterior Tibial Nerve Stimulation vs. Sham,COMPLETED,PHASE3,INTERVENTIONAL,Overactive Bladder,Corewell Health East,OTHER,,Posterior Tibial Nerve Device; Sham,DEVICE,2007-09,2007.0,United States
NCT03582891,The Motor Network in Parkinson's Disease and Dystonia: Mechanisms of Therapy,ACTIVE_NOT_RECRUITING,NA,INTERVENTIONAL,Parkinson Disease; Dystonia,"University of California, San Francisco",OTHER,,Summit RC+S for Motor; 8-week pilot trial of Closed-loop vs. Open-loop Stimulation; Summit RC+S for Sleep,"DEVICE,DIAGNOSTIC_TEST",2018-10-01,2018.0,United States
NCT03324906,Effects of Transcranial Direct Current Stimulation (tDCS) on Individuals With Prader-Willi Syndrome,UNKNOWN,NA,INTERVENTIONAL,Prader-Willi Syndrome; Obesity; Depressive Disorder; Obsessive-Compulsive Disorder,Federal University of São Paulo,OTHER,,tDCS,DEVICE,2017-05-08,2017.0,Brazil
NCT06456099,Feasibility of a Home Exercise Program With the Addition of a Corticosteroid Injection in Patients With Lateral Hip Pain,UNKNOWN,NA,INTERVENTIONAL,Greater Trochanteric Pain Syndrome,Aalborg University,OTHER,,Ultrasound-guided corticosteroid injection; Home exercise program; Patient information leaflet,"BEHAVIORAL,DRUG",2024-06-07,2024.0,Denmark
NCT02674516,The Effect of Repeated Prefrontal Cortex Stimulation on Antisocial and Aggressive Behavior,COMPLETED,NA,INTERVENTIONAL,Antisocial Behavior; Aggression,University of Pennsylvania,OTHER,,Transcranial direct current stimulation; Sham transcranial direct current stimulation,DEVICE,2016-01,2016.0,United States
NCT06277349,Multifocal-toric IOL Compared to Multifocal IOL Combined With Limbal Relaxing Incisions for Correction of Moderate Astigmatism During Cataract Surgery,COMPLETED,NA,INTERVENTIONAL,Cornea; Astigmatism; Cataract,Moorfields Eye Hospital NHS Foundation Trust,OTHER,,Toric multifocal IOL; Non-toric multifocal IOL,DEVICE,2009-03-04,2009.0,
NCT06059898,Magnesium NOVAMag® Membrane vs. Collagen Jason® Membrane in Patients Requiring Guided Bone Regeneration,COMPLETED,NA,INTERVENTIONAL,Ridge Augmentation,Botiss Medical AG,OTHER,CONVIDIA clinical research GmbH; Botiss Biomaterials GmbH,GBR surgery including membrane placement; Biopsy,"DEVICE,PROCEDURE",2022-04-08,2022.0,Austria; Denmark; Italy
NCT03191916,Transcranial Direct Current Stimulation for Cognitive Improvement in Parkinson's Patients,ACTIVE_NOT_RECRUITING,NA,INTERVENTIONAL,Parkinson Disease,Sanford Health,OTHER,,transcranial direct current stimulation; Sham (for transcranial direct current stimulation),DEVICE,2015-10-19,2015.0,United States
NCT07365852,Accuracy Assessment of Chin Graft for Ridge Augmentation Using Tooth-supported Guide Versus Free Hand Technique,COMPLETED,NA,INTERVENTIONAL,Alveolar Bone Loss,Cairo University,OTHER,,3D ridge augmentation using tooth-supported patient-specific guide,PROCEDURE,2024-07-01,2024.0,Egypt
NCT02993952,tDCS and Its Therapeutic Effects in CK Fever,COMPLETED,NA,INTERVENTIONAL,Chikungunya Fever,Universidade Federal do Rio Grande do Norte,OTHER,,Transcranial Direct Current Stimulation; Sham Transcranial Direct Current Stimulation,DEVICE,2016-12-12,2016.0,Brazil
NCT07594483,Regulated Stimulation for Optimized Network Activity and Therapeutic Equilibrium,NOT_YET_RECRUITING,NA,INTERVENTIONAL,Major Depressive Disorder,"Motif Neurotech, Inc.",INDUSTRY,Bright Research Partners,Motif XCS System,DEVICE,2026-07,2026.0,
NCT06547021,Investigating Different Frequencies of Transcranial Electrical Stimulations in Dementia Population,RECRUITING,NA,INTERVENTIONAL,Dementia,University of Manitoba,OTHER,,Transcranial Direct Current Stimulation (tDCS); Gamma Transcranial Alternating Current Stimulation (tACS); Theta Transcranial Alternating Current Stimulation (tACS); Sham; Gamma Transcranial Alternating Current Stimulation (tACS)-Precuneus; Bilateral DLPFC,DEVICE,2024-09-20,2024.0,Canada
NCT07352384,Evaluation of the Efficacy of Neuromodulation in the Control of Chronic Orofacial Pain,ENROLLING_BY_INVITATION,NA,INTERVENTIONAL,Orofacial Pain,"Egas Moniz - Cooperativa de Ensino Superior, CRL",OTHER,University of Sao Paulo; University of Aarhus; Universidade Federal de Alfenas,Active Neuromodulation (tDCS or TMS); Sham Neuromodulation (tDCS or TMS),DEVICE,2025-11-01,2025.0,Portugal
NCT00505323,Motor and Premotor Cortex Stimulation for Treatment of Secondary Focal Dystonia With Striato Palliadal Lesion : Evaluation of Safety and Effectiveness,COMPLETED,PHASE1,INTERVENTIONAL,Focal Dystonia,"University Hospital, Clermont-Ferrand",OTHER,Medtronic,Implantation of neurostimulators and their auxiliary components,DEVICE,2007-09,2007.0,
NCT06930170,Evaluation of Cochlear Implantation in Unilateral or Asymmetric Hearing Loss in Children.,RECRUITING,NA,INTERVENTIONAL,Unilateral Hearing Loss; Asymmetric Hearing Loss,Assistance Publique - Hôpitaux de Paris,OTHER,URC-CIC Paris Descartes Necker Cochin,"Cochlear implantation; CROS or BiCROS device fitting; French simplified matrix test (FraSimat); Sound localization test (ERKI); Cortical Auditory Evoked Potentials (PEAc); Speech, Spatial and Qualities of Hearing Scale (SSQ); Peabody Picture Vocabulary Scale (PPVT or EVIP in french); NEPSY-II (A Developmental Neuropsychological Assessment); Pediatric Quality of Life Inventory™ Multidimensional Fatigue Scale (PedsQL MFS)","DEVICE,DIAGNOSTIC_TEST,OTHER",2026-03-09,2026.0,France
NCT06200727,Platelet-rich Fibrin(PRF) Membrane in Ophthalmic Diseases,UNKNOWN,NA,INTERVENTIONAL,Platelet-rich Fibrin; Macular Holes; Pterygium; Glaucoma,Lei Du,OTHER,,PRF membrane tamponade surgery in macular hole; ILM peeling in macular hole; PRF membrane grafting in pterygium; Autologous conjunctival transplantation in pterygium; autologous PRF membrane grafting in trabeculectomy for glaucoma; Amniotic membrane in trabeculectomy for glaucoma; PRF membrane grafting incorneal ulcer; Amniotic membrane in corneal ulcer,PROCEDURE,2023-01-01,2023.0,China
NCT06884488,Aftereffects of PES Preconditioned with RTMS on the Human Pharyngeal Motor Cortex,RECRUITING,NA,INTERVENTIONAL,Healthy Subjects (HS),University of Manchester,OTHER,,"repetitive transcranial magnetic stimulation (Magstim Super Rapid stimulator, The Magstim Company Ltd, Whitland, UK); pharyngeal electrical stimulation (Digitimer model DS7; Welwyn-Garden City, Herts, UK); sham repetitive transcranial magnetic stimulation(Magstim Super Rapid stimulator, The Magstim Company Ltd, Whitland, UK); sham pharyngeal electrical stimulation (Digitimer model DS7; Welwyn-Garden City, Herts, UK)",DEVICE,2024-09-14,2024.0,United Kingdom
NCT02926352,Effects of Low-Level Laser Stimulation With and Without Fear Extinction Training,COMPLETED,"PHASE1,PHASE2",INTERVENTIONAL,Phobias; Claustrophobia; Social Phobia,University of Texas at Austin,OTHER,,Extinction Training; Low-Level Laser Therapy; Sham Low-Level Laser Therapy,"BEHAVIORAL,DEVICE",2015-08-01,2015.0,United States
NCT07577323,Safety and Efficacy Evaluation of Non-invasive Temporal Interference Stimulation for Blood Pressure Modulation in Patients With Mild Essential Hypertension,NOT_YET_RECRUITING,NA,INTERVENTIONAL,Essential Hypertension,"Xuanwu Hospital, Beijing",OTHER,,Temporal Interference; Sham Temporal Interference Stimulation,DEVICE,2026-05-06,2026.0,China
NCT06305988,Neuroregulatory Effect and Mechanism of tDCS on Medial Prefrontal Cortex in ASD,COMPLETED,NA,INTERVENTIONAL,ASD,Jian-Jun Ou,OTHER,,Transcranial direct current stimulation,DEVICE,2023-08-01,2023.0,China
NCT07406503,MRI-tDCS Stress and Future Thinking Study,COMPLETED,NA,INTERVENTIONAL,Healthy Participants,Universitair Ziekenhuis Brussel,OTHER,,tDCS - Active non-invasive brain stimulation; tDCS - Sham non-invasive brain stimulation,DEVICE,2018-09-01,2018.0,Belgium
NCT06519773,Modified Periosteal Inhibition with Simultaneous Implant Placement in Aesthetic Zone,RECRUITING,"PHASE1,PHASE2",INTERVENTIONAL,Immediate Dental Implant,Tanta University,OTHER,,Modified periosteal inhibition,PROCEDURE,2024-07-01,2024.0,Egypt
NCT07242105,Optimizing Brain Excitability in Depression,RECRUITING,NA,INTERVENTIONAL,Major Depressive Disorder,Stanford University,OTHER,National Institute of Mental Health (NIMH),Active Single-Pulse TMS; Sham Single-Pulse TMS; TARGET-optimized TMS; Non-optimized (Open-Loop) TMS; EEG Recording; Intracranial EEG (iEEG) Recording,"DEVICE,OTHER",2025-10-23,2025.0,United States
NCT05242653,Comparison of Wound Integrity for Clear Corneal Cataract Incisions,COMPLETED,NA,INTERVENTIONAL,Cataract,"Zhongshan Ophthalmic Center, Sun Yat-sen University",OTHER,,pressure by a cotton swab; stromal hydration with the balanced salt solution（BSS）,PROCEDURE,2022-02-17,2022.0,China
NCT07531888,Effects of tDCS on Cognitive Function in Older Adults With Subjective Cognitive Decline: Randomized Sham-Controlled Trial,ENROLLING_BY_INVITATION,NA,INTERVENTIONAL,Cognitive Dysfunction ( MMSE < 24 ),Universidad Autónoma del Estado de Hidalgo,OTHER,,Transcranial Direct Current Stimulation,DEVICE,2026-04-17,2026.0,Mexico
NCT06809998,COntralateral CorticoSTeroid Injection in Total Knee Arthroplasty,RECRUITING,"PHASE1,PHASE2",INTERVENTIONAL,Total Knee Anthroplasty; Osteoarthritis(Primary); Osteoarthritis (OA) of the Knee; Bilateral Knee Osteoarthritis,Unity Health Toronto,OTHER,,Corticosteroid Injection - 80mg methylprednisolone (total volume 2ml) with 6 mL of 1% Bupivacaine without epinephrine (Total Volume 8 mL).; Band-Aid,"DRUG,OTHER",2025-01-24,2025.0,Canada
NCT06610617,Neuromodulation of Central Sensory Integration to Improve Postural Control,COMPLETED,NA,INTERVENTIONAL,"Survivorship; Quality of Life; Cognitive Deficits, Mild",University of Pittsburgh,OTHER,,transcranial direct current stimulation (tDCS); Sham tDCS,DEVICE,2024-10-14,2024.0,United States
NCT00637156,Study of the Safety and Effectiveness of the Artificial Cervical Disc - Low Profile Device at Two Adjacent Levels,COMPLETED,NA,INTERVENTIONAL,Cervical Degenerative Disc Disease; Radiculopathy; Myelopathy,Medtronic Spinal and Biologics,INDUSTRY,,PRESTIGE LP device at two adjacent levels; Bi-level fusion with ATLANTIS Cervical Plate System,DEVICE,2006-06,2006.0,United States
NCT02715765,The Use of Transcranial Electrical Stimulation for Hallucinations,TERMINATED,NA,INTERVENTIONAL,Schizophrenia,University of Minnesota,OTHER,Minneapolis Veterans Affairs Medical Center,Transcranial Direct Current Stimulation; Transcranial Random Noise Stimulation; Transcranial Sham Stimulation,DEVICE,2016-07,2016.0,United States
NCT05281302,Combination of Neck Muscle Vibration and tDCS With Conventional Rehabilitation in Neglect Patients,WITHDRAWN,NA,INTERVENTIONAL,Unilateral Spatial Neglect,Union de Gestion des Etablissements des Caisses d'Assurance Maladie - Nord Est,OTHER,"Université de Lorraine, DevAH (EA3450), Nancy, France; Union de Gestion des Etablissements des Caisses d'Assurance Maladie - PACA; Institut Régional de Médecine Physique et de Réadaptation de Nancy - Etablissement de Lay Saint Christophe",Neck muscle vibration; Neck muscle vibration + sham-tDCS; Neck muscle vibration + anodal-tDCS,DEVICE,2024-10,2024.0,
NCT05665231,Differences Between Two Type Implants in Post-extraction Alveolus,COMPLETED,NA,INTERVENTIONAL,"Dental Implants, Single-Tooth",Universidade do Porto,OTHER,,A - Bone defect (clinical variables); B- Bacterial plaque index (O'Leary index)(clinical variables); C- Probing depth; D- Bleeding on probing; E- Gingival phenotype; F- Implant insertion torque (Clinical variables); G- Implant stabilization quotient (ISQ) (clinical variables); Morphometric results (Direct measurements - millimeter); Morphometric results (plaster models measurements - millimeter); Imaging Results (X-ray) (millimeter); Imaging Results (CBCT)(millimeter); Photographic results PES/WES index,OTHER,2017-06-01,2017.0,Portugal
NCT05612139,Post-market Observational Study on JTIN Telescopic Nail in Osteogenesis Imperfecta Pediatric Patients,COMPLETED,NA,OBSERVATIONAL,Osteogenesis Imperfecta,Orthofix s.r.l.,INDUSTRY,,JTIN implantation surgery,DEVICE,2024-08-27,2024.0,France
NCT06671457,Model-Driven Individualized Transcranial Direct Current Stimulation for the Treatment of Insomnia Disorders,RECRUITING,NA,INTERVENTIONAL,Insomnia,Zhen Wang,OTHER,,Active transcranial direct current stimulation; Sham transcranial direct current stimulation,DEVICE,2024-11-10,2024.0,China
NCT06681857,Maxillary Sinus Floor Elevation With Gelatin Sponge Versus Allogenic Demineralized Bone Matrix,COMPLETED,NA,INTERVENTIONAL,Maxillary Sinus Disease,Beni-Suef University,OTHER,,Sinus lifting,PROCEDURE,2024-12-01,2024.0,Egypt
NCT05680701,Modulating Cortical Dynamics of Dual-task Standing in MCI,UNKNOWN,NA,INTERVENTIONAL,Aging; Mild Cognitive Impairment,Hebrew SeniorLife,OTHER,,real tACS; sham tACS,OTHER,2023-03-13,2023.0,United States
NCT01239602,"The Variation of Movement Related Cortical Potential, Cortico-cortical Inhibition, and Motor Evoked Potential in Intracerebral Implantation of Antologous Peripheral Blood Stem Cells(CD34)in Old Ischemic Stroke",UNKNOWN,NA,OBSERVATIONAL,Stroke,China Medical University Hospital,OTHER,,,,2010-10,2010.0,Taiwan
NCT03236454,tDCS-enhanced Working Memory Training in Subjective Cognitive Decline,COMPLETED,NA,INTERVENTIONAL,Subjective Cognitive Decline,University Hospital Tuebingen,OTHER,,"DC-Stimulator MC, NeuroConn",DEVICE,2017-05-11,2017.0,Germany
NCT07569783,tDCS for Reducing the Incidence of OEI After Cesarean Section,NOT_YET_RECRUITING,NA,INTERVENTIONAL,Itching Symptoms; Itching Caused by Epidural Use of Opioids,Affiliated Hospital of Nantong University,OTHER,,Transcranial direct current stimulation; Transcranial direct current stimulation (placebo stimulation),DEVICE,2026-06-15,2026.0,
NCT06140940,Motor Imagery in Aphantasia,RECRUITING,NA,INTERVENTIONAL,Aphasia,Hôpital le Vinatier,OTHER,,"High-definition transcranial direct current (HD-tDCS), active condition; High-definition transcranial direct current (HD-tDCS), sham condition",PROCEDURE,2024-03-28,2024.0,France
NCT07127380,"Comparison of Clinical Outcomes, Complications Rate and Treatment Costs of Mini-TLIF and MIDLIF in the Treatment of Discogenic Low Back Pain",RECRUITING,NA,INTERVENTIONAL,Lower Back Pain Chronic; Lumbar Degenerative Disease; Lumbar Disc Degeneration; Degenerative Disc Disease(DDD),Copernicus Memorial Hospital,OTHER,,Midline Lumbar Interbody Fusion (MIDLIF); Minimally Invasive Transforaminal Lumbar Interbody Fusion (mini-TLIF),PROCEDURE,2025-01-19,2025.0,Poland
NCT02196155,Botulinum Toxin A Versus Steroids for the Treatment of Chronic Plantar Fasciitis,RECRUITING,NA,INTERVENTIONAL,Plantar Fasciitis,"Insel Gruppe AG, University Hospital Bern",OTHER,Luzerner Kantonsspital,Botulinum toxin A; cortisone; Saline,DRUG,2016-07,2016.0,Switzerland
NCT06436352,Does Capsulotomy in Closed Reduction of Femoral Neck Fractures Decrease Incidence of Avascular Necrosis?,COMPLETED,NA,INTERVENTIONAL,Femoral Neck Fractures,Kasr El Aini Hospital,OTHER,,Capsulotomy and fixation; Fixation only,PROCEDURE,2021-01-01,2021.0,Egypt
NCT03846492,Targeting Brain Physiology to Treat Neuropsychiatric Symptoms of Dementia Using TMS-EEG and tDCS,ACTIVE_NOT_RECRUITING,NA,INTERVENTIONAL,"Alzheimer Disease; Dementia, Mixed; Dementia; Behavior Problem; Dementia, Alzheimer Type",Centre for Addiction and Mental Health,OTHER,BrightFocus Foundation,Transcranial Direct Current Stimulation (tDCS),DEVICE,2019-04-24,2019.0,Canada
NCT03131817,Cortical Stimulation to Treat Mood and Behavioral Symptoms in Parkinson's Disease Patients,COMPLETED,NA,INTERVENTIONAL,Parkinson's Disease,"Simon J. Little, MBBS, PhD",OTHER,,Medtronic Activa PC+S System with Chronic Neural Recording; Effort-Reward Decision-Making Task; Prefrontal Cortex Stimulation; Tablet-Based Mood Tracking (Immediate Mood Scaler),"BEHAVIORAL,DEVICE,OTHER",2016-12-16,2016.0,United States
NCT07375771,Transcranial Alternating Current Stimulation in Lewy Body Dementia,RECRUITING,NA,INTERVENTIONAL,Lewy Body Dementia (LBD); Transcranial Alternating Current Stimulation,IRCCS Centro San Giovanni di Dio Fatebenefratelli,OTHER,,Transcranial Alternating Current Stimulation; Sham Transcranial Alternating Current Stimulation,DEVICE,2025-10-01,2025.0,Italy
NCT06728202,Osseodensification Versus Alveolar Ridge Splitting,NOT_YET_RECRUITING,NA,INTERVENTIONAL,Maxillary Deficiency; Horizontal Alveolar Bone Defect,Fayoum University,OTHER,,A Horizontal Ridge Augmentation in Atrophic Maxillary Ridge,PROCEDURE,2024-12,2024.0,
NCT05846477,MySpine MC Versus MySpine Standard,UNKNOWN,NA,OBSERVATIONAL,Degenerative Disc Disease; Osteochondrosis; Spondylolysis Lumbar,Medacta International SA,INDUSTRY,,MySpine,DEVICE,2021-02-04,2021.0,Switzerland
NCT06616181,TDCS and Tele-rehabilitation Exercise in Fibromyalgia,NOT_YET_RECRUITING,NA,INTERVENTIONAL,Fibromyalgia Syndrome,University of Valladolid,OTHER,,Anodal tDCS over M1; Anodal tDCS over DLPFC; Exercise telerehabilitation,"BEHAVIORAL,DEVICE",2024-12-01,2024.0,
NCT05933681,Neurophysiology Biomarkers of Cognitive Impairment Associated With Deep Brain Stimulation,ACTIVE_NOT_RECRUITING,NA,INTERVENTIONAL,Parkinson Disease,Vanderbilt University Medical Center,OTHER,United States Department of Defense,Neural recordings and stimulation,DEVICE,2023-07-06,2023.0,United States
NCT03908359,Comparison of the Effect of Minimal Invasive Lens Surgery and Traditional Cataract Surgery,UNKNOWN,NA,INTERVENTIONAL,Congenital Cataract,Sun Yat-sen University,OTHER,,traditional cataract surgery; minimal invasive lens surgery,PROCEDURE,2019-01-01,2019.0,China
NCT04943003,Study of Neurobiological Predictors of Response to Non-invasive Neurostimulation and Genetic Susceptibility to Dementia in Patients With Amnestic Mild Cognitive Impairment,UNKNOWN,NA,INTERVENTIONAL,Mild Cognitive Impairment,Suellen Marinho Andrade,OTHER,,Transcranial Direct Current Stimulation (tDCS),DEVICE,2021-08-26,2021.0,Brazil
NCT05784961,Impact of tDCS on Cannabis Craving in Schizophrenia,NOT_YET_RECRUITING,NA,INTERVENTIONAL,Schizophrenia; Cannabis Use Disorder,"Centre hospitalier de Ville-Evrard, France",OTHER,,tDCS,DEVICE,2024-03-01,2024.0,France
NCT04796597,Early Feasibility Study on Epios Leads,COMPLETED,NA,INTERVENTIONAL,Epilepsy,Wyss Center for Bio and Neuroengineering,OTHER,,Subcutaneous implantation of Epios sub-scalp leads,DEVICE,2021-03-23,2021.0,Switzerland
NCT01828398,tDCS and Robotic Therapy in Stroke,COMPLETED,PHASE2,INTERVENTIONAL,Stroke; Upper Extremity Impairments,University Hospital of Ferrara,OTHER,,real-tDCS + UE robot-assisted therapy; sham-tDCS + UE robot-assisted therapy,DEVICE,2011-11,2011.0,Italy
NCT07498374,"Efficacy and Safety of Fully Resorbable Sinus Drug-eluting Stents in Patients With Eosinophilic Chronic Rhinosinusitis With Nasal Polyps After Surgery: A Prospective, Randomized Controlled Trial",RECRUITING,NA,INTERVENTIONAL,Eosinophilic Chronic Rhinosinusitis With Nasal Polyps,Tang-Du Hospital,OTHER,,the fully degradable sinus stent; intranasal corticosteroids; oral corticosteroids,"DEVICE,DRUG",2026-01-21,2026.0,China
NCT07277959,Marsupialization of Odontogenic Cysts,COMPLETED,NA,OBSERVATIONAL,Odontogenic Cysts Marsupialization,University Of Anbar,OTHER,,novel use of Grommet tube,DEVICE,2025-01-02,2025.0,Iraq
NCT07656662,Comparison of Split Box and Split Bone Block Techniques in Horizontal Ridge Augmentation,COMPLETED,NA,OBSERVATIONAL,Horizontal Alveolar Ridge Deficiency,Marmara University,OTHER,,Split Bone Block Technique; Split Box Technique,PROCEDURE,2014-01,2014.0,Turkey (Türkiye)
NCT02582593,Revitalize Cognition: Near Infrared Stimulation in Older Adults,COMPLETED,NA,INTERVENTIONAL,Aging,University of Florida,OTHER,Ed and Ethel Moore Alzheimer's Disease Research Program,MedX 1116 Rehab Console; Sham MedX 1116 Rehab Console,DEVICE,2015-12-18,2015.0,United States
NCT03184740,Physical Performance and Analgesic Effects of tDCS in Primary Dysmenorrhea,COMPLETED,NA,INTERVENTIONAL,Transcranial Direct Current Stimulation; Dysmenorrhea Primary; Pain; Mental Disorders; Physical Fitness,Universidade Federal do Rio Grande do Norte,OTHER,,Active Transcranial Direct Current Stimulation; Sham Transcranial Direct Current Stimulation,DEVICE,2017-06-01,2017.0,Brazil
NCT03682315,Comparison of Phicogenic vs. Xenogeneic Biomaterial for Maxillary Sinus Floor Elevation,COMPLETED,NA,INTERVENTIONAL,Sinus Floor Augmentation,Universidad de Granada,OTHER,,Biphasic phycogenic biomaterial; Xenograft bovine hydroxyapatite,DEVICE,2016-09,2016.0,Spain
NCT06749158,"Radiographic and Histological Assessment of GBR Using DBB Compared to Spontaneous Bone Regeneration of Maxillary Defects , Resulted From Enucleation of Intra-bony Cystic Lesions",COMPLETED,NA,INTERVENTIONAL,Maxillary Cyst,Cairo University,OTHER,,spontaneous bone regeneration; guided bone regeneration,PROCEDURE,2024-12-30,2024.0,Egypt
NCT04278560,Modulating Brain Activity to Improve Goal-directed Physical Activity in Older Adults,COMPLETED,NA,INTERVENTIONAL,Aging,Hebrew SeniorLife,OTHER,,Transcranial direct current stimulation (tDCS); Sham stimulation; Behavioral intervention to increase physical activity,"BEHAVIORAL,DEVICE",2020-02-12,2020.0,United States
NCT01435148,Deep Brain Stimulation in Treatment Resistant Depression,UNKNOWN,NA,INTERVENTIONAL,Treatment Resistant Depression,North Bristol NHS Trust,OTHER,University of Bristol,"Deep Brain Stimulation, implanted",PROCEDURE,2006-12,2006.0,United Kingdom
NCT05161520,Impact of Capsular Tension Ring Implantation on Intraocular Lens Position,UNKNOWN,NA,INTERVENTIONAL,Cataract; High Myopia,Xuhua Tan,OTHER,,phacoemulsification combined with IOL and CTR implantation; phacoemulsification combined with IOL implantation,PROCEDURE,2021-12-16,2021.0,China
NCT06813209,Effects of Transcranial Electrical Stimulation in Chronic Stress,NOT_YET_RECRUITING,NA,INTERVENTIONAL,Stress; Sleep,"Egas Moniz - Cooperativa de Ensino Superior, CRL",OTHER,Universidade Federal de Alfenas,tDCS; tVNS,DEVICE,2025-03-01,2025.0,Portugal
NCT07411833,tDCS for Stress and Burnout in Higher Education,ENROLLING_BY_INVITATION,NA,INTERVENTIONAL,Occupational Stress or Workplace Stress; Burnout Syndrome; Burnout,"Egas Moniz - Cooperativa de Ensino Superior, CRL",OTHER,,Transcranial Direct Current Stimulation (tDCS); Sham Transcranial Direct Current Stimulation,DEVICE,2026-02-18,2026.0,Portugal
NCT06740864,40 Hz Transcranial Alternating Current Stimulation for Inducing Gamma Oscillations,COMPLETED,NA,INTERVENTIONAL,Alzheimer Disease; Cognitive Decline,The National Brain Mapping Laboratory (NBML),OTHER,Technical University of Dortmund; Leibniz Research Centre for Working Environment and Human Factors; Institute for Research in Fundamental Sciences (IPM),Transcranial alternating current stimulation; Transcranial alternating current stimulation; Sham Transcranial alternating current stimulation,DEVICE,2024-06-01,2024.0,Iran
NCT02289521,Effect of Stimulation of Dorsolateral Prefrontal Cortex on Language Control,COMPLETED,NA,INTERVENTIONAL,Language; Executive Dysfunction,University of Fribourg,OTHER,"Swiss National Science Foundation; University of Bern; University of Geneva, Switzerland",Transcranial Direct Current Stimulation,DEVICE,2014-08,2014.0,Switzerland
NCT04159012,NESBID: Neuro-Stimulation of the Brain in Depression,WITHDRAWN,NA,INTERVENTIONAL,"Depressive Disorder, Major; Depressive Disorder, Treatment-Resistant; Transcranial Direct Current Stimulation; Electric Stimulation Therapy",University of Alberta,OTHER,Alberta Health services,Transcranial direct current stimulation,DEVICE,2020-09-01,2020.0,Canada
NCT06679894,Evaluation of Implant Stability Changes in Sites Prepared with Different Osseodensification Techniques: a Prospective Observational Clinical Study,COMPLETED,NA,OBSERVATIONAL,Edentulous; Alveolar Process Atrophy,International Piezosurgery Academy,OTHER,University of Trieste,Implant site preparation with osteotomes and electrified mallet; Implant site preparation with osseodensification drills,PROCEDURE,2024-02-15,2024.0,Italy
NCT02817139,Transcranial Direct Current Simulation in Chronic Migraine,UNKNOWN,"PHASE1,PHASE2",INTERVENTIONAL,Migraine Disorders,Federal University of Paraíba,OTHER,,TDCS,DEVICE,2016-06,2016.0,Brazil
NCT02321566,"Motor Cortex Stimulation for the Treatment of Chronic Facial, Upper Extremity, and Throat Pain.",TERMINATED,PHASE1,INTERVENTIONAL,"Trigeminal Neuralgia (Burchiel Type I); Trigeminal Neuralgia (Burchiel Type II); Trigeminal Neuropathic Pain; Trigeminal Deafferentation Pain; Complex Regional Pain Syndrome (Types I and II, Involving the Upper Extremity); Glossopharyngeal Neuralgia; Upper Extremity Pain Due to Deafferentation of the Cervical Spine; Central Pain Syndromes",Johns Hopkins University,OTHER,,Epidural Motor Cortex Stimulation,DEVICE,2015-02,2015.0,United States
NCT05477745,The Correlation Between Femoral Component Implanting Flexion Angle and Posterior Condyle Offset in Cruciate Retaining Total Knee Arthroplasty,UNKNOWN,NA,OBSERVATIONAL,Knee Osteoarthritis,RenJi Hospital,OTHER,,total knee arthroplasty,PROCEDURE,2022-07-29,2022.0,
NCT07381608,Clinical and Patient-reported Outcomes of Guided Versus Freehand Harvesting Of Positioning of Autogenous Bone Shells,COMPLETED,NA,INTERVENTIONAL,Alveolar Bone Loss in Mandible; Guided Bone Regeneration; Dental Implant,Shalash Dental education,OTHER,,Free hand shell technique; Guided shell technique,DEVICE,2026-01-17,2026.0,Egypt
NCT03180151,The Effect of Corticotomy in En-mass Retraction,COMPLETED,NA,INTERVENTIONAL,Accelerate Tooth Movement,King Abdulaziz University,OTHER,,piezotome assisted orthodontic tooth movement,PROCEDURE,2016-09,2016.0,
NCT07498777,Individual Alpha Frequency-Based rTMS for Post-Stroke Motor Recovery: Efficacy and Neurophysiological Mechanisms,NOT_YET_RECRUITING,NA,INTERVENTIONAL,Ischemic Stroke,National Taiwan University Hospital,OTHER,,Active Individual Alpha Frequency-based Repetitive Transcranial Magnetic Stimulation (IAF-rTMS); Sham Individual Alpha Frequency-based Repetitive Transcranial Magnetic Stimulation (IAF-rTMS),DEVICE,2026-04-01,2026.0,Taiwan
NCT06571695,Restoring the Anatomic Tension Relationship of the Long Head of the Biceps During Tenodesis,COMPLETED,NA,INTERVENTIONAL,Biceps Tendon Disorder; Tendinosis; Rotator Cuff Injuries,Loyola University,OTHER,,Anatomic Long Head of Biceps Tensioning Technique; Traditional Long Head of Biceps Tensioning Technique,PROCEDURE,2020-10-27,2020.0,United States
NCT00079781,RNS® System Feasibility Study,COMPLETED,PHASE2,INTERVENTIONAL,Epilepsy,NeuroPace,INDUSTRY,,RNS® System implantation; RNS® System responsive stimulation,"DEVICE,PROCEDURE",2004-01,2004.0,United States
NCT03773523,Neuromodulation and Cognitive Training in Opioid Use Disorder,ACTIVE_NOT_RECRUITING,NA,INTERVENTIONAL,Opioid-use Disorder; Opioid Dependence; Opioid Abuse,University of Minnesota,OTHER,,Transcranial Direct Current Stimulation (tDCS),DEVICE,2019-08-01,2019.0,United States
NCT06994390,Neuropathic Pain Intervention With tDCS in Brazilian Military Personnel (NeuBRAIN Trial),NOT_YET_RECRUITING,NA,INTERVENTIONAL,Neuropathic Pain; Sleep Quality; Transcranial Direct Current Stimulation,Hospital da Polícia Militar de Goiás,NETWORK,University of Sao Paulo General Hospital,tDCS; sham intervention,DEVICE,2026-03-01,2026.0,Brazil
NCT06173492,Platelet Rich Fibrin (PRF) in Socket Preservation Technique,UNKNOWN,NA,INTERVENTIONAL,Alveolar Bone Loss; Tooth Extraction,University of Naples,OTHER,,Dental extraction; Platelet Rich Fibrin,"DEVICE,PROCEDURE",2023-01-11,2023.0,Italy
NCT02979314,The Influence of GVS on Mental Transformation,COMPLETED,NA,INTERVENTIONAL,Focus of Study: Higher Cognition and the Vestibular System,University of Zurich,OTHER,,Galvanic Vestibular Stimulation,DEVICE,2016-12-01,2016.0,
NCT01284686,Pathophysiology of Neuronal Oscillations Within Subthalamo-cortical Loops in Parkinson's Disease,COMPLETED,NA,INTERVENTIONAL,Parkinson's Disease; Pathophysiology of Neuronal Oscillations Within Subthalamo-cortical Loops,Assistance Publique Hopitaux De Marseille,OTHER,,subthalamo-cortical loops stimulation in a one-sided and bipolar way; subthalamo-cortical loops stimulation in a one-sided and bipolar way,OTHER,2012-03-26,2012.0,France
NCT07746856,Effect of Transcranial Direct Current Stimulation on Hand Recovery and Quality of Life in Hemiparetic Cerebral Palsied Children,COMPLETED,NA,INTERVENTIONAL,Cerebral Palsy,October 6 University,OTHER,,Transcranial Direct Current Stimulation; Functional Task Training,"DEVICE,OTHER",2025-10-01,2025.0,Egypt
NCT03204942,Dorsal Root Ganglion Thermal Radiofrequency Versus Pulsed Radiofrequency for Metastatic Pain in Thoracic Vertebral Body,COMPLETED,NA,INTERVENTIONAL,"Bone Neoplasm,Malignant Vertebral Column Thoracic Secondary","National Cancer Institute, Egypt",OTHER,,PRF on DRG; TRF on DRG; Corticosteroid injection,"DEVICE,DRUG",2017-02-14,2017.0,Egypt
NCT03608280,Efficiency of 3D-printed Implant Versus Autograft for Orbital Reconstruction (TOR-3D),RECRUITING,NA,INTERVENTIONAL,Significant Bone Defect in the Orbit,Hospices Civils de Lyon,OTHER,,Bone autograft; Orbital reconstruction by 3D-printed porous titanium implant,PROCEDURE,2023-05-04,2023.0,France
NCT07343973,Post-Market Study on the Safety and Effectiveness of the OpHLINE OVD in Cataract Surgery,COMPLETED,NA,INTERVENTIONAL,Cataract Surgery,i+Med S.Coop.,INDUSTRY,Hospital Universitario Araba; Hospital Universitario Basurto,Cataract Surgery by Phacoemulsification with Posterior Chamber Intraocular Lens Implantation (OpHLINE 1.4%); Cataract Surgery by Phacoemulsification with Posterior Chamber Intraocular Lens Implantation (OpHLINE 2%); Cataract Surgery by Phacoemulsification with Posterior Chamber Intraocular Lens Implantation (OpHLINE 3%),DEVICE,2021-03-02,2021.0,Spain
NCT04871048,Examining tDCS Effect on Cannabis Use Disorder in Patients With Schizophrenia,RECRUITING,NA,INTERVENTIONAL,Schizophrenia; Cannabis-Induced Disorder,Centre Hospitalier Universitaire de Saint Etienne,OTHER,Direction Générale de l'Offre de Soins,Transcranial direct current stimulation (tDCS) active; Transcranial direct current stimulation (tDCS) non active,DEVICE,2023-02-15,2023.0,France
NCT04102254,Thalamic Stimulation for Epilepsy Study,WITHDRAWN,NA,INTERVENTIONAL,Seizures; Epilepsy; Seizure Disorder,Duke University,OTHER,,ANT recording and stimulation,PROCEDURE,2023-01-07,2023.0,United States
NCT07565545,Posterior-Inferior Intra-articular Cortical Piercing Titanium Implant for Sacroiliac Joint Fusion: Evaluation of Safety and Effectiveness Outcomes,NOT_YET_RECRUITING,NA,OBSERVATIONAL,Sacro Iliac Joint Pain; Sacro-iliac Joints; Sacroiliac Disorder; Sacroiliac Joint Dysfunction; Sacroiliac Joint Disruption; Degenerative Sacroiliitis,"SI-BONE, Inc.",INDUSTRY,,iFuse INTRA Ti Implant System,DEVICE,2026-09,2026.0,
NCT05132764,Effect of Micro-osteo-perforations on the Rate of Alignment of Mandibular Anterior Teeth.,UNKNOWN,NA,INTERVENTIONAL,Orthodontics,Rehman Medical Institute - RMI,OTHER,,Microosteoperforations,PROCEDURE,2021-01-01,2021.0,Pakistan
NCT06329011,Combining Transcranial Direct Current Stimulation With Intermittent Oral to Esophageal Tube for Stroke-related Dysphagia,UNKNOWN,NA,INTERVENTIONAL,Stroke,Copka Sonpashan,OTHER_GOV,,Comprehensive rehabilitation therapy; Intermittent Oro-esophageal Tube Feeding; Transcranial direct current stimulation; Placebo Transcranial direct current stimulation,"BEHAVIORAL,DEVICE",2024-03,2024.0,
NCT04675398,Adaptive Deep Brain Stimulation to Improve Motor and Gait Functions in Parkinson's Disease,ACTIVE_NOT_RECRUITING,NA,INTERVENTIONAL,Parkinson Disease,"Doris Wang, MD, PhD",OTHER,Michael J. Fox Foundation for Parkinson's Research; Burroughs Wellcome,Summit RC+S; Summit RC+S; Summit RC+S; Summit RC+S,DEVICE,2021-06-15,2021.0,United States
NCT06969456,Managing Chronic Spinal Pain With Exercise and Neuromodulation,RECRUITING,NA,INTERVENTIONAL,Spinal Pain Syndrome; Chronic Pain (Back / Neck),Fundación Universidad Católica de Valencia San Vicente Mártir,OTHER,,Exercise; TDCS; ShamTDCS,PROCEDURE,2025-10-27,2025.0,Spain
NCT06450535,Radiographic and Histological Assessment of Autogenous Onlay Block Versus Cortical Shell on Anterior Maxilla,UNKNOWN,NA,INTERVENTIONAL,Alveolar Bone Loss,Cairo University,OTHER,,Autogenous onlay bone block harvesting from retromolar bone in anterior maxilla; Autogenous cortical shell technique from retromolar bone in anterior maxilla,PROCEDURE,2024-07-01,2024.0,Egypt
NCT07547215,Post-Market Clinical Study Using TRAQ™ for Minimally Invasive Posterior Sacroiliac Joint Fusion,RECRUITING,NA,OBSERVATIONAL,Sacroiliac Joint Dysfunction; Sacroiliac Joint Pain,"PainTEQ, LLC",INDUSTRY,,Bone Allograft,OTHER,2026-05-27,2026.0,United States
NCT02929784,tDCS to Treat Hemiplegic Shoulder Pain,UNKNOWN,NA,INTERVENTIONAL,Stroke,Loewenstein Hospital,OTHER,,Intervention; Sham,DEVICE,2018-11-01,2018.0,
NCT02098265,A Closed Loop Neural Activity Triggered Stroke Rehabilitation Device,RECRUITING,NA,INTERVENTIONAL,Stroke,"University of Wisconsin, Madison",OTHER,American Heart Association,Functional Electric Stimulation (FES); Behavioral Assessments; Magnetic Resonance Imaging; EEG; RecoveriX; Delay; BCI-FES,"BEHAVIORAL,DEVICE,OTHER",2010-06,2010.0,United States
NCT04827693,The Cortical Shield for Facial Bone Reconstruction,COMPLETED,NA,OBSERVATIONAL,Tooth Loss; Tooth Diseases; Tooth Fracture; Tooth Injuries; Periodontal Bone Loss; Periodontitis; Peri-Implantitis; Tooth Decay,"Verdugo, Fernando, DDS",INDIV,,,,2019-01-03,2019.0,United States
NCT07071870,RCT on the Efficacy and Safety of Minimally Invasive SAIF Technique vs Spinal Fixation in Unstable Osteoporotic Vertebral Fractures,NOT_YET_RECRUITING,NA,INTERVENTIONAL,Unstable Osteoporotic Vertebral Compression Fractures,Eva Koetsier MD PhD,OTHER,"Prof. Dr. Med. Alessandro Cianfoni, MD PhD, Neurocenter of Southern Switzerland - Ente Ospedaliero Cantonale (EOC)",Stent-screw Assisted Internal Fixation (SAIF); Surgical stabilization,PROCEDURE,2027-01-01,2027.0,Switzerland
NCT07256730,Computer-Guided Ridge Split and Expansion Using an Electromagnetic Mallet,ACTIVE_NOT_RECRUITING,NA,INTERVENTIONAL,Reconstruction of Horizontal Ridge Defects,Kafrelsheikh University,OTHER,,free-hand ridge splitting; AI/guided ridge splitting,PROCEDURE,2024-08-27,2024.0,Egypt
NCT02443181,Demand-driven Management of Essential Tremor,COMPLETED,NA,INTERVENTIONAL,Essential Tremor,University of Washington,OTHER,,Activa PC+S,DEVICE,2015-02,2015.0,United States
NCT00354133,Controlled Trial With Deep Brain Stimulation in Patients With Early Parkinson's Disease,UNKNOWN,PHASE4,INTERVENTIONAL,Parkinson Disease,German Parkinson Study Group (GPS),OTHER,University Hospital Schleswig-Holstein; Assistance Publique - Hôpitaux de Paris; KKS Netzwerk,"Kinetra and Soletra (neurostimulator, Medtronic); Best Medical Treatment","DEVICE,DRUG",2006-07,2006.0,France; Germany
NCT06560372,"Incidence, Characteristics and Evolution of Cerebral Vasospasm With Clinical Impact in Moderate to Severe Traumatic Brain Injury Complicated by Subarachnoid Hemorrhage at Martinique University Hospital",RECRUITING,NA,INTERVENTIONAL,SAH (Subarachnoid Hemorrhage); Cerebral Vasospasm; Moderate Traumatic Brain Injury; Severe Traumatic Brain Injury,University Hospital Center of Martinique,OTHER,,Additional realization of a brain perfusion scan sequence which would allow the radiological diagnosis of CV,PROCEDURE,2024-11-06,2024.0,France
NCT07740694,EEG Microstate and Neuroinflammatory Biomarkers in Older Age Patients With Major Depressive Disorder Receiving ECT,RECRUITING,NA,OBSERVATIONAL,Major Depression Moderate; Major Depression Severe; Major Depression With Comorbid Anxiety Symptoms; Major Depression With Panic Attacks; Major Depression With Psychotic Features; Major Depressive Episode; Bipolar Affective Disorder; Bipolar Depression Depressed Phase; Bipolar Depression; Bipolar Anhedonic Depression; Catatonia,Istanbul University - Cerrahpasa,OTHER,,Electroconvulsive Therapy,DEVICE,2025-12-01,2025.0,Turkey (Türkiye)
NCT06097975,A Clinical Trial on Combined (Neo-)Adjuvant Intravenous Plus Intracranial Administration of Ipilimumab and Nivolumab in Recurrent Glioblastoma,RECRUITING,PHASE1,INTERVENTIONAL,Recurrent Glioblastoma,Universitair Ziekenhuis Brussel,OTHER,,Neo-adjuvant nivolumab and ipililumab IV + adjuvant nivolumab and ipililumab IV; Neurosurgery and intracavitary injection nivolumab and ipililumab; Adjuvant nivolumab IV + nivolumab and ipililumab intracavitary,"DRUG,PROCEDURE",2024-03-15,2024.0,Belgium
NCT01183871,Cerebral Oxygenation After Lung Resection,COMPLETED,PHASE1,INTERVENTIONAL,Elective; Lung Resection; Surgery,King Faisal University,OTHER,,Monitoring of cerebral oxygenation,PROCEDURE,2010-02,2010.0,Saudi Arabia
NCT05871372,Intracranial Investigation of Neural Circuity Underlying Human Mood,RECRUITING,NA,INTERVENTIONAL,Depression; Epilepsy,Baylor College of Medicine,OTHER,University of Minnesota; University of Texas,Brain Stimulation; sEEG Stimulation,DEVICE,2023-07-03,2023.0,United States
NCT03093012,Individual Blood Pressure Optimization Based on Cerebral Autoregulation After Implantation of Continuous-flow LVAD,COMPLETED,NA,OBSERVATIONAL,Heart-Assist Devices; Heart Failure,Baylor College of Medicine,OTHER,International Society for Heart and Lung Transplantation,,,2015-08,2015.0,United States
NCT06725836,Clinical Testing of Invasive Spinal Cord Stimulation and Evaluation of Its Physiological Effects Using the Electroencephalography,RECRUITING,NA,INTERVENTIONAL,Spinal Cord Injuries (SCI); Spinal Cord Injury,Artur Biktimirov,OTHER,Skolkovo Institute of Science and Technology; The Federal Center of Brain Research and Neurotechnologies,Implantation of electrodes into the epidural space for spinal cord stimulation; Selection of the optimal spinal cord stimulation program for spastic syndrome suppression; Selection of the optimal spinal cord stimulation program for volitional motor control; Resting electroencephalography for identifying neurocorrelates of spinal cord stimulation.; Electroencephalography within the motor imagery paradigm,"DIAGNOSTIC_TEST,PROCEDURE",2023-04-22,2023.0,Russia
NCT03437928,DBS for Depression,RECRUITING,NA,INTERVENTIONAL,Major Depressive Disorder,Baylor College of Medicine,OTHER,University of Texas,Directional Deep Brain Stimulation,DEVICE,2019-08-20,2019.0,United States
NCT04735458,Investigating Inhibitory Control Networks in Parkinson's Disease,RECRUITING,NA,INTERVENTIONAL,Parkinson Disease,University of Alabama at Birmingham,OTHER,National Institute of Neurological Disorders and Stroke (NINDS),Procedure/Surgery: Response Inhibition and Deep Brain Stimulation in Parkinson's disease,OTHER,2021-04-01,2021.0,United States
NCT02800174,Smart Nitinol Stent System for the Treatment of Severe Atherosclerotic Carotid Stenosis,COMPLETED,NA,INTERVENTIONAL,Carotid Artery Stenosis,Beijing Jishuitan Hospital,OTHER,,Smart nitinol stent implantation; antiplatelet drug,"DEVICE,DRUG",2006-06,2006.0,
NCT05854160,Stimulation-Induced Changes in Fronto-Limbic Network,RECRUITING,NA,INTERVENTIONAL,Epilepsy; Mental Disorders,University of Alabama at Birmingham,OTHER,National Institute of Mental Health (NIMH),Electrical Pulse Train Stimulation,PROCEDURE,2023-03-01,2023.0,United States
NCT07603752,Implantable Wireless Brain-Machine Interface System for Spinal Cord Injury: Efficacy and Safety Study,RECRUITING,NA,INTERVENTIONAL,Spinal Cord Injury,"Shanghai StairMed Technology Co., Ltd.",INDUSTRY,Huashan Hospital,WRS,DEVICE,2026-04-28,2026.0,China
NCT05962489,Sleep-specific DBS Therapy in Parkinson's Disease,RECRUITING,NA,INTERVENTIONAL,Deep Brain Stimulation; Parkinson's Disease and Parkinsonism; Dystonia,University of Minnesota,OTHER,,Clinically optimized deep brain stimulation,OTHER,2023-06-22,2023.0,United States
NCT01329198,Brain Stimulation for the Treatment of Tourette Syndrome,COMPLETED,NA,INTERVENTIONAL,Tourette Syndrome,University of Florida,OTHER,,NeuroPace RNS® System Deep Brain Stimulator,DEVICE,2009-09,2009.0,United States
NCT03344432,Correlation Intraocular Pressure With Intracranial Pressure,UNKNOWN,NA,OBSERVATIONAL,"Intraocular Pressure; Intracranial Pressure Increase; Trauma, Brain; Children, Only",Hospital Civil de Guadalajara,OTHER,,with intraocular pressure high; without intraocular pressure high,DIAGNOSTIC_TEST,2015-06-10,2015.0,Mexico
NCT04758104,Assessment of the Efficacy of Stereotactic Intracavitary Instillation of 90Yttrium Colloid,COMPLETED,NA,INTERVENTIONAL,Neuroepithelial Cyst,David Clarke,OTHER,Nova Scotia Health Authority,Yttrium90,RADIATION,2021-03-23,2021.0,Canada
NCT05390216,Impact of Partial Capsule Decortication on Device-related Infection in Patients Receiving Cardiac Implantable Electronic Device Replacement,ACTIVE_NOT_RECRUITING,NA,INTERVENTIONAL,Pacemaker Complication; Infections,Shanghai Zhongshan Hospital,OTHER,,Partial capsule decortication,PROCEDURE,2022-06-05,2022.0,China
NCT00977938,The Dual Antiplatelet Therapy Study (DAPT Study),COMPLETED,PHASE4,INTERVENTIONAL,Coronary Artery Disease,Baim Institute for Clinical Research,OTHER,Abbott; Boston Scientific Corporation; Bristol-Myers Squibb; Sanofi-Synthelabo; Cordis US Corp.; Eli Lilly and Company; Daiichi Sankyo; Medtronic,"Placebo & Aspirin; Clopidogrel & Aspirin, Prasugrel & Aspirin",DRUG,2009-10,2009.0,Australia; Czechia; France; Germany; Hungary; New Zealand; Poland; Romania; United Kingdom; United States
NCT07633379,Local Field Potential Correlates of Neuropsychiatric Symptoms in Parkinson's Disease,NOT_YET_RECRUITING,NA,OBSERVATIONAL,PARKINSON DISEASE (Disorder),King's College London,OTHER,Ruijin Hospital,,,2026-06-01,2026.0,China; United Kingdom
NCT04165746,Early Institutionalization Intervention Impact Project,RECRUITING,NA,INTERVENTIONAL,Socioemotional Development; Cognitive Ability; Behavioral and Neural Patterns of Attention; Brain Function; Psychopathology,Boston Children's Hospital,OTHER,"University of Maryland, College Park; Tulane University; Instituto PENSI; Harvard University; Inter-American Development Bank; Lumos Foundation; Two Lilies Fund; Fundação Maria Cecilia Souto Vidigal",Foster Care; Caregiving Intervention,"BEHAVIORAL,OTHER",2023-03-16,2023.0,Brazil
NCT02303288,Post-Market Study of the Argus® II Retinal Prosthesis System - France,COMPLETED,NA,OBSERVATIONAL,Retinitis Pigmentosa,Second Sight Medical Products,INDUSTRY,,Argus II Retinal Prosthesis System,DEVICE,2014-11-20,2014.0,France
NCT04602546,Evaluation of Bispectral Index (BIS™) and Levels of Sedation With Common Inhalational Anesthetics in Healthy Volunteers (OLIVER),COMPLETED,NA,INTERVENTIONAL,Anesthesia,Medtronic - MITG,INDUSTRY,,BIS Complete Monitoring System,DEVICE,2021-02-09,2021.0,United States
NCT05671848,Electroclinical Correlates in Essential Tremor,COMPLETED,NA,INTERVENTIONAL,Essential Tremor,"University Hospital, Bordeaux",OTHER,MINDig,Recordings of thalamic activity,OTHER,2023-05-03,2023.0,France
NCT06947720,Research on Ultrasound Diagnostic Criteria for Intracranial and Extracranial Arterial Serial Stenosis,NOT_YET_RECRUITING,NA,OBSERVATIONAL,Ischemic Stroke; Carotid Stenosis,"Xuanwu Hospital, Beijing",OTHER,,stenting,PROCEDURE,2025-09-01,2025.0,China
NCT03363724,Validation of HaGuide Software Module Accuracy in Mapping STN Boundaries in Parkinson's Disease Patients Who Underwent DBS Procedure,COMPLETED,NA,OBSERVATIONAL,Parkinson Disease; Deep Brain Stimulation,Alpha Omega Engineering Ltd.,INDUSTRY,"University of Colorado, Denver; Hadassah Medical Organization; Swedish Medical Center",HaGuide version 1.0 software module,OTHER,2016-12,2016.0,
NCT04331392,Online Memory Intervention for Individuals with Traumatic Brain Injury,RECRUITING,NA,INTERVENTIONAL,"Brain Injuries, Traumatic; Brain Injury Traumatic Severe; Brain Injury Traumatic Moderate; Brain Injury, Chronic",Toronto Rehabilitation Institute,OTHER,Ontario Neurotrauma Foundation; Centre for Aging and Brain Health Innovation,Spatial Navigation Intervention; Educational Videos,BEHAVIORAL,2018-10-30,2018.0,Canada
NCT04281134,Development of Adaptive Deep Brain Stimulation for OCD,ACTIVE_NOT_RECRUITING,NA,INTERVENTIONAL,Obsessive-Compulsive Disorder,Baylor College of Medicine,OTHER,University of Pittsburgh; Brown University; Carnegie Mellon University; National Institute of Neurological Disorders and Stroke (NINDS); Medtronic,Summit RC+S System; One Month Blinded Discontinuation Period:,"DEVICE,OTHER",2019-10-11,2019.0,United States
NCT02476396,Structural Stability of Carotid Plaque and Symptomatology,COMPLETED,NA,OBSERVATIONAL,Carotid Stenosis; Stroke; Carotid Artery Plaque; Transient Ischemic Attack; Cerebrovascular Accident; Carotid Artery Stenosis,"University of Wisconsin, Madison",OTHER,"National Heart, Lung, and Blood Institute (NHLBI); National Institute of Neurological Disorders and Stroke (NINDS)",Carotid Endarterectomy or Stenting,PROCEDURE,2015-11-09,2015.0,United States
NCT07748962,Decoding the Neural Mechanisms Underlying Postural Instability and Gait Dysfunction in Parkinson's Disease,NOT_YET_RECRUITING,NA,INTERVENTIONAL,Parkinson Disease; Freezing of Gait,The Cleveland Clinic,OTHER,Medtronic,Multiple Deep Brain Stimulation (DBS) Conditions; Moving Overground in a Virtual Environment (MOVE); Cleveland Clinic Stair Ambulation and Functional Evaluation of Gait (SAFE-Gait),"BEHAVIORAL,OTHER",2026-09-18,2026.0,United States
NCT03269942,Study of Complex Intracranial Aneurysm Treatment,UNKNOWN,NA,INTERVENTIONAL,Intracranial Aneurysm,Meshalkin Research Institute of Pathology of Circulation,NETWORK,,Endovascular Flow-Diversion; Cerebral Revascularization,PROCEDURE,2015-03-14,2015.0,Russia
NCT06012461,Closed-loop DBS in Parkinson's Disease,UNKNOWN,NA,INTERVENTIONAL,Parkinson Disease,Tsinghua University,OTHER,"National Engineering Research Center of Neuromodulation, Tsinghua University; Beijing Tiantan Hospital; Peking Union Medical College Hospital; Beijing Pins Medical Co., Ltd",Closed-loop DBS stimulation for 24 hours; Open-loop DBS stimulation for 24 hours; Closed-loop DBS stimulation for 72 hours; Open-loop DBS stimulation for 72 hours,OTHER,2023-06-30,2023.0,China
NCT01037686,The Effect of Electrode Implantation for Deep Brain Stimulation (DBS) on Brain Function Using Single Photon Emission Computed Tomography (SPECT) With Technetium-99m-ethyl Cysteinatedimer (Tc-ECD),UNKNOWN,NA,INTERVENTIONAL,Parkinson's Disease; Deep Brain Stimulation,Sheba Medical Center,OTHER_GOV,,Injection of 15mCi of Tc-ECD and scanning by SPECT camera; Semantic verbal fluency task performance; Turning off the stimulator,"BEHAVIORAL,DEVICE,RADIATION",2006-02,2006.0,Israel
NCT05146037,INTERvention With Cerebral Embolic Protection in Transcatheter Aortic Valve Implantation (INTERCEPTavi),UNKNOWN,NA,INTERVENTIONAL,Stroke; Aortic Valve Stenosis; Silent Cerebral Infarct; Vascular Brain Injury,Imperial College London,OTHER,Imperial College Healthcare NHS Trust,CO2 and saline flushing; Saline flushing,OTHER,2021-09-01,2021.0,United Kingdom
NCT05113381,The Purpose of This Study is to Determine Whether CerebroFlo™ EVD Catheter is Effective During the Treatment of Intraventricular Hemorrhage (IVH),COMPLETED,NA,INTERVENTIONAL,Intraventricular Hemorrhage; Subarachnoid Hemorrhage,Integra LifeSciences Corporation,INDUSTRY,,CerebroFlo™ EVD Catheter,DEVICE,2021-09-15,2021.0,United States
NCT06249022,Different Feeding in Traumatic Brain Injury Patients,UNKNOWN,NA,INTERVENTIONAL,Traumatic Brain Injury,Zeng Changhao,OTHER,,Rehabilitation therapy; Intermittent Oro-esophageal Tube Feeding; Nasogastric tube feeding,"BEHAVIORAL,DEVICE",2024-02-20,2024.0,Taiwan
NCT06039605,Priming Expectations and Motor Learning With tDCS,COMPLETED,NA,INTERVENTIONAL,Expectations; Motor Learning,Arizona State University,OTHER,,Transcranial Direct Current Stimulation,DEVICE,2023-10-23,2023.0,United States
NCT02416492,A Study of Modified Stem Cells in Traumatic Brain Injury (TBI),COMPLETED,PHASE2,INTERVENTIONAL,Traumatic Brain Injury,"SanBio, Inc.",INDUSTRY,,SB623 cells; Sham Control,"BIOLOGICAL,PROCEDURE",2016-07-06,2016.0,Japan; Ukraine; United States
NCT01438593,Study of Purified Umbilical Cord Blood CD34+ Stem Cell on Chronic Ischemic Stroke,UNKNOWN,PHASE1,INTERVENTIONAL,"Ischemic Stroke; Ischaemic Cerebral Infarction; Infarction, Middle Cerebral Artery; Ischemia; Brain Ischemia",China Medical University Hospital,OTHER,,Intercerebral implantation of allogenic CD34+ stem cell,PROCEDURE,2013-01,2013.0,Taiwan
NCT04247321,Non-invasive Near-infrared Spectroscopy (NIRS) Versus Invasive Licox Intracranial Pressure,WITHDRAWN,NA,INTERVENTIONAL,Brain Injuries,Mayo Clinic,OTHER,,Licox® Brain Tissue Oxygen Monitoring System; Near-infrared spectroscopy (NIRS),DEVICE,2021-09-01,2021.0,United States
NCT01678014,Deep Brain Stimulation and Capsulotomy for the Treatment of Refractory Anorexia Nervosa,UNKNOWN,PHASE1,INTERVENTIONAL,Anorexia,Ruijin Hospital,OTHER,,Deep Brain Stimulation(DBS); Capsulotomy,PROCEDURE,2012-04,2012.0,China
NCT04315064,Infusion of Panobinostat (MTX110) Into the Fourth Ventricle in Children and Adults with Recurrent Medulloblastoma,COMPLETED,EARLY_PHASE1,INTERVENTIONAL,Medulloblastoma,"The University of Texas Health Science Center, Houston",OTHER,Midatech Pharma plc,Treatment with MTX110,DRUG,2020-04-21,2020.0,United States
NCT03085667,Impact of Implantation of an LAA Occluder on ANP and BNP Level and Quality of Life,COMPLETED,NA,OBSERVATIONAL,Atrial Fibrillation,University of Leipzig,OTHER,,,,2011-01,2011.0,Germany
NCT07110337,Diagnosing Epilepsy To EffeCT Change,RECRUITING,NA,INTERVENTIONAL,Epilepsy; Epilepsy (Treatment Refractory),"Epiminder America, Inc.",INDUSTRY,,Receipt of the Minder System (implantable sub-scalp continuous electroencephalographic (EEG) monitoring (iCEM) system),DEVICE,2025-12-23,2025.0,United States
NCT06782867,RNS for Treatment-resistant Obsessive-compulsive Disorder,RECRUITING,NA,INTERVENTIONAL,Obsessive-Compulsive Disorder (OCD),"Xuanwu Hospital, Beijing",OTHER,,Responsive Neurostimulation (RNS),DEVICE,2025-02-05,2025.0,China
NCT03815656,Closed Loop DBS Implanted RC+S Study,ENROLLING_BY_INVITATION,NA,INTERVENTIONAL,Parkinson Disease,"Dennis Turner, M.D.",OTHER,National Institutes of Health (NIH); Duke University; National Institute of Neurological Disorders and Stroke (NINDS),STN alone; GPi alone; STN + GPi; Closed-loop stimulation,DEVICE,2019-07-10,2019.0,United States
NCT06304012,Effect of Oral Enteral Nutrition on Severe Traumatic Brain Injury,COMPLETED,NA,INTERVENTIONAL,Traumatic Brain Injury,Muhammad,OTHER,,Nasogastric tube feeding; Intermittent Oro-esophageal Tube Feeding; Rehabilitation therapy,"BEHAVIORAL,DEVICE",2022-06-01,2022.0,Taiwan
NCT07385157,Ultra-long-term EEG Monitoring in PwID,ACTIVE_NOT_RECRUITING,NA,OBSERVATIONAL,"Epilepsy; Intellectual Disability, Mild to Moderate",University of Plymouth,OTHER,Newcastle University; UNEEG Medical A/S,A minimally-invasive EEG monitoring device,DEVICE,2024-10-12,2024.0,United Kingdom
NCT01317212,Dose-Escalation Study of Carboplatin Administration Into the Brain for Glioblastoma Multiforme,WITHDRAWN,PHASE1,INTERVENTIONAL,Glioblastoma Multiforme,North Bristol NHS Trust,OTHER,,Peritumoural carboplatin administration.,DRUG,2015-05,2015.0,United Kingdom
NCT07369401,Deep Brain Stimulation of the Nucleus Accumbens and Anterior Limb of the Internal Capsule in the Treatment of Refractory Schizophrenia,NOT_YET_RECRUITING,NA,INTERVENTIONAL,Refractory Schizophrenia,First Affiliated Hospital of Fujian Medical University,OTHER,,Deep Brain Stimulation; Deep Brain Stimulation,DEVICE,2026-01-20,2026.0,
NCT03352739,Fornix and NbM as Targets of Stimulation In Alzheimer's Disease,UNKNOWN,NA,INTERVENTIONAL,Alzheimer Disease,"Xuanwu Hospital, Beijing",OTHER,"Beijing Pins Medical Co., Ltd","DBS of the fornix, power on; DBS of the NbM, power on; DBS of the fornix, power off; DBS of the NbM, power off",DEVICE,2017-12-01,2017.0,China
NCT05905198,Programming Strategy of VFS for Gait Impairments in PD,UNKNOWN,NA,INTERVENTIONAL,"Parkinson's Disease; Deep Brain Stimulation; Gait Disorders, Neurologic",Peking Union Medical College Hospital,OTHER,,Programming,DEVICE,2023-05-24,2023.0,China
NCT02609867,A Feasibility Study to Evaluate the Safety and Effectiveness of Implantation of Flowise Cerebral Flow Diverter (Flowise),COMPLETED,NA,INTERVENTIONAL,Intracranial Aneurysm,Yonsei University,OTHER,,Flowise Cerebral Flow Diverter,DEVICE,2015-10-23,2015.0,South Korea
NCT02331615,Application of Trans Cranial Direct Current Stimulation for Executive Dysfunction After Traumatic Brain Injury,COMPLETED,NA,INTERVENTIONAL,Traumatic Brain Injury,Loewenstein Hospital,OTHER,,neuroConn_CE_DC-STIMULATOR; neuroConn_CE_DC-STIMULATOR; SHAM,DEVICE,2013-03,2013.0,Israel
NCT02937727,MRI Compatible and Long-term LFP Recordable Deep Brain Stimulation on PD Patients,UNKNOWN,PHASE1,INTERVENTIONAL,Idiopathic Parkinson Patients,"Beijing Pins Medical Co., Ltd",INDUSTRY,,3T MRI compatible and LFP recordable G106R of Beijing Pins medical.,DEVICE,2016-11,2016.0,China
NCT06438991,Spinal Cord Stimulation for Lower Extremity Function,NOT_YET_RECRUITING,NA,INTERVENTIONAL,Spinal Cord Injury,Brigham and Women's Hospital,OTHER,,Adjustment of spinal cord stimulation parameters for voluntary motor control,OTHER,2024-07,2024.0,
NCT04242810,Effects of rTMS on Human Brain Activity,WITHDRAWN,NA,INTERVENTIONAL,Repetitive Transcranial Magnetic Stimulation (rTMS),Duke University,OTHER,,rTMS; Sham rTMS; MRI scan,"DEVICE,PROCEDURE",2021-12,2021.0,United States
NCT04223427,Effects of Directional Subthalamic Deep Brain Stimulation on Gait and Balance in Parkinson's Disease Patients,COMPLETED,NA,INTERVENTIONAL,Parkinson Disease,"University Hospital, Rouen",OTHER,,Directional and single ring STN-DBS on gait,PROCEDURE,2020-01-14,2020.0,France
NCT01695551,Brain Perfusion and Hemodynamic Stability in Patients Undergoing Radiofrequency Ablation of Ventricular Tachycardia,COMPLETED,NA,OBSERVATIONAL,Ventricular Tachycardia,"Dhanunjaya Lakkireddy, MD, FACC",OTHER,,Data Collection Forms,OTHER,2012-07,2012.0,United States
NCT02596594,Intraumbilical Amino Acids and Glucose Supplementation Via Port by Severe IUGR in Human Fetuses,COMPLETED,NA,INTERVENTIONAL,Intrauterine Growth Restriction,Martin-Luther-Universität Halle-Wittenberg,OTHER,,fetal nutrition port system,DEVICE,2010-01,2010.0,
NCT05348837,Naturalistic Sleep Assessed by Wearable Devices in Parkinson Disease,RECRUITING,NA,OBSERVATIONAL,Parkinson Disease,"University of Colorado, Denver",OTHER,,Deep brain stimulation,PROCEDURE,2022-05-01,2022.0,United States
NCT02728635,Epigenetic Regulation of Human Adipose Tissue Distribution,ACTIVE_NOT_RECRUITING,NA,INTERVENTIONAL,Obesity,AdventHealth Translational Research Institute,OTHER,Sanford-Burnham Medical Research Institute,Dual-energy X-ray absorptiometry (DEXA)/ Magnetic resonance imaging (MRI) and Magnetic resonance spectroscopy (MRS); Adipose tissue biopsies; FSIGTT/ RMR,"OTHER,PROCEDURE",2016-07,2016.0,United States
NCT04011449,State-dependent Pathophysiological Oscillations in Parkinson's Disease and Treatment With DBS Using the Medtronic RC+S,WITHDRAWN,NA,INTERVENTIONAL,Parkinson Disease; Parkinson,University of Minnesota,OTHER,,Medtronic RC+S DBS system,DEVICE,2019-09-01,2019.0,United States
NCT07768215,Miniature In-line Respirator,NOT_YET_RECRUITING,NA,INTERVENTIONAL,"Brain Death; Respiration, Artificial",National Institutes of Health Clinical Center (CC),NIH,,Hope inVent,DEVICE,2026-08-26,2026.0,United States
NCT03903640,Optune Device - TT Field Plus Nivolumab and Ipilimumab for Melanoma With Brain Metastasis,TERMINATED,PHASE2,INTERVENTIONAL,Melanoma With Brain Metastasis,Washington University School of Medicine,OTHER,NovoCure Ltd.,Optune; Nivolumab; Ipilimumab,"BIOLOGICAL,DEVICE",2019-10-14,2019.0,United States
NCT01764815,Evaluation of Directional Stimulation During the Implantation of Deep Brain Stimulation (DBS) Leads,COMPLETED,NA,INTERVENTIONAL,Parkinson's Disease; Essential Tremor,Aleva Neurotherapeutics SA,INDUSTRY,,directSTN Acute lead connected to external neurostimulator,DEVICE,2012-12,2012.0,Switzerland
NCT01716117,Safety and Effectiveness of an Intracranial Aneurysm Embolization System for Treating Large or Giant Wide Neck Aneurysms,COMPLETED,NA,INTERVENTIONAL,Brain Aneurysm,Stryker Neurovascular,INDUSTRY,,Surpass Flow Diverter,DEVICE,2012-10-25,2012.0,Netherlands; United States
NCT06078397,Remote Programming for Deep Brain Stimulation in Parkinson's Disease.,UNKNOWN,NA,INTERVENTIONAL,Deep Brain Stimulation; Parkinson Disease,Ruijin Hospital,OTHER,,remote programming; standard programming,DEVICE,2023-10-30,2023.0,China
NCT01904448,Auditory Brainstem Implantation in Young Children,COMPLETED,NA,INTERVENTIONAL,Developmental Cochlear Nerve Deficiency; Acquired Cochlear Nerve Deficiency; Cochlear Aplasia; Post-meningitis Cochlear Ossification; Cochlear Malformation,"University of North Carolina, Chapel Hill",OTHER,,Auditory Brainstem Implantation in Children,DEVICE,2012-09,2012.0,United States
NCT01798407,DBS of the Lateral Habenula in Treatment-Resistant Depression,ACTIVE_NOT_RECRUITING,NA,INTERVENTIONAL,Treatment Resistant Major Depressive Disorder,Wayne Goodman MD,OTHER,,"Activa Tremor Control Sys (DBS Implant); Randomized, staggered withdrawal phase","DEVICE,OTHER",2013-02,2013.0,United States
NCT03996616,Head-up Position and High Quality Cardiopulmonary Resuscitation in OHCA,COMPLETED,NA,INTERVENTIONAL,Cardiac Arrest,"University Hospital, Grenoble",OTHER,,Head UP Position; Impedance Threshold Device; New Automated CPR,DEVICE,2019-10-09,2019.0,France
NCT04177914,HCRN Endoscopic Versus Shunt Treatment of Hydrocephalus in Infants,RECRUITING,PHASE3,INTERVENTIONAL,Hydrocephalus,University of Utah,OTHER,"University of Alabama at Birmingham; University of British Columbia; University of Pittsburgh; The Hospital for Sick Children; Seattle Children's Hospital; Vanderbilt University Medical Center; Washington University School of Medicine; Nationwide Children's Hospital; Johns Hopkins University; University of Calgary; University of Colorado, Denver; Children's Hospital Los Angeles; National Institutes of Health (NIH); Hydrocephalus Association; Penn State University; National Institute of Neurological Disorders and Stroke (NINDS); Baylor College of Medicine; University of Florida; Orlando Health, Inc.; Virginia Commonwealth University; Trustees of Indiana University",Endoscopic Third Ventriculostomy with Choroid Plexus Cauterization (ETV+CPC); Ventriculoperitoneal Shunt,"DEVICE,PROCEDURE",2020-07-21,2020.0,Canada; United States
NCT06543563,Esketamine in Microelectrode Recording-guided Subthalamic Deep-Brain Stimulation for Parkinson's Disease,RECRUITING,NA,INTERVENTIONAL,PD - Parkinson's Disease; Deep Brain Stimulation; Esketamine,Beijing Tiantan Hospital,OTHER,,esketamine; normal Saline,DRUG,2024-08-09,2024.0,China
NCT01983904,DBS for Treatment Resistant Depression,COMPLETED,NA,INTERVENTIONAL,"Depressive Disorder, Treatment-Resistant",University of Calgary,OTHER,,deep brain stimulation with short & long pulse width,DEVICE,2013-08,2013.0,Canada
NCT07250685,Subthalamic Nucleus Versus Globus Pallidal Internus Deep Brain Stimulation for Parkinson Disease,NOT_YET_RECRUITING,NA,INTERVENTIONAL,PD - Parkinson's Disease,Zhang Jianguo,OTHER_GOV,,STN-DBS stimulation; GPi-DBS stimulation; STN&GPi-DBS stimulation,DEVICE,2025-11-24,2025.0,China
NCT00585949,Age and Endothelial Progenitor Cell Mobilization,COMPLETED,NA,OBSERVATIONAL,Coronary Artery Disease,Emory University,OTHER,American Federation for Aging Research,Percutaneous Coronary Angioplasty; Angiography,PROCEDURE,2006-07,2006.0,United States
NCT07378332,Towards Causal Mapping of Episodic Memory iEEG Networks Via Multi-method Brain Stimulation,ENROLLING_BY_INVITATION,NA,INTERVENTIONAL,Memory Performance; Hippocampal Activity,University of Chicago,OTHER,Northwestern University; Washington University School of Medicine,TMS electrical stimulation parameters during cognitive and memory demands; DES electrical stimulation parameters during cognitive and memory demands,OTHER,2025-09-15,2025.0,United States
NCT05413304,Abemaciclib Neuropharmacokinetics of Diffuse Midline Glioma Using Intratumoral Microdialysis,ACTIVE_NOT_RECRUITING,PHASE1,INTERVENTIONAL,Glioma,National Cancer Institute (NCI),NIH,,pre-operative abemaciclib; Device for Cerebral Fluid Dialysate Collection; Ashion Analytics GEM ExTra; abemaciclib + temozolomide,"DEVICE,DRUG",2023-04-07,2023.0,United States
NCT02535884,Deep Brain Stimulation (DBS) of the Globus Pallidus (GP) in Huntington's Disease (HD),COMPLETED,NA,INTERVENTIONAL,Huntington Disease,"Heinrich-Heine University, Duesseldorf",OTHER,"KKS Netzwerk; Medtronic; The George Institute; Egyptian Society of Neurological Surgeons; CHDI Foundation, Inc.",ACTIVA® PC neurostimulator (Model 37601),DEVICE,2014-07,2014.0,Austria; France; Germany; Switzerland
NCT01329133,Deep Brain Stimulation and Obsessive-compulsive Disorder,COMPLETED,PHASE3,INTERVENTIONAL,Obsessive-Compulsive Disorder,"University Hospital, Bordeaux",OTHER,,Deep Brain Stimulation (DBS),PROCEDURE,2011-04-04,2011.0,France
NCT04990687,Vagal Nerve Stimulation for Treatment Resistant Major Depression,COMPLETED,NA,INTERVENTIONAL,Major Depressive Disorder,University of Alabama at Birmingham,OTHER,,gammaCore™,DEVICE,2022-01-01,2022.0,United States
NCT04508127,A Feasibility Study to Investigate the Dynamic Brain Imaging in Patients Following SCS- DRG,COMPLETED,NA,OBSERVATIONAL,Neuropathic Pain,Barts & The London NHS Trust,OTHER,,Spinal cord stimulation,DEVICE,2016-03-01,2016.0,
NCT06164717,Behavioral and Neural Characteristics of Adaptive Speech Motor Control,RECRUITING,NA,INTERVENTIONAL,Speech,University of Washington,OTHER,National Institutes of Health (NIH); National Institute on Deafness and Other Communication Disorders (NIDCD),Auditory feedback perturbation during speech; Visual feedback perturbation during reaching; DBS stimulation ON/OFF,"BEHAVIORAL,OTHER",2023-01-01,2023.0,United States
NCT01988688,Pilot Study of Deep Brain Stimulation (DBS) in Area LC for Chronic Tinnitus,COMPLETED,PHASE1,INTERVENTIONAL,Tinnitus,Paul Larson,OTHER,,Deep Brain Stimulation (DBS),DEVICE,2014-01,2014.0,United States
NCT02541617,"Hub and Spoke, Comparative Outcomes for Parkinson's Disease Treated With Deep Brain Stimulation",WITHDRAWN,NA,INTERVENTIONAL,Parkinson's Disease,Vanderbilt University,OTHER,Medtronic,Programming by community Neurologist; Standard of care,PROCEDURE,2016-01,2016.0,
NCT06936124,Deep Brain Stimulation of the Pedunculopontine Nucleus for Alzheimer's Disease,RECRUITING,NA,INTERVENTIONAL,Alzheimer Disease,"University Health Network, Toronto",OTHER,Alzheimer Society of Canada; Brain Canada,Deep Brain Stimulation of the Pedunculopontine Nucleus,PROCEDURE,2025-05,2025.0,Canada
NCT03812159,Clinical Feasibility Study of Preoperative Surgical Planning,WITHDRAWN,NA,INTERVENTIONAL,Craniosynostoses,"Gary F. Rogers, MD",OTHER,Eunice Kennedy Shriver National Institute of Child Health and Human Development (NICHD),iCSPlan,DEVICE,2020-01-01,2020.0,United States
NCT01476527,Deep Brain Stimulation for the Treatment of Refractory Bipolar Disorder,COMPLETED,NA,INTERVENTIONAL,Bipolar Disorder,"University Health Network, Toronto",OTHER,,Deep Brain Stimulation,PROCEDURE,2011-05,2011.0,Canada
NCT02458339,Methotrexate Infusion Into Fourth Ventricle in Children With Recurrent Malignant Fourth Ventricular Brain Tumors,COMPLETED,PHASE1,INTERVENTIONAL,"Brain Tumor, Recurrent; Malignant Neoplasm of Fourth Ventricle of Brain","The University of Texas Health Science Center, Houston",OTHER,,Ommaya Reservoir; Methotrexate,"DRUG,PROCEDURE",2015-06-15,2015.0,United States
NCT07150559,Arch-Clamping Technique Under Mild Hypothermia in Treating With Acute Type A Aortic Dissection,RECRUITING,NA,INTERVENTIONAL,Acute Type A Aortic Dissection; Hypothermia; Total Aortic Arch Replacement; Frozen Elephant Trunk; Bilateral Antegrade Cerebral Perfusion,Beijing Anzhen Hospital,OTHER,Yan'an Affiliated Hospital of Kunming Medical University; Xiangya Hospital of Central South University; West China Hospital; Guangzhou First People's Hospital; First Affiliated Hospital Xi'an Jiaotong University; Xijing Hospital，FMMU,Arch-Clamping Technique under Mild Hypothermia; Arch-Clamping Technique under Moderate Hypothermia; Total Arch Replacement combined Frozen Elephant Trunk Implantation using Bilateral Antegrade Cerebral Perfusion under Moderate Hypothermic Circulatory Arrest,PROCEDURE,2026-02-03,2026.0,China
NCT04058457,DBS and Respiration,RECRUITING,NA,OBSERVATIONAL,Parkinson Disease,University of Oxford,OTHER,Oxford Brookes University,DBS,DEVICE,2021-04-01,2021.0,United Kingdom
NCT00552474,Deep Brain Stimulation to Treat Symptoms of Parkinson's Disease,COMPLETED,NA,INTERVENTIONAL,Parkinson Disease; Movement Disorders,Abbott Medical Devices,INDUSTRY,,Libra Deep Brain Stimulation System; Libra Deep Brain Stimulation System,DEVICE,2005-10,2005.0,United States
NCT03660124,Deep Brain Stimulation (DBS) for the Treatment of Refractory Alcohol Use Disorder (AUD): Pilot Trial,UNKNOWN,NA,INTERVENTIONAL,Alcohol Use Disorder,Sunnybrook Health Sciences Centre,OTHER,,Deep Brain Stimulation,DEVICE,2018-05-25,2018.0,Canada
NCT02794233,Identification of Clinically Relevant Markers of Deep Brain Stimulation Electrode Impedance,COMPLETED,NA,INTERVENTIONAL,Parkinson Disease,University of Florida,OTHER,,Impedance measurements,OTHER,2016-07,2016.0,United States
NCT01591005,SONOlysis in Prevention of Brain Infarctions dUring Carotid Stenting and caroTid EndaRterectomy,COMPLETED,PHASE3,INTERVENTIONAL,Internal Carotid Artery Stenosis,University Hospital Ostrava,OTHER,Palacky University,sonolysis; endarterectomy; carotid stenting,PROCEDURE,2010-10,2010.0,Czechia
NCT05493722,Optimization of Deep Brain Stimulation Parameters in Patients With Medically Refractory Epilepsy,RECRUITING,EARLY_PHASE1,INTERVENTIONAL,Refractory Epilepsy; Deep Brain Stimulation,University of Minnesota,OTHER,,PS and OS stimulation order 1; PS and OS stimulation order 2; PS and OS stimulation order 3,OTHER,2023-09-15,2023.0,United States
NCT03087669,Central and Cerebral Circulation in Early Stages After LVAD Implantation,UNKNOWN,NA,INTERVENTIONAL,"Heart Failure, Left-Sided; Heart Failure, Right-Sided",Sahlgrenska University Hospital,OTHER,,LVAD flow velocity setting-Rounds per Minute(RPM) on HeartMate III®; MAP intervention using Noradrenalin,"DEVICE,DRUG",2017-02-16,2017.0,Sweden
NCT05977270,The Effects of Lifebloom One on Physical Activity After Acquired Brain Injury,COMPLETED,NA,INTERVENTIONAL,"Stroke; Brain Injuries, Traumatic",Lifebloom,INDUSTRY,Pitié-Salpêtrière Hospital,Lifebloom One,DEVICE,2023-09-15,2023.0,France
NCT04531722,Intraoperative Brain Microdialysis to Assess Neuroinflammation in Epileptic Tissue Immediately Prior to Surgical Resection.,WITHDRAWN,NA,INTERVENTIONAL,Epilepsy,Mayo Clinic,OTHER,,Intraoperative brain microdialysis,PROCEDURE,2019-03-27,2019.0,United States
NCT07272395,Right Ventricular Function Changes After CIED Implantation: The RIGHT-CIED Study,RECRUITING,NA,OBSERVATIONAL,Right Ventricular Dysfunction,Istanbul University - Cerrahpasa,OTHER,,Multimodal Right Ventricular Evaluation,OTHER,2025-08-15,2025.0,Turkey (Türkiye)
NCT04839601,RNS System RESPONSE Study,TERMINATED,NA,INTERVENTIONAL,Epilepsy; Partial Seizure; Neurostimulator; Complications; Drug Resistant Epilepsy; Focal Epilepsy,NeuroPace,INDUSTRY,,RNS System,DEVICE,2021-10-27,2021.0,United States
NCT07056907,Effects of Cerebrospinal Fluid Drainage on Cerebral Hemodynamics,NOT_YET_RECRUITING,NA,INTERVENTIONAL,Acute Ischemic Stroke,University of Zurich,OTHER,,Lumbar drain placement,PROCEDURE,2025-11-01,2025.0,Switzerland
NCT01759563,Oxygenation of the Cerebrum and Cooling During TAVI - Part I,COMPLETED,PHASE3,INTERVENTIONAL,TAVI; Targeted Brain Cooling; Neuroprotection,Hasselt University,OTHER,,nasopharyngeal targeted brain cooling,DEVICE,2012-07,2012.0,Belgium
NCT03664609,Deep Brain Stimulation (DBS) Retrospective Outcomes Study,RECRUITING,NA,OBSERVATIONAL,Parkinson Disease; Essential Tremor; Dystonia,Boston Scientific Corporation,INDUSTRY,,Deep Brain Stimulation,DEVICE,2019-03-12,2019.0,Belgium; France; Germany; Italy; Spain; United States
NCT06426615,Connectivity and Neural Signatures of Consciousness in Unresponsive States,RECRUITING,NA,INTERVENTIONAL,Acute Brain Injury; Traumatic Brain Injury; Consciousness Disorders; Seizures,Universitaire Ziekenhuizen KU Leuven,OTHER,Research Foundation Flanders,Intracranial electrodes,DEVICE,2024-01-01,2024.0,Belgium
NCT05481008,"Cardiac Output, Cerebral Perfusion and Cognition in Patients Undergoing TAVI",UNKNOWN,NA,OBSERVATIONAL,Aortic Valve Stenosis; Cognitive Impairment; Cognitive Change,Ronak Delewi,OTHER,,transcatheter aortic valve implantation,DEVICE,2020-08-28,2020.0,Netherlands
NCT05927090,Outcomes of Aortic Dissection Repair,ENROLLING_BY_INVITATION,NA,OBSERVATIONAL,Type A Aortic Dissection; Ascending Aortic Dissection; Aortic Diseases; Aortic Arch; Aortic Valve Insufficiency; Aortic Root Dissection; Aortic Root Dilatation; Type B Aortic Dissection,Centre Cardiologique du Nord,OTHER,"Henri Mondor University Hospital; Universita degli Studi di Genova; Pitié-Salpêtrière Hospital; Ospedale San Camillo, Rome, Italy; Campus Bio-Medico University",Conservative Root- Sparing Aortic Valve Resuspension with or without Hemiarch Repair; Extensive Ascending Aorta Replacement (AAR) with Aortic Root Replacement (ARR); Extensive Ascending Aorta Replacement (AAR) with Total Arch Replacement (TARP); Extensive Root and Ascending Aorta Replacement with Total Arch Replacement; Thoracic Endovascular Aortic Repair; Open Thoracic Aortic Descendig Repair,PROCEDURE,2005-01-01,2005.0,France
NCT06814210,CAP-TEER: CerebrAl Protection During Transcatheter Edge-to-edge Repair,NOT_YET_RECRUITING,NA,INTERVENTIONAL,Mitral Regurgitation; Functional Mitral Regurgitation; Degenerative Mitral Valve Regurgitation,Xiao-dong Zhuang,OTHER,,Cerebral Embolic Protection,DEVICE,2025-03-01,2025.0,China
NCT06296810,Adaptive DBS to Offset STN Dysregulation During Exercise in PD,RECRUITING,NA,OBSERVATIONAL,Parkinson Disease,"University of Colorado, Denver",OTHER,,aDBS,DEVICE,2024-09-01,2024.0,United States
NCT06303960,Cerebellar Deep Brain Stimulation or VNS for Chronic Post-stroke Motor Rehabilitation,RECRUITING,EARLY_PHASE1,INTERVENTIONAL,Stroke,Qilu Hospital of Shandong University,OTHER,,Bilateral Cerebellar deep brain stimulation; Unilateral Cerebellar deep brain stimulation; Vagus Nerve Stimulation,DEVICE,2024-03-15,2024.0,China
NCT03507049,Sacroiliac Joint Fusion Versus Sham Operation for Treatment of Sacroiliac Joint Pain,ACTIVE_NOT_RECRUITING,NA,INTERVENTIONAL,Sacroiliac Joint Somatic Dysfunction,Oslo University Hospital,OTHER,Karolinska University Hospital,iFuse; sham group; fMRI study,"PROCEDURE,RADIATION",2018-06-08,2018.0,Norway; Sweden
NCT06110936,Effects of Transcutaneous Spinal Direct Current Stimulation on Mobility in Cases With Multiple Sclerosis,COMPLETED,NA,INTERVENTIONAL,Multiple Sclerosis; Transcranial Direct Current Stimulation,Istanbul Medeniyet University,OTHER,,Transcutaneous Spinal Direct Current Stimulation,DEVICE,2023-11-27,2023.0,Turkey (Türkiye)
NCT05557864,Effects of Pallidal Deep Brain Stimulation Location on Motor Impairment in Parkinson's Disease,RECRUITING,NA,INTERVENTIONAL,Parkinson's Disease,University of Minnesota,OTHER,,Deep Brain Stimulation,DEVICE,2016-08-25,2016.0,United States
NCT00732628,Evaluating Outcomes in the Placement of Boomerang Percutaneous Device,TERMINATED,NA,OBSERVATIONAL,Medical Device; Angiography,University of Michigan,OTHER,,Boomerang closure device,DEVICE,2008-01,2008.0,United States
NCT07031544,Efficacy and Influencing Factors of ALIC-NAc Deep Brain Stimulation in Treatment-Refractory Obsessive-Compulsive Disorder,RECRUITING,NA,INTERVENTIONAL,Obsessive - Compulsive Disorder,Shanghai Mental Health Center,OTHER,Huashan Hospital; The First Affiliated Hospital of Shanxi Medical University; The First Affiliated Hospital of Nanchang University; Tianjin Anding Hospital; Tianjin Huanhu Hospital; The First Hospital of Hebei Medical University; First Affiliated Hospital of Jinan University; The Second Affiliated Hospital of Xinxiang Medical College; the Third Hospital of Mianyang,deep brain stimulation,DEVICE,2024-12-14,2024.0,China
NCT02309775,Auriculotherapy in Tension-type Headache Due to Temporomandibular Dysfunction,COMPLETED,NA,INTERVENTIONAL,Tension-Type Headache,Federal University of Minas Gerais,OTHER,,Auriculotherapy,OTHER,2012-01,2012.0,
NCT06495957,Electroacupuncture for the Treatment of Agitated Symptoms of Alzheimer's Disease,NOT_YET_RECRUITING,NA,INTERVENTIONAL,Agitation Associated With Alzheimer's Dementia; Alzheimer's Dementia,Guang'anmen Hospital of China Academy of Chinese Medical Sciences,OTHER,,Electroacupuncture group; Micro-acupuncture group,OTHER,2024-07-20,2024.0,China
NCT02097732,Ipilimumab Induction in Patients With Melanoma Brain Metastases Receiving Stereotactic Radiosurgery,TERMINATED,PHASE2,INTERVENTIONAL,Metastatic Melanoma; Brain Metastases,University of Michigan Rogel Cancer Center,OTHER,,Ipilimumab; Stereotactic Radiosurgery,"DRUG,PROCEDURE",2014-04,2014.0,United States
NCT06542900,Efficacy of Deep Brain Stimulation(DBS) for Treatment-Resistant Depression(TRD),NOT_YET_RECRUITING,NA,INTERVENTIONAL,Treatment Resistant Depression,"Xuanwu Hospital, Beijing",OTHER,,Deep Brain Stimulation (DBS),DEVICE,2024-08-10,2024.0,China
NCT05811312,Brain Connectivity Changes With Spinal Cord Stimulation and Treatment of Chronic Pain: A Resting State NIRS/EEG Study,RECRUITING,NA,OBSERVATIONAL,Neuropathic Pain,VA Office of Research and Development,FED,,,,2023-07-01,2023.0,United States
NCT03866044,Unravelling the Alteration of Brain Structure and Function in Parkinson´s Disease With Ultra-high Field MRI,UNKNOWN,NA,OBSERVATIONAL,Parkinson Disease,Danish Research Centre for Magnetic Resonance,OTHER,Bispebjerg Hospital,,,2018-09-19,2018.0,Denmark
NCT05893082,Multicenter Feasibility Trial of the F2 Filter and Delivery System for Embolic Protection During TAVR,COMPLETED,NA,INTERVENTIONAL,Aortic Stenosis,"EnCompass Technologies, Inc.",INDUSTRY,,F2 Filter and Delivery System,DEVICE,2023-09-12,2023.0,Australia
NCT04218526,Deep Brain Stimulation of the Cuneiform Nucleus for Levodopa-resistant Freezing of Gait in Parkinson's Disease,COMPLETED,NA,INTERVENTIONAL,Parkinson Disease,Jonathan Jagid,OTHER,Boston Scientific Corporation,Vercise DBS System,DEVICE,2020-04-27,2020.0,United States
NCT06306950,Prioritization of Cerebral Deoxygenation in Severe Traumatic Brain Injury and Mortality Benefit.,COMPLETED,NA,INTERVENTIONAL,Cerebral Hypoxia; Severe Traumatic Brain Injury,Phramongkutklao College of Medicine and Hospital,OTHER,,Near infrared spectroscopy neuromonitor to prevent cerebral desaturation,DEVICE,2021-04-01,2021.0,Thailand
NCT06872203,LFP Sensing From Directional Leads in the Acute Clinical Setting,ENROLLING_BY_INVITATION,NA,OBSERVATIONAL,"Parkinson Disease, Idiopathic; Parkinson Disease","University of Colorado, Denver",OTHER,,Deep brain stimulation,DEVICE,2022-06-01,2022.0,United States
NCT05376761,EC50 of Dexmedetomidine in Deep Brain Stimulation Implantation of Patients With Parkinson's Disease,UNKNOWN,PHASE4,INTERVENTIONAL,PD - Parkinson's Disease,Beijing Tiantan Hospital,OTHER,,Dexmedetomidine,DRUG,2022-05-31,2022.0,China
NCT00453622,RISK Stratification Using a Combination of Cardiac Troponin T and Brain Natriuretic Peptide in Patients Receiving CRT-D,COMPLETED,NA,OBSERVATIONAL,Heart Failure,Abbott Medical Devices,INDUSTRY,VA Pittsburgh Healthcare System,Cardiac Resynchronization Therapy-Defibrillator,DEVICE,2005-11,2005.0,United States
NCT06090929,STN-DBS and the Risk of Sialorrhea,COMPLETED,NA,INTERVENTIONAL,Parkinson Disease,Qilu Hospital of Shandong University,OTHER,,STN-DBS,DEVICE,2019-01-01,2019.0,China
NCT04856072,Deep Brain Stimulation in Alzheimer's Disease: Biomarkers and Dose Optimization,COMPLETED,NA,INTERVENTIONAL,Alzheimer Disease,"University Health Network, Toronto",OTHER,Johns Hopkins University,Deep Brain Stimulation,DEVICE,2014-12-19,2014.0,Canada
NCT01833052,CLaret Embolic Protection ANd TAVI - Trial,UNKNOWN,NA,INTERVENTIONAL,Frequency of Cerebral Perfusion Defects After TAVI; Size of Cerebral Perfusion Defects After TAVI,University of Leipzig,OTHER,,TAVI (Medtronic CoreValve); Claret-Filter,DEVICE,2013-04,2013.0,Germany
NCT04362098,A Home Visiting Program for Pregnant Youth to Promote Early Brain Development II,UNKNOWN,NA,INTERVENTIONAL,Child Development,University of Sao Paulo,OTHER,,Home visiting Program for Young Pregnant Women,BEHAVIORAL,2018-06-13,2018.0,Brazil
NCT07539740,Effectiveness of tTIs for Improving Consciousness in Patients With DoC,RECRUITING,NA,INTERVENTIONAL,Disorders of Consciousness; Vegetative State; Minimally Conscious State,Zhujiang Hospital,OTHER,,Theta-burst Patterned Temporal Interference Stimulation (tTIs); Sham Temporal Interference Stimulation,DEVICE,2026-03-08,2026.0,China
NCT03350750,A Placebo-Controlled Effectiveness in INPH Shunting (PENS) Trial,COMPLETED,NA,INTERVENTIONAL,Idiopathic Normal Pressure Hydrocephalus (INPH),Johns Hopkins University,OTHER,University of Utah; Integra LifeSciences Corporation,programmable CSF shunt valve,DEVICE,2018-05-21,2018.0,Canada; Sweden; United States
NCT04897776,Stimulation of the Thalamus for Arousal Restoral in Temporal Lobe Epilepsy,COMPLETED,NA,INTERVENTIONAL,"Epilepsy, Temporal Lobe",Yale University,OTHER,Mayo Clinic; Dartmouth-Hitchcock Medical Center; National Institute of Neurological Disorders and Stroke (NINDS),Central Thalamic Stimulation; Hippocampal Stimulation,DEVICE,2021-10-31,2021.0,United States
NCT04181229,Deep Brain Stimulation Post Failed Vagal Nerve Stimulation,COMPLETED,NA,INTERVENTIONAL,"Epilepsy, Drug Resistant",The Hospital for Sick Children,OTHER,St. Justine's Hospital,Deep brain stimulation,PROCEDURE,2019-11-25,2019.0,Canada
NCT05101161,Neurofeedback Using Implanted Deep Brain Stimulation Electrodes,RECRUITING,NA,INTERVENTIONAL,Parkinson Disease; Epilepsy; Essential Tremor,ETH Zurich,OTHER,,Neurofeedback,BEHAVIORAL,2021-09-23,2021.0,Switzerland
NCT07277296,CGUARDIANS III IDE Pivotal Trial,NOT_YET_RECRUITING,NA,INTERVENTIONAL,Carotid Artery Stenosis,InspireMD,INDUSTRY,,SwitchGuardTM NPS,DEVICE,2026-01-01,2026.0,
NCT01839396,Deep Brain Stimulation (DBS) for the Treatment of Parkinson's Disease,COMPLETED,NA,INTERVENTIONAL,Parkinson's Disease,Boston Scientific Corporation,INDUSTRY,,Deep Brain Stimulation,DEVICE,2013-05-17,2013.0,United States
NCT06389903,Subthalamic Nucleus Stimulation Electrode and Psychiatric Lesion Effects in Parkinson's Disease,COMPLETED,NA,INTERVENTIONAL,Parkinson Disease,Centre Hospitalier du Rouvray,OTHER_GOV,,assessment,BEHAVIORAL,2019-06-04,2019.0,France
NCT01839227,Post-operative Cognitive Dysfunction and the Change of Regional Cerebral Oxygen Saturation in Elderly Patients Undergoing Spinal Surgery,COMPLETED,NA,INTERVENTIONAL,Elderly Patients Undergoing Spinal Surgery,Yonsei University,OTHER,,Neurologic and neuropsychologic tests,OTHER,2012-11,2012.0,South Korea
NCT03185780,Complementary/Integrative Medicine for Brain Cancer Patients,WITHDRAWN,NA,INTERVENTIONAL,Quality of Life; Chemotherapeutic Toxicity; Radiation Toxicity,The Chaim Sheba Medical Center,OTHER,,Acupuncture,OTHER,2018-07-01,2018.0,
NCT04212780,Dual Lead Thalamic Deep Brain Recording (DBR)-DBS Interface for Closed Loop Control of Severe Essential Tremor,RECRUITING,NA,INTERVENTIONAL,Essential Tremor,University of Florida,OTHER,National Institute of Neurological Disorders and Stroke (NINDS); Medtronic,Medtronic Summit Rechargable (RC)+S; ipsilateral thalamic (VIM+VO) DBS; standard ET DBS; ipsilateral VO,"DEVICE,PROCEDURE",2019-12-24,2019.0,United States
NCT03362346,Signal Analysis for Neurocritical Patients,COMPLETED,NA,OBSERVATIONAL,"Brain Injuries, Acute",Far Eastern Memorial Hospital,OTHER,,intracranial pressure monitoring,DEVICE,2017-12-18,2017.0,Taiwan
NCT07739069,Action Observation Versus Mirror Therapy in Children With Spastic Hemiplegic Cerebral Palsy,NOT_YET_RECRUITING,NA,INTERVENTIONAL,Hemiplegic Cerebral Palsy,Cairo University,OTHER,,Mirror Therapy; Action Observation Therapy,BEHAVIORAL,2026-08-01,2026.0,Egypt
NCT06038929,Effect of Vagal Nerve Stimulation on Gastric Motor Functions,RECRUITING,NA,INTERVENTIONAL,Depression; Epilepsy,Mayo Clinic,OTHER,University of Minnesota,Vagal nerve stimulant,DEVICE,2025-09-01,2025.0,United States
NCT05658302,Circuit-Based Deep Brain Stimulation for Parkinson's Disease P1A2&3 Catalyst,RECRUITING,NA,OBSERVATIONAL,Parkinson Disease,University of Minnesota,OTHER,,,,2023-03-28,2023.0,United States
NCT00720837,Magnetic Resonance Temperature Imaging & Imaging-Guided Laser Induced Thermal Therapy for Treatment of Metastatic Brain Tumors,TERMINATED,NA,INTERVENTIONAL,Brain Tumor,M.D. Anderson Cancer Center,OTHER,"BioTex, Inc.",Visualase® Thermal Therapy System,PROCEDURE,2008-07,2008.0,United States
NCT00308165,Topotecan by Intracerebral Clysis for Recurrent Primary Malignant Brain Tumors,COMPLETED,PHASE1,INTERVENTIONAL,"Brain Neoplasms, Primary Malignant",Columbia University,OTHER,National Cancer Institute (NCI),Convection-Enhanced Delivery; Topotecan,"DRUG,PROCEDURE",2004-03,2004.0,United States
NCT03594136,New Reference Values for Intracranial Pressure,COMPLETED,NA,INTERVENTIONAL,Intracranial Pressure,"Rigshospitalet, Denmark",OTHER,Lundbeck Foundation,Raumedic Neurovent-P-tel,DEVICE,2018-02-01,2018.0,Czechia; Denmark
NCT00773604,Deep Brain Stimulation in Patients With Dystonia,COMPLETED,NA,INTERVENTIONAL,Dystonia,"University of California, San Francisco",OTHER,,Medtronic implantable deep brain stimulation (DBS) system,DEVICE,2008-06,2008.0,United States
NCT02418858,Functional Outcomes of Awake vs. Asleep Deep Brain Stimulation (DBS) for Essential Tremor,WITHDRAWN,NA,INTERVENTIONAL,Essential Tremor,"St. Joseph's Hospital and Medical Center, Phoenix",OTHER,,Deep Brain Stimulation surgery,PROCEDURE,2015-02,2015.0,United States
NCT02558634,Thalamic Deep Brain Stimulation for Spasmodic Dysphonia- DEBUSSY Trial,COMPLETED,NA,INTERVENTIONAL,Spasmodic Dysphonia; Laryngeal Dystonia; Deep Brain Stimulation,University of British Columbia,OTHER,,VIM Thalamic Deep Brain Stimulation ON; VIM Thalamic Deep Brain Stimulation OFF,DEVICE,2016-01,2016.0,Canada
NCT06772155,Security and Effectiveness Assessment of Locking Systems in Ventriculostomy for Traumatic Brain Injury,NOT_YET_RECRUITING,NA,OBSERVATIONAL,Traumatic Brain Injuries; Intracranial Hypertension,Meditech Foundation,OTHER,,Ventriculostomy; Ventriculostomy + Locking Device,PROCEDURE,2025-07-05,2025.0,
NCT05715138,Comparison of Pallidal With Subthalamic Deep Brain Stimulation for Cervical Dystonia,NOT_YET_RECRUITING,NA,INTERVENTIONAL,Cervical Dystonia,Chinese PLA General Hospital,OTHER,,GPi-DBS; STN-DBS; GPi-DBS devices; STN-DBS devices,"DEVICE,PROCEDURE",2023-09-01,2023.0,China
NCT06629168,The Usage of Telemetric Prechamber Sensor Reservoir in Management of Normal Pressure Hydrocephalus. Comparisson of Benefit for Patients with Implanted Telemetric Prechamber Sensor Reservoir.,COMPLETED,NA,OBSERVATIONAL,Hydrocephalus; Normal Pressure Hydrocephalus; Normal Pressure Hydrocephalus Patients,University Hospital Hradec Kralove,OTHER,,lumbar puncture; External lumbar drainage; Ventriculo-peritoneal shunt placement; Follow-up control #1; Follow-up control #2; Follow-up control #3; Follow-up control #4; Telemetric prechamber reading; Valve setting change,"DIAGNOSTIC_TEST,OTHER,PROCEDURE",2018-01-01,2018.0,Czechia
NCT07526155,Clinical Trial to Compare VIM vs PSA Bilateral Deep Brain Stimulation in Patients With Essential Tremor,COMPLETED,NA,INTERVENTIONAL,Essential Tremor (ET),Fundación Pública Andaluza para la Investigación Biomédica Andalucía Oriental,OTHER,Carlos III Health Institute; European Regional Development Fund,Deep Brain Stimulation (DBS),DEVICE,2020-05-27,2020.0,Spain
NCT03053791,Deep Brain Stimulation in Patients With Incomplete Spinal Cord Injury for Improvement of Gait,RECRUITING,NA,INTERVENTIONAL,Spinal Cord Injury,University of Zurich,OTHER,Balgrist University Hospital; ETH Zurich; Wings for Life,Deep brain stimulation in mesencephalic locomotor region; Implantation of a Deep brain stimulation system,"DEVICE,PROCEDURE",2018-03-15,2018.0,Switzerland
NCT02507583,Antisense102: Pilot Immunotherapy for Newly Diagnosed Malignant Glioma,COMPLETED,PHASE1,INTERVENTIONAL,Malignant Glioma; Neoplasms,david andrews,OTHER,,"IGF-1R/AS ODN; Surgery with tissue harvest and implantation 20 diffusion chambers in the rectus sheath with IGF-1R/AS ODN within 24 hours of craniotomy, implanted for 48 hours.",DRUG,2015-09-01,2015.0,United States
NCT04547387,TCAR Cerebral Protection And MicroNET-Covered Stent To Reduce Strokes,UNKNOWN,NA,OBSERVATIONAL,Carotid Artery Diseases,"John Paul II Hospital, Krakow",OTHER,,Trans-carotid access revascularization with MicroNET covered stent implantation,DEVICE,2020-05-10,2020.0,Poland
NCT00548938,"Gliadel Wafer, Temozolomide and Radiation Therapy for Newly Diagnosed GBM",TERMINATED,PHASE2,INTERVENTIONAL,Glioblastoma Multiforme; High-Grade Glioma,Methodist Healthcare - Memphis,OTHER,,Gliadel wafer; Temozolomide; External Beam Radiation Therapy,"DRUG,RADIATION",2007-10,2007.0,United States
NCT00004732,Carotid Revascularization Endarterectomy Versus Stenting Trial,COMPLETED,NA,INTERVENTIONAL,Atherosclerosis; Stroke; Carotid Stenosis; Cerebral Infarction; Myocardial Infarction,"Rutgers, The State University of New Jersey",OTHER,National Institute of Neurological Disorders and Stroke (NINDS); University of Alabama at Birmingham,Carotid Endarterectomy (CEA); Carotid Artery Stenting (CAS),"DEVICE,PROCEDURE",2000-12,2000.0,Canada; United States
NCT03946618,Neurophysiologically Based Brain State Tracking and Modulation in Focal Epilepsy,ACTIVE_NOT_RECRUITING,NA,INTERVENTIONAL,Epilepsy,Mayo Clinic,OTHER,National Institute of Neurological Disorders and Stroke (NINDS); Medtronic,"Medtronic Summit System, Olympus",DEVICE,2019-01-18,2019.0,United States
NCT06542224,Identifying Local Field Potential Biomarkers for Obsessive-compulsive Disorder Treatment With Deep Brain Stimulation,RECRUITING,NA,INTERVENTIONAL,Obsessive-Compulsive Disorder,West China Hospital,OTHER,"Beijing Pins Medical Co., Ltd",Deep Brain stimulation,PROCEDURE,2024-08-03,2024.0,China
NCT00148889,"Double-blind, Multicenter Study to Assess the Efficacy of Bilateral Pallidal Stimulation in Patients With Medically Refractory Primary Cervical Dystonia",COMPLETED,PHASE3,INTERVENTIONAL,Cervical Dystonia,German Parkinson Study Group (GPS),OTHER,Medtronic; Competence Network on Parkinson's Disease,Deep brain stimulation (DBS),DEVICE,2005-07,2005.0,Austria; Germany
NCT05893186,Multiple Objective Particle Swarm Optimization Postural Instability Gait Disorder,RECRUITING,EARLY_PHASE1,INTERVENTIONAL,Parkinson Disease,University of Minnesota,OTHER,,"Deep Brain Stimulation, STN; GP Deep Brain Stimulation",OTHER,2021-05-25,2021.0,United States
NCT02734576,Venous Sinus Stenting To Treat Intractable Pulsatile Tinnitus Caused By Venous Sinus Stenosis,TERMINATED,NA,INTERVENTIONAL,Tinnitus; Pulsatile Tinnitus; Venous Sinus Stenosis; Dural Sinus Stenosis,Weill Medical College of Cornell University,OTHER,,Venous Sinus Stenting with the Precise Pro Stent,DEVICE,2017-01-24,2017.0,United States
NCT01453777,Safety and Effects of Autologous Adipose-Derived Stromal Cells in Patients With Diffuse Lesions in the Brain,WITHDRAWN,NA,INTERVENTIONAL,Brain Lesion (General),Ageless Regenerative Institute,INDUSTRY,Instituto de Medicina Regenerativa,harvesting and implantation of adipose derived stem cells,PROCEDURE,2011-05,2011.0,Mexico
NCT05992701,Effectiveness and Safety of Directional Deep Brain Stimulation for Parkinson's Disease,COMPLETED,NA,INTERVENTIONAL,Parkinson's Disease,"Beijing Pins Medical Co., Ltd",INDUSTRY,Beijing Tiantan Hospital; Changhai Hospital; Shenzhen Second People's Hospital; Zhongnan Hospital; West China Hospital; Beijing Tsinghua Changgeng Hospital; First Affiliated Hospital of Kunming Medical University; Nanjing Medical University; Tianjin Medical University General Hospital,Directional deep brain stimualtion,DEVICE,2021-07-28,2021.0,China
NCT04240275,Reliability of a Body-worn Sensor System for Gait Analysis in Children With CP,COMPLETED,NA,OBSERVATIONAL,"Cerebral Palsy, Spastic; Gait Disorders, Neurologic",Gazi University,OTHER,,Reliability of the G-Walk device in children with Cerebral Palsy,DEVICE,2019-06-03,2019.0,Turkey (Türkiye)
NCT06175897,Effects of STN DBS on Cognition and Brain Networks in PD Patients Analyzed Based on EEG and fNIRS,UNKNOWN,NA,INTERVENTIONAL,Parkinson's Disease; Executive Function; Electroencephalogram; Functional Near - Infrared Spectroscopy,Zhiqi Mao,OTHER,,Deep Brain Stimulation; non-Deep Brain Stimulation,PROCEDURE,2023-10-01,2023.0,China
NCT01539096,Brain Stimulation-aided Stroke Rehabilitation: Neural Mechanisms of Recovery,COMPLETED,"PHASE1,PHASE2",INTERVENTIONAL,Stroke,The Cleveland Clinic,OTHER,Eunice Kennedy Shriver National Institute of Child Health and Human Development (NICHD),tDCS: noninvasive brain stimulation; Constraint induced movement therapy (CIMT); Sham tDCS: placebo noninvasive brain stimulation,"BEHAVIORAL,PROCEDURE",2011-07,2011.0,United States
NCT02071446,Local Fields Potentials Recorded From Deep Brain Stimulating Electrodes,COMPLETED,NA,OBSERVATIONAL,Parkinson's Disease; Essential Tremor; Dystonia,"University of Colorado, Denver",OTHER,University of Houston; U.S. National Science Foundation,,,2014-03,2014.0,United States
NCT01886131,Motor Control During Rapid Eye Movement (REM) Sleep Behaviour Disorder,TERMINATED,NA,INTERVENTIONAL,Parkinson Disease,"University Hospital, Toulouse",OTHER,Grenoble Institut des Neurosciences,Synchronised video-polysomnography,OTHER,2013-06,2013.0,France
NCT02295098,Comparison of Epidural and Paracostal Catheter Placement for Pain Control After Rib Fractures,COMPLETED,NA,INTERVENTIONAL,Rib Fractures; Wounds and Injuries,"University of Colorado, Denver",OTHER,,Thoracic epidural catheter placement; Paracostal catheter placement,OTHER,2015-08-19,2015.0,United States
NCT01801267,Third Ventriculostomy Versus Shunt for Children With Hydrocephalus,COMPLETED,NA,INTERVENTIONAL,Communicating Hydrocephalus,Duke University,OTHER,Pediatric Hydrocephalus Foundation; Children's Miracle Network Hospitals,Endoscopic third ventriculostomy (ETV); Ventricular shunt,PROCEDURE,2013-08,2013.0,United States
NCT04644744,Hypothermic Oxygenated (HOPE) Versus Normothermic Machine Perfusion (NMP) in Human Liver Transplantation,UNKNOWN,NA,INTERVENTIONAL,Hepatocellular Injury; Liver Transplant Disorder,"Charite University, Berlin, Germany",OTHER,,Hypothermic oxygenated perfusion (HOPE); Normothermic machine perfusion (NMP),DEVICE,2021-01-14,2021.0,Germany
NCT05857098,Detection of Local Field Potentials in the Ventral Tegmental Area of the Midbrain in Chronic Cluster Headache Patients,UNKNOWN,NA,OBSERVATIONAL,Cluster Headache; Trigeminal Autonomic Cephalgia,Assistance Publique Hopitaux De Marseille,OTHER,,Local Field potential recording,OTHER,2023-05-31,2023.0,France
NCT06676371,Total Arch Replacement With Frozen Elephant Trunk Versus Hemiarch Replacement in the Management of Acute Type A Aortic Dissection,NOT_YET_RECRUITING,NA,INTERVENTIONAL,Aortic Dissection Type A,Chinese University of Hong Kong,OTHER,University of Vienna; Mahidol University,Conventional hemiarch replacement; E-vita® Open Neo; Artivion; Thoraflex Hybrid; Terumo,PROCEDURE,2026-10,2026.0,Austria; Hong Kong; Thailand
NCT04775875,The Use of Transcranial Ultrasound Treatment of Obsessive-Compulsive Disorder,UNKNOWN,NA,INTERVENTIONAL,Obsessive-Compulsive Disorder,Neurological Associates of West Los Angeles,OTHER,,Focused Ultrasound,DEVICE,2020-12-01,2020.0,United States
NCT01570257,A Trial of High and Low Pressure Level Settings on a Programmable Ventriculoperitoneal Shunt Valve for Idiopathic Normal Pressure Hydrocephalus,COMPLETED,NA,INTERVENTIONAL,Idiopathic Normal Pressure Hydrocephalus,Erasmus Medical Center,OTHER,Isala; Albert Schweitzer Hospital; UMC Utrecht; Atrium Medical Center; University Medical Center Nijmegen; Admiraal de Ruyter Hospital; Medtronic,lowering of the performance level of an adjustable Strata valve in a ventriculoperitoneal (VP) shunt for treating idiopathic normal pressure hydrocephalus,PROCEDURE,2003-09,2003.0,Netherlands
NCT07402928,Optimistic and Pessimistic Dopamine Signals in the Human Brain: a Mapping and Modelling Study in Health and Parkinson's Disease,RECRUITING,NA,OBSERVATIONAL,Healthy; Parkinson; Medication Administration,Danish Research Centre for Magnetic Resonance,OTHER,University Hospital Bispebjerg and Frederiksberg,,,2025-06-02,2025.0,Denmark
NCT06870812,Rapid Evacuation and Access of Cerebral Hemorrhage Trial,RECRUITING,NA,INTERVENTIONAL,Stroke Hemorrhagic,Emory University,OTHER,The Marcus Foundation,Surgical management; Medical Management,"OTHER,PROCEDURE",2025-05-27,2025.0,United States
NCT05637957,Feasibility of tDCS as an Adjunct to Outpatient Physiotherapy in Children With ABI,UNKNOWN,NA,INTERVENTIONAL,Acquired Brain Injury; Stroke; Traumatic Brain Injury; Hemiparesis,Holland Bloorview Kids Rehabilitation Hospital,OTHER,,active transcranial direct current stimulation; sham transcranial direct current stimulation,DEVICE,2022-06-01,2022.0,Canada
NCT04346511,Acupuncture Treatment on Cerebral Blood Flow,WITHDRAWN,PHASE2,INTERVENTIONAL,High Blood Pressure,University of Oklahoma,OTHER,,Acupuncture,OTHER,2020-05-09,2020.0,United States
NCT03396419,IMPACT- 24col Collateral Blood Flow Assessment Following SPG Stimulation in Acute Ischemic Stroke (ImpACT-24B Sub-Study),TERMINATED,NA,OBSERVATIONAL,Ischemic Stroke,BrainsGate,INDUSTRY,,,,2017-09-25,2017.0,Georgia
NCT07208734,Personalized Brain Stimulation for Cognitive Impairment in Older Adults,ENROLLING_BY_INVITATION,NA,INTERVENTIONAL,Alzheimer s Disease,"Xuanwu Hospital, Beijing",OTHER,,Transcranial Alternating Current Stimulation (tACS); AI-based Cognitive Training; Sham intervention,"DEVICE,OTHER",2024-05-01,2024.0,China
NCT06122675,Cerebellar Deep Brain Stimulation for Movement Disorders in Cerebral Palsy in Children and Young Adults,RECRUITING,NA,INTERVENTIONAL,Dyskinetic Cerebral Palsy; Dystonic Cerebral Palsy,"University of California, San Francisco",OTHER,National Institutes of Health (NIH); National Institute of Neurological Disorders and Stroke (NINDS),DBS,DEVICE,2024-03-26,2024.0,United States
NCT04650932,Dual Frequency Stimulation in Parkinson's Disease,RECRUITING,NA,INTERVENTIONAL,Parkinson Disease,"University of California, Davis",OTHER,,Deep brain stimulation,DEVICE,2022-10-22,2022.0,United States
NCT04616521,"Asymmetric DBS for PD : A Multicenter, Prospective, Single Arm, Open Label Study",NOT_YET_RECRUITING,NA,INTERVENTIONAL,Parkinson Disease,Ruijin Hospital,OTHER,"Huashan Hospital; Shanghai Tongji Hospital, Tongji University School of Medicine; The First Affiliated Hospital with Nanjing Medical University; First Affiliated Hospital, Sun Yat-Sen University; The First Affiliated Hospital of Guangzhou Medical University; West China Hospital; Second Affiliated Hospital of Soochow University; Tianjin Huanhu Hospital; Guangzhou General Hospital of Guangzhou Military Command; The Affiliated Hospital of Xuzhou Medical University",Deep brain stimulation,PROCEDURE,2021-01-01,2021.0,
NCT07309198,Temporal Interference Stimulation on Motor Symptoms in Parkinson's Disease,COMPLETED,NA,INTERVENTIONAL,Parkinson's Disease,Shanghai University of Sport,OTHER,,Transcranial Temporal Interference Stimulation (TIS),DEVICE,2025-12-29,2025.0,China
NCT00554307,"Brain, Gut and Kidney Blood Flow During Medical Closure of PDA",WITHDRAWN,NA,OBSERVATIONAL,Patent Ductus Arteriosus,University of Louisville,OTHER,H. Lundbeck A/S,INVOS Cerebral/Somatic oximeter,DEVICE,2007-11,2007.0,United States
NCT00998660,RECHARGE Sub-Study to the Implantable Systems Performance Registry (ISPR),COMPLETED,PHASE4,INTERVENTIONAL,Parkinson's Disease; Essential Tremor; Dystonia,MedtronicNeuro,INDUSTRY,,Activa RC,DEVICE,2009-07,2009.0,Austria; France; Germany; Spain; United Kingdom; United States
NCT00190398,EVA3S: Endarterectomy Versus Angioplasty in Patients With Severe Symptomatic Carotid Stenosis,COMPLETED,PHASE3,INTERVENTIONAL,Transient Ischemic Attack; Carotid Stenosis; Atherosclerosis,Assistance Publique - Hôpitaux de Paris,OTHER,,Carotid angioplasty and stenting with cerebral protection,DEVICE,2000-11,2000.0,France
NCT07567599,Deep Brain Stimulation in Parkinson's Disease: Motor and Functional Outcomes,ENROLLING_BY_INVITATION,NA,INTERVENTIONAL,Parkinson Disease,Federal University of Minas Gerais,OTHER,,Deep Brain Stimulation,PROCEDURE,2026-06-02,2026.0,Brazil
NCT07632287,Effects of Standard and Modified Z-Trendelenburg Positions on Cerebral Oxygenation and Optic Nerve Sheath Diameter,COMPLETED,NA,OBSERVATIONAL,Laparoscopic Gynecological Surgery,Ankara Etlik City Hospital,OTHER_GOV,,Standard Trendelenburg Position; Modified Z-Trendelenburg Position,PROCEDURE,2026-03-06,2026.0,Turkey (Türkiye)
NCT00792532,Use of Interventional MRI for Implantation of Deep Brain Stimulator Electrodes,COMPLETED,NA,OBSERVATIONAL,Parkinson's Disease; Dystonia,"University of California, San Francisco",OTHER,"MRI Interventions, Inc.",interventional MRI for implantation of DBS electrodes; DBS electrodes,"DEVICE,PROCEDURE",2003-07,2003.0,United States
NCT03085316,Laryngeal Pacing Study,TERMINATED,NA,INTERVENTIONAL,Bilateral Vocal Fold Paralysis (BVFP),Vanderbilt University Medical Center,OTHER,Abbott Medical Devices,Investigational device,DEVICE,2015-10-26,2015.0,
NCT04234854,OPTIMAl Endovascular Exclusion of Consecutive Patient High-risk Carotid Plaque Using the MicroNet Covered Stent,UNKNOWN,NA,OBSERVATIONAL,Carotid Artery Diseases,"John Paul II Hospital, Krakow",OTHER,InspireMD,Intravascular Utrasound (IVUS) of Carotid Artery after implantation of CGuard stent,DIAGNOSTIC_TEST,2020-01-31,2020.0,Poland
NCT02087046,Deep Brain Stimulation (DBS) for the Suppression of Tremor,COMPLETED,NA,INTERVENTIONAL,"Tremor; Action Tremor; Essential Tremor; Tremor, Limb",Abbott Medical Devices,INDUSTRY,,ANS Totally Implantable Deep Brain Stimulation System,DEVICE,2005-10,2005.0,United States
NCT03130491,European Study Evaluating the EMBLOK Embolic Protection System During TAVR,COMPLETED,NA,INTERVENTIONAL,Aortic Valve Disease,"Emblok, Inc.",INDUSTRY,Meditrial Europe Ltd.,Transcatheter Aortic Valve Replacement (TAVR); EMBLOK filter,"DEVICE,PROCEDURE",2017-03-08,2017.0,Italy
NCT04874220,Neural Correlates of Real World Spatial Navigation in Humans,RECRUITING,NA,INTERVENTIONAL,"Memory, Delayed",Duke University,OTHER,National Institute of Neurological Disorders and Stroke (NINDS); National Institute of Mental Health (NIMH),Deep Brain Stimulation; Memory and spatial navigation tasks; Physiological Signals; Questionnaires and Assessments,"BEHAVIORAL,DEVICE",2020-09-30,2020.0,United States
NCT05711550,Investigating the Effect of Normal Frequency-band and Infra-low Frequency Neurofeedback on Functional Brain Connectome,COMPLETED,NA,INTERVENTIONAL,Neurofeedback,Philipp Stämpfli,OTHER,,Real Neurofeedback; Sham Neurofeedback,DEVICE,2023-01-13,2023.0,Switzerland
NCT07729449,Predictive Value of ONSD and NIRS for PDPH,RECRUITING,NA,OBSERVATIONAL,Post-Dural Puncture Headache; Spinal Anesthetics Causing Adverse Effects in Therapeutic Use,Ordu University,OTHER,,,,2026-06-19,2026.0,Turkey (Türkiye)
NCT04651998,Effect of Carotid Artery Stent on Evoked Cerebral Blood Oxygenation and Neurocognitive Functioning,UNKNOWN,NA,OBSERVATIONAL,Carotid Artery Stenosis,Shanghai Jiao Tong University Affiliated Sixth People's Hospital,OTHER,"Minhang Hospital, Fudan University; Shanghai Ninth People's Hospital Affiliated to Shanghai Jiao Tong University; RenJi Hospital; ShuGuang Hospital","MMSE, MoCA, functional near-infrared spectroscopy",DIAGNOSTIC_TEST,2021-05-01,2021.0,China
NCT03029884,Closed-loop Deep Brain Stimulation to Treat Refractory Neuropathic Pain,COMPLETED,NA,INTERVENTIONAL,Chronic Pain; Post Stroke Pain; Phantom Limb Pain; Spinal Cord Injuries,"Prasad Shirvalkar, MD, PhD",OTHER,United States Department of Defense; National Institute of Neurological Disorders and Stroke (NINDS),Open-Loop DBS; Sham Stimulation; Closed-Loop DBS,DEVICE,2017-10-28,2017.0,United States
NCT05983458,SAfe and Fast Discharge With Acurate Valve in Low Risk tavI Patients,UNKNOWN,NA,INTERVENTIONAL,"Stenoses, Aortic",Maria Cecilia Hospital,OTHER,,Transaortic valve replacement,PROCEDURE,2022-09-26,2022.0,Italy
NCT06303999,Effect of Oral Enteral Nutrition on Cerebral Small Vessel Disease,COMPLETED,NA,INTERVENTIONAL,Cerebral Small Vessel Diseases,Muhammad,OTHER,,Intermittent Oro-esophageal Tube; Nasogastric tube,DEVICE,2023-01-01,2023.0,Taiwan
NCT05824221,Effect of rTMS on Neurotrophines Levels in CUD,UNKNOWN,NA,INTERVENTIONAL,Cocaine Use; Cocaine Dependence; Cocaine Abuse; Neurotropism,ITAB - Institute for Advanced Biomedical Technologies,OTHER,,rTMS,DEVICE,2023-04-30,2023.0,Italy
NCT07109804,Cuneiform Nucleus (CnF) Deep Brain Stimulation for Gait Facilitation Following Spinal Cord Injury,RECRUITING,NA,INTERVENTIONAL,Spinal Cord Injuries,University of Miami,OTHER,The Miami Project to Cure Paralysis; Florida,Deep Brain Stimulation (DBS); Deep Brain Stimulation (DBS) Device Implant Procedure; Training Sessions,"DEVICE,OTHER,PROCEDURE",2026-10-30,2026.0,United States
NCT01113684,Study of Subthalamic Brain Stimulation in Parkinson Disease (PD),COMPLETED,NA,OBSERVATIONAL,Parkinson Disease,University of Alabama at Birmingham,OTHER,National Institute of Neurological Disorders and Stroke (NINDS),Implantable pulse generator (deep brain stimulator),DEVICE,2010-02,2010.0,United States
NCT02410421,e-PAT Neuromod Evaluation of Personalized rTMS for Resistant Depression,WITHDRAWN,PHASE2,INTERVENTIONAL,Depressive Disorder; Treatment-Resistant,"University Hospital, Strasbourg, France",OTHER,,Functional magnetic resonance imaging used to individualize rTMS protocol using robotic coil positioning,PROCEDURE,,,
NCT06599099,Deep Brain Stimulation of Treatment-Resistant Bipolar Depression,RECRUITING,NA,INTERVENTIONAL,Bipolar Depression,Wayne Goodman MD,OTHER,University of Washington; William Marsh Rice University; Massachusetts General Hospital; National Institute of Neurological Disorders and Stroke (NINDS),Medtronic Percept RC System; One Month Blinded Discontinuation Period,"BEHAVIORAL,DEVICE",2025-01-01,2025.0,United States
NCT00355927,Sedation During Microelectrode Recordings Before Deep Brain Stimulation for Movement Disorders.,UNKNOWN,NA,INTERVENTIONAL,Movement Disorders; Parkinson Disease; Parkinsonian Disorders; Dystonia; Tourette Syndrome,Hadassah Medical Organization,OTHER,,Sedation with IV propofol,PROCEDURE,2006-09,2006.0,Israel
NCT04329676,directSTIM Deep Brain Stimulation System Study,UNKNOWN,NA,INTERVENTIONAL,Parkinson Disease,Aleva Neurotherapeutics SA,INDUSTRY,,Deep Brain Stimulation,PROCEDURE,2021-06-09,2021.0,Germany
NCT03347474,Deep Brain Stimulation of Nucleus Accumbens for Methamphetamine Addiction,UNKNOWN,NA,INTERVENTIONAL,Treatment Methamphetamine Addiction,Ruijin Hospital,OTHER,,Bilateral surgical implantation of DBS system to NAc,PROCEDURE,2017-09-20,2017.0,China
NCT04897425,Mindful SensoriMotor Therapy With Brain Modulation in Highly Impaired Extremities,UNKNOWN,NA,INTERVENTIONAL,Neuropathic Pain; Phantom Limb Pain,Chalmers University of Technology,OTHER,Sahlgrenska University Hospital,Mindful SensoriMotor Therapy Enhanced with Brain Modulation,DEVICE,2022-06-01,2022.0,Sweden
NCT03929406,Brain Tissue Imprint,UNKNOWN,NA,INTERVENTIONAL,Parkinson Disease; Neurologic Disorder,"University Hospital, Grenoble",OTHER,,Brain Tissue Imprint,DEVICE,2019-05,2019.0,France
NCT02440152,The Effectiveness of Deep Brain Stimulation for Opioid Relapse Prevention,UNKNOWN,"PHASE2,PHASE3",INTERVENTIONAL,Opiate Addiction,Ruijin Hospital,OTHER,"Suzhou Sceneray Medical Co. , Ltd; Shanghai Mental Health Center; Institution of Neuroscience; National Natural Science Foundation of China",Suzhou Sceneray® DBS System,DEVICE,2017-02-01,2017.0,China
NCT03296865,Taping in Children With Cerebral Palsy,COMPLETED,NA,INTERVENTIONAL,Cerebral Palsy,Adriana Neves Dos Santos,OTHER,Fundação de Amparo à Pesquisa do Estado de São Paulo,Kinesio taping,DEVICE,2014-03-01,2014.0,Brazil
NCT07392411,Study on Artificial Intelligence-Based Facial and Speech-Related Patterns in Parkinson's Disease and Their Digital Biomarkers,RECRUITING,NA,OBSERVATIONAL,Parkinson's Disease; Progressive Supranuclear Palsy(PSP); Multiple System Atrophy; Healthy Control,Beijing Tiantan Hospital,OTHER,,video recording,OTHER,2023-07-25,2023.0,China
NCT05910008,O-ARM Stereotactic Imaging in Deep Brain Stimulation for Parkinson's Disease,COMPLETED,NA,INTERVENTIONAL,Parkinson Disease,"University Hospital, Toulouse",OTHER,,O-Arm Stereotactic imaging; Standard Stereotactic imaging,PROCEDURE,2024-02-05,2024.0,France
NCT05920174,Clinical Trial to Evaluate the Safety and Efficacy of an Implantable Neural Acquisitor & Stimulator System in Patients With Motor Disability,RECRUITING,NA,INTERVENTIONAL,Tetraplegia,"Neuracle Medical Technology(Shanghai) Co.,Ltd.",INDUSTRY,"Xuanwu Hospital, Beijing; Beijing Tiantan Hospital; Chinese PLA General Hospital; Huashan Hospital",NEO,DEVICE,2023-10-17,2023.0,China
NCT02403843,RNS® System Epilepsy Post-Approval Study,COMPLETED,NA,OBSERVATIONAL,Epilepsy,NeuroPace,INDUSTRY,,RNS System,DEVICE,2015-06,2015.0,United States
NCT05318417,Investigation to Evaluate the Safety and Effectiveness of Cochlear Implantation in Children and Adults With Unilateral Hearing Loss/Single-sided Deafness,RECRUITING,NA,INTERVENTIONAL,"Hearing Loss, Unilateral; Deafness, Unilateral",Cochlear,INDUSTRY,NAMSA,The Cochlear™ Nucleus® Cochlear Implant (CI) System,DEVICE,2022-08-19,2022.0,United States
NCT01163825,Encapsulated Cell Biodelivery of Nerve Growth Factor to Alzheimer´s Disease Patients,UNKNOWN,PHASE1,INTERVENTIONAL,Alzheimer's Disease,NsGene A/S,INDUSTRY,Karolinska Institutet; Region Stockholm,Nerve Growth Factor,DRUG,2008-01,2008.0,Sweden
NCT05558540,Spinal Cord Stimulation for Intractable Chronic Lower Abdominal Neuropathic Pain Caused by Endometriosis,UNKNOWN,NA,INTERVENTIONAL,Endometriosis,Prof. Velja Mijatovic,OTHER,Boston Scientific Group,spinal cord stimulator,DEVICE,2022-10-01,2022.0,Netherlands
NCT02288468,One Pass thalamIc aNd subthalamIc stimulatiON,COMPLETED,NA,INTERVENTIONAL,Parkinson's Disease,University Hospital Freiburg,OTHER,Boston Scientific Corporation,Vercise™ Deep Brain Stimulation System,DEVICE,2015-07,2015.0,Germany
NCT07614100,Cerebral Microembolization During Transcatheter Aortic Valve Implantation: Comparing Balloon-expandable and Self-expanding Valves,NOT_YET_RECRUITING,NA,INTERVENTIONAL,Aortic Stenosis,Ivan Zeljkovic,OTHER,University Hospital Dubrava; Sisters of Mercy University Hospital,Balloon-expandable transcatheter aortic valve; Self-expanding transcatheter aortic valve,DEVICE,2026-06-01,2026.0,Croatia
NCT01427530,Local Field Potentials Recorded From Deep Brain Stimulating (DBS) Electrodes,COMPLETED,NA,OBSERVATIONAL,Parkinson's Disease,University of Minnesota,OTHER,,Deep Brain Stimulation,DEVICE,2010-08,2010.0,United States
NCT01191307,Assess Specific Kinds of Children Challenges for Neurologic Devices Study,TERMINATED,NA,OBSERVATIONAL,Primary Dystonia; Epilepsy; Hydrocephalus; Bladder Control; Hearing Impaired (Partially),"Carlos Pena, PhD, MS",FED,,,,2009-03,2009.0,
NCT07455760,Investigating Subcortical Contributions to Speech Sequencing in Deep Brain Stimulator Recipients,RECRUITING,NA,INTERVENTIONAL,Parkinson's Disease (PD); Essential Tremor,Boston University Charles River Campus,OTHER,National Institute on Deafness and Other Communication Disorders (NIDCD); Massachusetts General Hospital,Phoneme sequence learning; Cessation and re-enabling of stimulation of the STN; Cessation and re-enabling of stimulation of the VIM thalamic nucleus; Multisyllabic sequence learning,"BEHAVIORAL,OTHER",2026-02-18,2026.0,United States
NCT06912282,Bilateral Single-Electrode VO Combined With STN-DBS for Treating Meige Syndrome,RECRUITING,NA,INTERVENTIONAL,Meige Syndrome,Huashan Hospital,OTHER,,deep brain stimulation,DEVICE,2025-03-06,2025.0,China
NCT05832060,Comparing the Efficacy of tDCS and tRNS to Improve Reading Skills in Children and Adolescents With Dyslexia,UNKNOWN,NA,INTERVENTIONAL,Developmental Dyslexia,Bambino Gesù Hospital and Research Institute,OTHER,,Active tDCS; Active tRNS; Sham tRNS or tDCS,DEVICE,2023-05-01,2023.0,Italy
NCT01608061,ADvance DBS-f in Patients With Mild Probable Alzheimer's Disease,COMPLETED,NA,INTERVENTIONAL,Alzheimer Disease,Functional Neuromodulation Ltd,INDUSTRY,,DBS-f on; DBS-f off,DEVICE,2012-05,2012.0,Canada; United States
NCT05912608,Optimal Strategy for Repair of Type A Acute Aortic Dissection,ENROLLING_BY_INVITATION,NA,INTERVENTIONAL,Aortic Dissection,Centre Cardiologique du Nord,OTHER,"Henri Mondor University Hospital; Universita degli Studi di Genova; Pitié-Salpêtrière Hospital; Ospedale San Camillo, Rome, Italy",Conservative TAAAD-R; Extensive TAAAD-R,PROCEDURE,2024-01-01,2024.0,France
NCT02234804,The Does Optical Coherence Tomography Optimize Revascularization (DOCTOR) Recross Study,UNKNOWN,NA,INTERVENTIONAL,Coronary Disease,Aarhus University Hospital Skejby,OTHER,Abbott Medical Devices; Medtronic,Xience Prime Stent; Medtronic Resolute Integrity stent; Angiography; OCT,"DEVICE,PROCEDURE",2013-07,2013.0,Belgium; Denmark; United Kingdom
NCT05968248,Efficacy and Safety of Deep Brain Stimulation in Mesencephalic Locomotor Region（MLR） for Poststroke Hemiplegia,NOT_YET_RECRUITING,NA,INTERVENTIONAL,Stroke Sequelae,Chinese PLA General Hospital,OTHER,,MLR-DBS; Conventional rehabilitation group,PROCEDURE,2023-09-10,2023.0,
NCT01539109,Improving Spinal Cord Injury Rehabilitation Interventions by Retraining the Brain With Stimulation,COMPLETED,NA,INTERVENTIONAL,Spinal Cord Injury,The Cleveland Clinic,OTHER,Telemedicine & Advanced Technology Research Center,Rehabilitation; Noninvasive brain stimulation: tDCS; Sham tDCS: placebo noninvasive brain stimulation,"BEHAVIORAL,PROCEDURE",2011-11,2011.0,United States
NCT03605316,Deep Electrical Neuromodulation in Obsessive-compulsive Disorder,COMPLETED,NA,OBSERVATIONAL,Obsessive-compulsive Disorder (OCD),"University Hospital, Montpellier",OTHER,,Deep brain stimulation (DBS),PROCEDURE,2018-04-01,2018.0,France
NCT06044259,Study Comparing Hemiarch Replacement and Hemiarch Plus Stent Implantation in Acute Aortic Dissection,RECRUITING,NA,INTERVENTIONAL,Aortic Dissection,Chinese University of Hong Kong,OTHER,,"AMDS; Artivion, Atlanta, Georgia, US; Conventional hemiarch replacement",PROCEDURE,2023-10-01,2023.0,China
NCT02781129,Navigation and Free Recall in Chronically Implanted Humans,COMPLETED,NA,INTERVENTIONAL,Epilepsy,Barbara Jobst,OTHER,NeuroPace,electrical stimulation,OTHER,2016-05,2016.0,United States
NCT06984757,Mid-frontal Delta/Theta and Cognitive Control,ENROLLING_BY_INVITATION,NA,INTERVENTIONAL,Parkinson&Amp;Amp;#39;s Disease (PD),Nandakumar Narayanan,OTHER,National Institute of Neurological Disorders and Stroke (NINDS),Deep-brain Stimulation; Transcranial Magnetic Stimulation; Transcranial Alternating Current Stimulation,DEVICE,2017-09-25,2017.0,United States
NCT04429230,Non-invasive Brain Stimulation in Huntington's Disease,UNKNOWN,NA,INTERVENTIONAL,Huntington Disease,"Western University, Canada",OTHER,,Active Transcranial pulsed current stimulation (tPCS); Sham Transcranial pulsed current stimulation (tPCS),DEVICE,2021-09-07,2021.0,
NCT02585128,Predictors of Postoperative Delirium After Transcatheter Aortic Valve Implantation,COMPLETED,NA,INTERVENTIONAL,Postoperative Delirium,Cardiocentro Ticino,OTHER,,Delirium assessment; MMSE (Mini Mental State Examination); Barthel index; HADS (Hospital Anxiety and Depression Scale); MNA-SF (Mini Nutritional Assessment - Short Form); NIRS (Near-Infrared Spectroscopy); CIRS (Cumulative Illness Rating Scale),"DEVICE,OTHER",2015-09,2015.0,Switzerland
NCT00572195,RNS® System LTT Study,COMPLETED,PHASE4,INTERVENTIONAL,Epilepsy,NeuroPace,INDUSTRY,,RNS® System,DEVICE,2006-04,2006.0,United States
NCT03496532,Optimization of Parameters of Subthalamic Nucleus Stimulation,WITHDRAWN,NA,INTERVENTIONAL,Parkinson Disease,Colette Boex,OTHER,,biphasic stimulation; standard stimulation; Uniform distribution; Poisson distribution; Recordings of LFP oscillations,DEVICE,2018-10-10,2018.0,Switzerland
NCT05031052,Normothermic Machine Perfusion (NMP) Versus Static Cold Storage (SCS) in Human Kidney Transplantation,UNKNOWN,NA,INTERVENTIONAL,Kidney Transplant; Complications; Kidney Failure; Graft Dysfunction,"Charite University, Berlin, Germany",OTHER,,End-ischemic normothermic oxygenated machine perfusion; Static cold storage,"DEVICE,PROCEDURE",2022-05-10,2022.0,Germany
NCT01836809,Nesiritide and Renal Function After the Total Artificial Heart,TERMINATED,PHASE4,INTERVENTIONAL,Congestive Heart Failure; Cardiorenal Syndrome,Virginia Commonwealth University,OTHER,,nesiritide; placebo,DRUG,2013-04,2013.0,United States
NCT01909492,Measurement of Relaxin Peptide in Multiple Sclerosis (MS),COMPLETED,NA,OBSERVATIONAL,"Multiple Sclerosis, Relapsing-Remitting",Providence Health & Services,OTHER,"Microstein, LLC",Blood Draw; Lumbar Puncture,PROCEDURE,2013-09-20,2013.0,United States
NCT02258061,Optimal Cardiac Resynchronization Therapy Pacing Rate,COMPLETED,EARLY_PHASE1,INTERVENTIONAL,Cardiac Resynchronization Therapy; Heart Failure; Bi-ventricular Pacing; Sympathetic Activity; Quality of Life,"Rigshospitalet, Denmark",OTHER,,DDD-80; DDD-60,PROCEDURE,2011-08,2011.0,Denmark
NCT07752095,Cerebellar DBS in SCA1 and SCA3 Study,NOT_YET_RECRUITING,NA,INTERVENTIONAL,Spinocerebellar Ataxia Genotype Type 1; Spinocerebellar Ataxia Genotype Type 3,Gordon H. Baltuch,OTHER,National Institute of Neurological Disorders and Stroke (NINDS),UG3NS140720 Deep Brain Stimulation System,DEVICE,2026-10,2026.0,United States
NCT02482883,Evaluation of Transcutaneous Trigeminal Nerve Stimulation for Prevention of Cerebral Vasospasm After Subarachnoid Haemorrhage,COMPLETED,NA,INTERVENTIONAL,Subarachnoid Haemorrhage (SAH),Poitiers University Hospital,OTHER,,Transcutaneous Electrical Nerve Stimulation (TENS),DEVICE,2015-09,2015.0,France
NCT01874093,IMPACT- 24Bt Post Mech. Thrombectomy and/or rtPA TRIAL IMPlant Augmenting Cerebral Blood Flow 24 Hours From Stroke Onset,TERMINATED,PHASE3,INTERVENTIONAL,Ischemic Stroke,BrainsGate,INDUSTRY,,The Ischemic Stroke System; Sham control,DEVICE,2013-05,2013.0,Spain
NCT02731365,Concurrent DBS Local Field Potential Analysis and Stimulation in a Closed-Loop Neuromodulation Device,WITHDRAWN,NA,INTERVENTIONAL,Parkinson's Disease,Vibhor Krishna,OTHER,,Activa PC+S,DEVICE,2015-02,2015.0,United States
NCT06429332,International Care Bundle Evaluation in Cerebral Hemorrhage Research,RECRUITING,PHASE4,INTERVENTIONAL,Intracerebral Hemorrhage; Intracerebral Haemorrhage; Intraventricular Hemorrhage; Stroke; Cerebrovascular Disease,Region Skane,OTHER,"The George Institute for Global Health, Australia; Ottawa Hospital Research Institute",Reversal of Oral anticoagulation within 30 minutes; Early intensive blood pressure lowering; Treatment of pyrexia; Hyperglycemia treatment; Do-not-resuscitate (DNR) or withdrawal of care; Referral to Intensive Care; Referral to Neurosurgery; Repeat brain imaging; Standard care,"DIAGNOSTIC_TEST,OTHER",2025-01-07,2025.0,Australia; Canada; Hong Kong; Iceland; Italy; Malaysia; Sweden; United States
NCT01798888,Deep Brain Stimulation for Refractory Alcoholism,WITHDRAWN,PHASE1,INTERVENTIONAL,Alcoholism,National Institute of Neurological Disorders and Stroke (NINDS),NIH,National Institute on Alcohol Abuse and Alcoholism (NIAAA),Implantation of Deep Brain Stimulation,PROCEDURE,2012-11-30,2012.0,
NCT06378554,Cereset Research for Performance Improvement in a Hospital Nursing Unit,ENROLLING_BY_INVITATION,NA,INTERVENTIONAL,Health Personnel; Stress; Anxiety; Insomnia; Depression,Wake Forest University Health Sciences,OTHER,"The Susanne Marcus Collins Foundation, Inc.",Cereset Research,DEVICE,2024-07-02,2024.0,United States
NCT03256097,Voice Guard Processing Evaluation in a Cohort of Subjects Implanted With the Neuro Cochlear Implant System,COMPLETED,NA,INTERVENTIONAL,Cochlear Implantation,Oticon Medical,INDUSTRY,,XDP sound processing strategy - Period 0; XDP sound processing strategy - Period 1; VG sound processing strategy - Period 1; XDP sound processing strategy - Period 2; VG sound processing strategy - Period 2; XDP sound processing strategy - Period 3; VG sound processing strategy - Period 3; Voice Track,DEVICE,2018-07-25,2018.0,United Kingdom
NCT05587803,Comparison of 2 Depth of Sedation Indices in the Intensive Care Unit,COMPLETED,NA,INTERVENTIONAL,RASS-score; Deep Sedation; Post-cardiac Surgery,Universitair Ziekenhuis Brussel,OTHER,,Neurowave and Sedline indices in view,DEVICE,2022-05-09,2022.0,Belgium
NCT04632290,Brain-controlled Spinal Cord Stimulation in Patients With Spinal Cord Injury,ACTIVE_NOT_RECRUITING,NA,INTERVENTIONAL,Spinal Cord Injuries,Ecole Polytechnique Fédérale de Lausanne,OTHER,,STIMO-BSI system implantation; ARC-BSI Lumbar System,DEVICE,2021-07-04,2021.0,Switzerland
NCT05818410,Human-Prosthetic Interaction: Brain & Technology After Lower-Limb Loss,RECRUITING,NA,INTERVENTIONAL,Lower Limb Amputation Below Knee (Injury),Vrije Universiteit Brussel,OTHER,,Prosthetic device (Lunaris); No prosthetic device; Prosthetic device (Sach foot),"DEVICE,OTHER",2024-01-16,2024.0,Belgium
NCT07618962,TheraTogs Effects on Balance and Mobility in Cerebral Palsy,NOT_YET_RECRUITING,NA,INTERVENTIONAL,Cerebral Palsy; THERATOGS; BALANCE; FUCTIONAL MOBILITY,University of West Attica,OTHER,,THERATOGS,DEVICE,2026-06,2026.0,
NCT01778790,Deep Brain Stimulation of the Superolateral Branch of the Medial Forebrain Bundle (slMFB) for the Treatment of Refractory Major Depression,COMPLETED,PHASE2,INTERVENTIONAL,Major Depression,"University Hospital, Bonn",OTHER,,Deep Brain Stimulation with Activa PC Multi-program Neurostimulator,DEVICE,2013-07,2013.0,Germany
NCT00761280,Efficacy and Safety of AP 12009 in Patients With Recurrent or Refractory Anaplastic Astrocytoma or Secondary Glioblastoma,TERMINATED,PHASE3,INTERVENTIONAL,Anaplastic Astrocytoma; Glioblastoma,Isarna Therapeutics GmbH,INDUSTRY,,trabedersen; temozolomide; Drug delivery system for administration of AP 12009; Placement of Drug Delivery System; carmustine; lomustine,"DEVICE,DRUG,PROCEDURE",2008-12,2008.0,Argentina; Austria; Brazil; Canada; France; Germany; Hungary; India; Mexico; Poland; Russia; South Korea; Spain; Taiwan; United Kingdom; United States
NCT05262348,An Open-label Clinical Trial to Compare the Safety and Effectiveness of Adaptive Versus Conventional Deep Brain Stimulation,WITHDRAWN,NA,INTERVENTIONAL,Parkinson Disease,Newronika,INDUSTRY,,adaptive DBS delivered through AlphaDBS IPG System; conventional DBS delivered through AlphaDBS IPG System,DEVICE,2022-08,2022.0,
NCT01476540,Deep Brain Stimulation for the Treatment of Refractory Anorexia Nervosa,COMPLETED,NA,INTERVENTIONAL,Anorexia Nervosa,"University Health Network, Toronto",OTHER,,Deep Brain Stimulation,DEVICE,2011-07,2011.0,Canada
NCT06436313,DBS Virtual Learning Experience,ACTIVE_NOT_RECRUITING,NA,INTERVENTIONAL,Parkinson Disease,University of Toronto,OTHER,,Educational Sessions,OTHER,2023-09-01,2023.0,Canada
NCT06929923,Pro-2-Cool Pivotal Trial II,RECRUITING,NA,INTERVENTIONAL,"Concussion, Mild",TecTraum Inc.,INDUSTRY,,Pro2Cool Device; Sham Cooling Garment Device,DEVICE,2025-02-20,2025.0,United States
NCT06628752,Deep Brain Stimulation for Obsessive-compulsive Disorder,RECRUITING,NA,INTERVENTIONAL,Obsessive-Compulsive Disorder,Umeå University,OTHER,Region Västerbotten,Deep brain stimulation,DEVICE,2018-09-11,2018.0,Sweden
NCT04071847,Abbott DBS Post-Market Study of Outcomes for Indications Over Time,RECRUITING,NA,OBSERVATIONAL,Movement Disorders; Parkinson Disease; Essential Tremor; Tremor; Dystonia; Primary Dystonia; Secondary Dystonia,Abbott Medical Devices,INDUSTRY,,Deep Brain Stimulation (DBS),DEVICE,2019-11-26,2019.0,Australia; Finland; France; Germany; Italy; Spain; Taiwan; United Kingdom; United States
NCT02806778,Monitoring of Cerebral Oxygenation Using Jugular Oximetry in Comatose Patients After Cardiac Arrest,COMPLETED,NA,OBSERVATIONAL,Cerebral Hypoxic Injury; Cardiac Arrest,University Hospital Ostrava,OTHER,,BIS Monitor-guided sedation; Jugular bulb catheter,OTHER,2016-06,2016.0,Czechia
NCT01896115,CUSTOM-DBS: Current Steering to Optimize Deep Brain Stimulation,COMPLETED,NA,INTERVENTIONAL,Parkinson's Disease,Boston Scientific Corporation,INDUSTRY,,Vercise DBS settings,DEVICE,2013-06,2013.0,Austria; Germany; Italy; United Kingdom; United States
NCT05295628,Evaluation of Safety and Effectiveness of the EMBLOK EPS During TAVR,ACTIVE_NOT_RECRUITING,NA,INTERVENTIONAL,Aortic Valve Stenosis; Aortic Valve Disease; Aortic Valve Insufficiency; Aortic Valve Replacement,"Emblok, Inc.",INDUSTRY,Yale Cardiovascular Research Group,"EMBLOK™ Embolic Protection System (""EMBLOK EPS""); SENTINEL™ Cerebral Protection System",DEVICE,2023-10-17,2023.0,United States
NCT07732257,Wireless MicroPremVitals Button Sensor in the NICU,RECRUITING,NA,INTERVENTIONAL,"Premature Birth; Fragility; Apnea of Prematurity; Bradycardia Neonatal; Sepses, Neonatal",McGill University Health Centre/Research Institute of the McGill University Health Centre,OTHER,Northwestern Querrey Simpson Institute for Bioelectronics (QSIB),Wireless MicroPremVitals Button Sensor System,DEVICE,2026-06-19,2026.0,Canada
NCT03862027,Safety of Optimal PEEP in NSICU Patients,TERMINATED,NA,INTERVENTIONAL,Respiratory Failure; Intracranial Hypertension,"University of North Carolina, Chapel Hill",OTHER,,Esophageal Balloon catheter,DEVICE,2019-03-01,2019.0,United States
NCT07551336,Dual-Targeting CAR-NK Cells for Recurrent/Progressive Glioblastoma and High-Grade Glioma,RECRUITING,PHASE1,INTERVENTIONAL,Malignant Glioma; High-Grade Gliomas; Glioblastoma; Recurrent High-Grade Gliomas; Recurrent Glioblastoma,Beijing Biotech,INDUSTRY,,Dual-target CAR-NK cells; Cyclophosphamide; Intracranial catheter/reservoir for locoregional delivery; Fludarabine,"BIOLOGICAL,DEVICE,DRUG",2026-03-02,2026.0,China
NCT03942809,Clinical Evaluation of the Revised iLTS-D2,COMPLETED,NA,INTERVENTIONAL,Airway Management,Johannes Gutenberg University Mainz,OTHER,,Effectiveness,DEVICE,2019-08-13,2019.0,Germany
NCT05081128,Efficacy in iNPH Shunting (PENS) Trial,ACTIVE_NOT_RECRUITING,NA,INTERVENTIONAL,Idiopathic Normal Pressure Hydrocephalus (INPH),Johns Hopkins University,OTHER,National Institute of Neurological Disorders and Stroke (NINDS),programmable CSF shunt valve,DEVICE,2022-05-18,2022.0,Canada; Sweden; United States
NCT06168071,Transauricular Vagus Nerve Stimulation in Children,ENROLLING_BY_INVITATION,NA,INTERVENTIONAL,"Hypoxia-Ischemia, Brain",Washington University School of Medicine,OTHER,,taVNS,DEVICE,2023-11-15,2023.0,United States
NCT04448600,Bone Conduction Implant and MRI,COMPLETED,NA,OBSERVATIONAL,Bone Anchored Devices; Osseo-Integrated Implants; MRI Scans; Artifacts,Fondation Ophtalmologique Adolphe de Rothschild,NETWORK,,MRI,OTHER,2020-09-28,2020.0,France
NCT01936272,Randomized Controlled Trial of Shunt vs ETV/CPC for PIH in Ugandan Infants,ACTIVE_NOT_RECRUITING,PHASE3,INTERVENTIONAL,Hydrocephalus,Boston Children's Hospital,OTHER,"Penn State University; The Hospital for Sick Children; CURE Children's Hospital, Uganda",Chhabra Shunt Placement; ETV/CPC,"DEVICE,PROCEDURE",2013-05-27,2013.0,Uganda
NCT06112067,Efficacy and Safety of Combo-stim Deep Brain Stimulation for Treatment-refractory Mental Disorders,RECRUITING,NA,INTERVENTIONAL,Deep Brain Stimulation,Shanghai Mental Health Center,OTHER,"SceneRay Corporation, Limited; Huashan Hospital; Shanghai 6th People's Hospital; Changhai Hospital",deep brain stimulation,DEVICE,2023-10-16,2023.0,China
NCT04605263,Deep Brain Stimulation (DBS) of the Pedunculopontine Nucleus (PPN),ENROLLING_BY_INVITATION,NA,INTERVENTIONAL,Parkinson Disease,"St. Joseph's Hospital and Medical Center, Phoenix",OTHER,Arizona State University,STN-PPN DBS Surgery; Deep Brain Stimulation Surgery (DBS),"DEVICE,PROCEDURE",2021-11-01,2021.0,United States
NCT03828825,Evaluation of the Efficacy and Safety of a Simplified Procedure for the Percutaneous Closure of the Patent Foramen Ovale,ACTIVE_NOT_RECRUITING,NA,INTERVENTIONAL,Patent Foramen Ovale,Fondation Hôpital Saint-Joseph,OTHER,,Patent Foramen Ovale closure,OTHER,2019-02-01,2019.0,France
NCT04269408,A Safety and Efficacy Study of NicaPlant® in Aneurysmal Subarachnoid Haemorrhage Patients Undergoing Aneurysm Clipping,COMPLETED,PHASE2,INTERVENTIONAL,Aneurysmal Subarachnoid Hemorrhage,BIT Pharma GmbH,INDUSTRY,NeuroScios GmbH; Data Magik Limited; Pharm-Analyt Labor GmbH,Nicardipine; Standard of care,"DRUG,OTHER",2020-04-05,2020.0,Austria; Germany
NCT00821743,Pedunculo-Pontin Nucleus (PPN) - Deep Brain Stimulation (DBS) in Gait and Balance Disturbance in Parkinson's Disease (PPN-GAB-PARK Study),UNKNOWN,"PHASE1,PHASE2",INTERVENTIONAL,Parkinson Disease,Centre Hospitalier Universitaire de Nice,OTHER,,Deep brain stimulation electrode,DEVICE,2010-03,2010.0,France
NCT02382497,New Treatment Perspectives in Eating Disorders: the Efficacy of Non-invasive Brain-directed Treatment,UNKNOWN,NA,INTERVENTIONAL,Eating Disorders; Binge Eating Disorder; Anorexia Nervosa,Mariella Enoc,OTHER,,AN Active tDCS; AN Sham tDCS; BED Active tDCS; BED Sham tDCS,DEVICE,2014-07,2014.0,Italy
NCT01559220,Deep Brain Stimulation for the Treatment of Alzheimer's Disease,COMPLETED,NA,INTERVENTIONAL,Alzheimer's Disease,"Ali Rezai, MD",OTHER,,Deep Brain Stimulation,DEVICE,2012-03,2012.0,United States
NCT06687837,Treating Parkinson's Disease Through Transplantation of Autologous Stem Cell-Derived Dopaminergic Neurons,RECRUITING,PHASE1,INTERVENTIONAL,Parkinson Disease,"Jeffrey S. Schweitzer, MD, PhD",OTHER,,autologous dopaminergic cell implantation,BIOLOGICAL,2025-04-29,2025.0,United States
NCT04283812,New Stereotactic Frame System for Neurosurgery,WITHDRAWN,NA,INTERVENTIONAL,Parkinson Disease; Essential Tremor; Dystonia; Tourette Syndrome; Obsessive-Compulsive Disorder,Mayo Clinic,OTHER,NaviNetics Inc.,DBS Electrode Implantation using D1 Sterotactic System,DEVICE,2023-01,2023.0,
NCT04184830,Improving Cognition in Schizophrenia Using Non-invasive Brain Stimulation,COMPLETED,NA,INTERVENTIONAL,Schizophrenia,King's College London,OTHER,,non-invasive brain stimulation,DEVICE,2011-09,2011.0,
NCT01703598,Clinical Outcomes of Deep Brain Stimulator (DBS) Electrodes Placed Using Intraoperative Computed Tomography (CT) and Frameless Stereotaxis,COMPLETED,NA,INTERVENTIONAL,Parkinson's Disease,Oregon Health and Science University,OTHER,,Deep Brain Stimulation; DBS surgery,"DEVICE,PROCEDURE",2011-09,2011.0,United States
NCT06179550,Intermittent Oro-esophageal Tube Feeding on Cerebral Small Vessel Disease Patients With Dysphagia,TERMINATED,NA,INTERVENTIONAL,Cerebral Small Vessel Diseases,Zeng Changhao,OTHER,,Nasogastric tube; Intermittent Oro-esophageal Tube,DEVICE,2023-01-01,2023.0,China
NCT03260374,Objective Measures in Cochlear Implant,UNKNOWN,NA,OBSERVATIONAL,Sensorineural Hearing Loss,Assiut University,OTHER,,Electric compound action potential; electric stapedial reflex threshold; electric auditory brain stem response,DEVICE,2017-12-01,2017.0,
NCT04649008,Localizing Epileptic Networks Using MRI and iEEG,RECRUITING,EARLY_PHASE1,INTERVENTIONAL,"Epilepsy; Epilepsy Intractable; Epilepsy, Temporal Lobe",University of Pennsylvania,OTHER,Medical University of South Carolina,3T Magnetic Resonance Imaging; Intracranial electroencephalography recordings; 7T Magnetic Resonance Imaging,DIAGNOSTIC_TEST,2021-03-01,2021.0,United States
NCT05550714,Choice of Anesthesia in Microelectrode Recording Guided Deep Brain Stimulation for Parkinson's Disease,UNKNOWN,NA,INTERVENTIONAL,PD - Parkinson's Disease; Dexmedetomidine; Desflurane; Deep Brain Stimulation,Beijing Tiantan Hospital,OTHER,,general anesthesia; Conscious sedation,DRUG,2022-10-15,2022.0,China
NCT07715708,First Attempt Insertion Success of Novel Two Person Lateral Rotation Technique V.S Standard Brain Technique for LMA Insertion,NOT_YET_RECRUITING,NA,INTERVENTIONAL,LMA; Ventilation,Benha University,OTHER,,LMA insertion by Standard technique; LMA insertion by Two-Person Lateral Rotation Technique,DEVICE,2026-07-01,2026.0,Egypt
NCT03667872,Efficacy and Safety of DBS in Patients With Treatment-Resistant Depression,UNKNOWN,NA,INTERVENTIONAL,Treatment Resistant Depressive Disorder,"Beijing Pins Medical Co., Ltd",INDUSTRY,,Bilateral implantation of DBS system to Habeluna,PROCEDURE,2019-01-15,2019.0,China
NCT03753945,Spine MRI in Patients With Deep Brain Stimulation (DBS),COMPLETED,NA,INTERVENTIONAL,Parkinson Disease; Dystonia; Depression; Spinal Stenosis; Spinal Diseases,"University Health Network, Toronto",OTHER,,MRI of the spine,DIAGNOSTIC_TEST,2019-03-01,2019.0,Canada
NCT07372612,Flow-diverting Devices for the Treatment of Middle Cerebral Artery Bifurcation Aneurysms,NOT_YET_RECRUITING,PHASE4,INTERVENTIONAL,Aneurysms; Flow Diverter; Middle Cerebral Artery Aneurysm; Coiling Therapy,The Affiliated Nanjing Drum Tower Hospital of Nanjing University Medical School,OTHER,,Flow diverter; Stent-assisted coiling,PROCEDURE,2026-01-20,2026.0,
NCT05674266,New Treatment Perspectives in Adolescents With Anorexia Nervosa: the Efficacy of Non-invasive Brain-directed Treatment,UNKNOWN,NA,INTERVENTIONAL,Anorexia in Adolescence,Bambino Gesù Hospital and Research Institute,OTHER,,AN Active tDCS; AN Sham tDCS,DEVICE,2020-06-30,2020.0,Italy
NCT05408975,Treating Civilian Traumatic Brain Injury With High Definition Transcranial Direct Current Stimulation (ciTBI-HDtDCS),COMPLETED,NA,INTERVENTIONAL,Traumatic Brain Injury; Word Finding Difficulty; Acquired Brain Injury; Cognitive Change,The University of Texas at Dallas,OTHER,National Institutes of Health (NIH); National Institute on Deafness and Other Communication Disorders (NIDCD),Active Transcranial direct current stimulation; Sham Transcranial direct current stimulation,DEVICE,2023-01-01,2023.0,United States
NCT07405645,Stereotactic MRI-guided Focused Ultrasound Mesencephalotomy,RECRUITING,NA,INTERVENTIONAL,Head Neck Cancer; Squamous Cell Cancer of Head and Neck (SCCHN); Cancer Pain,University of Virginia,OTHER,Focused Ultrasound Foundation,ExAblate Neuro,DEVICE,2026-02-15,2026.0,United States
NCT05241821,Acute STROke Complicating TAVI - Management and Outcomes,COMPLETED,NA,OBSERVATIONAL,Stroke; Aortic Valve Stenosis; Periprocedural Complication,Rabin Medical Center,OTHER,,Mechanical thrombectomy; Thrombolytic Agent,"DRUG,PROCEDURE",2021-06-01,2021.0,Israel
NCT01822964,Oxygenation of the Cerebrum and Cooling During Transcatheter Aortic Valve Implantation (TAVI) Procedures - Part II,UNKNOWN,NA,INTERVENTIONAL,Aortic Valve Stenosis; Stroke,Hasselt University,OTHER,,"targeted brain cooling (33°C) by RhinoChill device; Placebo - current clinical practice, no cooling",DEVICE,2013-03,2013.0,Belgium
NCT02327871,Esophageal Temperature Management After Cardiac Arrest,COMPLETED,NA,INTERVENTIONAL,Cardiac Arrest,IST cardiology,INDUSTRY,"Advanced Cooling Therapy LLC, d/b/a Attune Medical; Erik Kulstad, MD",Esophageal cooling device (and usual standard procedure),DEVICE,2014-12,2014.0,France
NCT00003878,Carmustine Implants in Treating Patients With Brain Metastases,COMPLETED,PHASE2,INTERVENTIONAL,"Metastatic Cancer; Unspecified Adult Solid Tumor, Protocol Specific",New Approaches to Brain Tumor Therapy Consortium,OTHER,National Cancer Institute (NCI),polifeprosan 20 with carmustine implant; conventional surgery,"DRUG,PROCEDURE",2002-04,2002.0,United States
NCT02784431,Pilot Study of the Contour Neurovascular SystemTM,TERMINATED,NA,INTERVENTIONAL,Intracranial Aneurysm,"Cerus Endovascular, Inc.",INDUSTRY,,Contour Neurovascular System placement,DEVICE,2016-07,2016.0,
NCT02524886,Deep Brain Stimulation for Patients With Tardive Dyskinesia and or Dystonia,TERMINATED,NA,INTERVENTIONAL,Tardive Dyskinesia; Tardive Dystonia,GGZ Centraal,OTHER,University Medical Center Groningen; Maastricht University,GPi DBS with Medtronic electorde and Activa PC pulsegenerator,DEVICE,2015-06,2015.0,Netherlands
NCT05684146,Protect the Head to Head Study,UNKNOWN,PHASE2,INTERVENTIONAL,Embolism,Emboline,INDUSTRY,,Emboliner Embolic Protection; Sentinel Cerebral Protection,DEVICE,2023-05-04,2023.0,United States
NCT02963259,IPG Replacement Study (PREFERENCE-H),COMPLETED,NA,OBSERVATIONAL,Parkinson Disease,Abbott Medical Devices,INDUSTRY,,SJM Infinity™ DBS IPG or SJM Brio™ DBS IPG system,DEVICE,2017-03-29,2017.0,Germany; Italy; United States
NCT04365374,Post-Surgical Stereotactic Radiotherapy (SRT) Versus GammaTile-ROADS (Radiation One and Done Study),ACTIVE_NOT_RECRUITING,PHASE3,INTERVENTIONAL,Brain Metastases,"GT Medical Technologies, Inc.",INDUSTRY,,Gamma Tile-Surgically Targeted Radiation Therapy (STaRT); Stereotactic Radiation Therapy,"DEVICE,RADIATION",2021-04-06,2021.0,United States
NCT00617162,Deep Brain Stimulation for Major Depressive Disorder,TERMINATED,NA,INTERVENTIONAL,"Depressive Disorder, Major; Unipolar Depression",Abbott Medical Devices,INDUSTRY,,"Deep Brain Stimulation, Libra Deep Brain Stimulation System; Deep Brain Stimulation, Libra Deep Brain Stimulation System",DEVICE,2008-03,2008.0,Canada; United Kingdom; United States
NCT05656586,Udall Project 2 Aim 2A&C,RECRUITING,NA,OBSERVATIONAL,Parkinson Disease,University of Minnesota,OTHER,,observational-- no intervention,OTHER,2023-01-01,2023.0,United States
NCT05769296,Australian UCSF Concussion in Athletes,COMPLETED,NA,OBSERVATIONAL,"Concussion, Mild","University of California, San Francisco",OTHER,,Headpulse measurements,DEVICE,2021-06-01,2021.0,United States
NCT07561268,Stenting Of Symptomatic Cerebral siNus stenosIs With the laserCut Self-expanding SILANCE Stent,NOT_YET_RECRUITING,NA,INTERVENTIONAL,Idiopathic Intracranial Hypertension (IIH),Acandis GmbH,INDUSTRY,,SILANCE Stent Implantation,DEVICE,2026-09,2026.0,
NCT03254017,Remotely Programmed Deep Brain Stimulation of the Bilateral Habenula for Treatment- Resistant Major Depression: An Open Label Pilot Trial,TERMINATED,NA,INTERVENTIONAL,Treatment Resistant Major Depressive Disorder,Ruijin Hospital,OTHER,,Bilateral surgical implantation of DBS system to Habeluna; Follow-up Period,"OTHER,PROCEDURE",2017-07-24,2017.0,China
NCT01588691,Traumatic Brain Injury Peripheral Nerve Study,COMPLETED,PHASE1,INTERVENTIONAL,Traumatic Brain Injury,Abbott Medical Devices,INDUSTRY,,Eon-mini IPG (implantable pulse generator); Eon-mini IPG (implantable pulse generator); Eon-mini IPG (implantable pulse generator),DEVICE,2011-12,2011.0,United States
NCT02548897,Uncovering an Electrical Biomarker for Freezing of Gait in Parkinson's Disease,COMPLETED,NA,INTERVENTIONAL,Parkinson's Disease,University of Florida,OTHER,,Deep brain stimulation; Electroencephalography,"DEVICE,OTHER",2015-10,2015.0,United States
NCT06185504,Comparison of Intermittent Oro-Esophageal Tube Feeding in Infants With Cerebral Palsy and Dysphagia,TERMINATED,NA,INTERVENTIONAL,Cerebral Palsy,Zeng Changhao,OTHER,,systemic therapy; Intermittent Oro-Esophageal Tube Feeding; Persistent Nasogastric Tube Feeding,"BEHAVIORAL,DEVICE",2022-01-01,2022.0,China
NCT01998204,Requirement of Propofol for Induction of Unconsciousness in Patients With Parkinson's Disease,COMPLETED,NA,OBSERVATIONAL,Parkinson's Disease,Changhai Hospital,OTHER,,,,2012-01,2012.0,China
NCT00640133,Effectiveness of Deep Brain Stimulation for Treating People With Treatment Resistant Obsessive-Compulsive Disorder,UNKNOWN,PHASE4,INTERVENTIONAL,Obsessive-Compulsive Disorder,Butler Hospital,OTHER,National Institute of Mental Health (NIMH),Active DBS; Sham DBS,DEVICE,2008-03,2008.0,United States
NCT02431026,Temperature Evaluation by MRI Thermometry During Cervical Cooling,COMPLETED,NA,INTERVENTIONAL,Healthy,University of Vermont,OTHER,"Cryothermic Systems, Inc.",Cooling pack activated Excel Cryo Cooling Collar,DEVICE,2015-04,2015.0,United States
NCT04290533,HD-tDCS Over the dACC in High Trait Impulsivity,COMPLETED,NA,INTERVENTIONAL,Impulsive Behavior,Monash University,OTHER,Erasmus University Rotterdam; ZonMw: The Netherlands Organisation for Health Research and Development,Active High Definition transcranial Direct Current Stimulation (HD-tDCS); Sham High Definition transcranial Direct Current Stimulation (HD-tDCS),DEVICE,2019-03-04,2019.0,Australia
NCT07412808,Spinal Cord Stimulation Combined With Motor Training in Non-Traumatic SCI: A Prospective Interventional Study,NOT_YET_RECRUITING,NA,INTERVENTIONAL,Spinal Cord Disease; Spinal Cord Injuries (Complete and Incomplete),Albano Luigi,OTHER,Scuola Superiore di Studi Universitari e di Perfezionamento Sant'Anna,Spinal cord stimulation surgery (device implant) and motor rehabilitation,PROCEDURE,2026-03,2026.0,Italy
NCT07337226,Association of VAgus Nerve Stimulation and Treadmill Training for GAit Rehabilitation in DE Novo Parkinson's Disease,RECRUITING,NA,INTERVENTIONAL,Idiopathic Parkinson's Disease (PD),Fondazione Policlinico Universitario Campus Bio-Medico,OTHER,,Transcutaneous Auricular Vagus Nerve Stimulation (taVNS); Sham Transcutaneous Auricular Vagus Nerve Stimulation (Sham taVNS); Conventional Physical Therapy (cPT); Sensorized Treadmill Training (STT),"OTHER,PROCEDURE",2026-02-14,2026.0,Italy
NCT05997667,Study on the Efficacy and Safety of Rechargeable Implantable DBS System in the Treatment of Parkinson's Disease,UNKNOWN,NA,INTERVENTIONAL,Parkinson Disease,"Lepu Medical Technology (Beijing) Co., Ltd.",INDUSTRY,,Rechargeable implantable deep brain stimulation system; Rechargeable implantable deep brain stimulation system,DEVICE,2023-07-20,2023.0,China
NCT07427563,Cerebellar Deep Brain Stimulation for the Treatment of Ataxia,RECRUITING,NA,INTERVENTIONAL,"Ataxia, Gait","University Health Network, Toronto",OTHER,,Deep Brain Stimulation,DEVICE,2023-03-02,2023.0,Canada
NCT02115802,LFP Correlates of Movement Disorders,UNKNOWN,NA,INTERVENTIONAL,Parkinson's Disease,Colorado Neurological Institute,OTHER,Swedish Medical Center; Medtronic,Activa PC+S,DEVICE,2014-05,2014.0,United States
NCT05241873,(Concerto) Study of BLU-451 in Advanced Cancers With EGFR Exon 20 Insertion Mutations,TERMINATED,PHASE1,INTERVENTIONAL,"Lung Neoplasm Malignant; Carcinoma, Non-Small-Cell Lung; Respiratory Tract Neoplasms; Neoplasms; Neoplasms by Site; Lung Diseases; Respiratory Tract Disease; Carcinoma, Bronchogenic; Bronchial Neoplasms; Adenocarcinoma; Carcinoma; Neoplasms by Histologic Type; EGFR Exon 20 Mutation; EGFR Exon 20 Insertion Mutation; EGFR Activating Mutation; Antineoplastic Agents; Metastatic Lung Cancer; Brain Metastases; EGFR-mutated NSCLC; EGFR Atypical Mutations, Including G719X and L861Q",Blueprint Medicines Corporation,INDUSTRY,,BLU-451; Carboplatin; Pemetrexed,DRUG,2022-03-04,2022.0,Canada; Japan; South Korea; Taiwan; United States
NCT02881151,Deep Brain Stimulation for the Treatment of Traumatic Brain Injury,COMPLETED,NA,INTERVENTIONAL,TBI (Traumatic Brain Injury),Jaimie M. Henderson,OTHER,Weill Medical College of Cornell University; University of Utah; Harvard Medical School (HMS and HSDM); The Cleveland Clinic,Deep brain stimulation,DEVICE,2017-04-20,2017.0,United States
NCT02318927,A Responsive Closed-Loop Approach to Treat Freezing of Gait in Parkinson's Disease,COMPLETED,NA,INTERVENTIONAL,Parkinsons Disease,University of Florida,OTHER,Medtronic; Michael J. Fox Foundation for Parkinson's Research,Deep Brain Stimulation,DEVICE,2015-01,2015.0,United States
NCT00367003,Deep Brain Stimulation for Treatment Resistant Depression,COMPLETED,NA,INTERVENTIONAL,Major Depressive Disorder,Emory University,OTHER,The Dana Foundation,Deep Brain Stimulation,DEVICE,2006-09,2006.0,United States
NCT05866640,Feasibility Trial of the F2 Filter and Delivery System for Embolic Protection During TAVR,RECRUITING,EARLY_PHASE1,INTERVENTIONAL,Aortic Stenosis,"EnCompass Technologies, Inc.",INDUSTRY,,F2 filter and delivery system,DEVICE,2023-04-29,2023.0,Georgia
NCT06332235,Efficacy and Safety of Silodosin in the Treatment of Lower Urinary Tract Symptoms in Taiwanese Population.,UNKNOWN,NA,OBSERVATIONAL,Human Trichinellosis,Kaohsiung Medical University Chung-Ho Memorial Hospital,OTHER,,Silodosin 8 mg,DRUG,2022-02-18,2022.0,Taiwan
NCT04485208,Focused Ultrasound for the Treatment of Neuropathic Pain,UNKNOWN,NA,INTERVENTIONAL,Neuropathic Pain,Neurological Associates of West Los Angeles,OTHER,,Focused Ultrasound,DEVICE,2020-06-30,2020.0,United States
NCT00356343,Strength Training Using Neuromuscular Electrical Stimulation For Children With Cerebral Palsy,UNKNOWN,PHASE1,INTERVENTIONAL,Spastic Diplegic Cerebral Palsy,Eunice Kennedy Shriver National Institute of Child Health and Human Development (NICHD),NIH,Shriners Hospitals for Children; University of Delaware,NMES Strength Training; Volitional Strength Training,"DEVICE,OTHER",2004-07,2004.0,United States
NCT03533218,A Novel Training Simulator for Portable Ultrasound Identification of Incorrect Newborn Endotracheal Tube Placement,UNKNOWN,NA,OBSERVATIONAL,Point of Care Ultrasound,Aga Khan University,OTHER,The Hospital for Sick Children; Grand Challenges Canada,Point of care Ultrasound machine,DEVICE,2018-06-01,2018.0,Pakistan
NCT06371859,Human-AI Collaborative Intelligence for Improving Fetal Flow Management,UNKNOWN,NA,INTERVENTIONAL,Healthy,"Rigshospitalet, Denmark",OTHER,Slagelse Hospital; Technical University of Denmark,"""XAI feedback on MCA/UA Doppler spectral curves and gate placement suggestions""",BEHAVIORAL,2024-04-29,2024.0,Denmark
NCT03564496,Assessment of tDCS-Induced Neuronal Responses in Multiple Sclerosis (MS) With Advanced MRI,COMPLETED,NA,INTERVENTIONAL,Multiple Sclerosis,NYU Langone Health,OTHER,,tDCS Administration during MRI; Remotely-supervised Daily tDCS Administration; Optional 15 minutes of imaging + simultaneous tDCS up to 4.0mA,DEVICE,2018-07-09,2018.0,United States
NCT03138876,EEG Cap for Identification of Non-Convulsive Status Epilepticus,COMPLETED,NA,INTERVENTIONAL,Nonconvulsive Status Epilepticus; Subclinical Seizure; Altered Mental Status; Nonepileptic Seizures; Encephalopathy,Mayo Clinic,OTHER,,EEG Cap; Anti-seizure medication; Standard EEG,"DEVICE,DRUG,PROCEDURE",2017-05-30,2017.0,United States
NCT04753983,A Study to Evaluate fMRI of Active DBS Stimulation in Epilepsy,WITHDRAWN,NA,INTERVENTIONAL,Refractory Epilepsy,Mayo Clinic,OTHER,,Functional magnetic resonance imaging (fMRI),DIAGNOSTIC_TEST,2022-09,2022.0,
NCT04703556,Recording and Modulation of Brain Activity Through Chronically Implanted Stimulation Electrodes,TERMINATED,NA,INTERVENTIONAL,Parkinson Disease,Jocelyne Bloch,OTHER,Hôpital du Valais,Devices for deep brain stimulation,DEVICE,2021-10-04,2021.0,Switzerland
NCT07346378,Clinical Study on the Safety and Efficacy of Temporal Interference Stimulation in the Treatment of Post-Stroke Aphasia,RECRUITING,NA,INTERVENTIONAL,Post-stroke Aphasia,The First Affiliated Hospital of Anhui Medical University,OTHER,,temporal interference stimulation; speech and language therapy,"BEHAVIORAL,OTHER",2025-12-01,2025.0,China
NCT02823041,Enhancing Cognitive Training Through Exercise Following a First Schizophrenia Episode,COMPLETED,NA,INTERVENTIONAL,Schizophrenia; Schizophreniform Disorder; Schizoaffective Disorder,"University of California, Los Angeles",OTHER,,Cognitive Training; Aerobic Exercise; Case management and supportive psychotherapy; Individual Placement and Support,BEHAVIORAL,2016-10-13,2016.0,United States
NCT00089427,"IL13-PE38QQR Infusion After Tumor Resection, Followed by Radiation Therapy With or Without Temozolomide in Patients With Newly Diagnosed Malignant Glioma",COMPLETED,PHASE1,INTERVENTIONAL,Glioblastoma Multiforme; Anaplastic Astrocytoma; Oligoastrocytoma,INSYS Therapeutics Inc,INDUSTRY,,IL13-PE38QQR; Surgery for placement; Radiation therapy; Temozolomide with radiation therapy,"DRUG,PROCEDURE",2004-07,2004.0,United States
NCT02536196,The REFLECT Trial: Cerebral Protection to Reduce Cerebral Embolic Lesions After Transcatheter Aortic Valve Implantation,COMPLETED,NA,INTERVENTIONAL,Symptomatic Aortic Stenosis,Keystone Heart,INDUSTRY,,Embolic Protection Device; Transcatheter aortic valve implantation (TAVI),"DEVICE,PROCEDURE",2016-06,2016.0,Germany; Italy; Netherlands; United States
NCT04758624,Elucidating the Temporality of Structural and Functional Connectivity Changes in Essential Tremor After Successful Deep Brain Stimulation to the Dentato-rubro-thalamic Tract,RECRUITING,NA,INTERVENTIONAL,Essential Tremor,Northwell Health,OTHER,National Institutes of Health (NIH),Deep Brain Stimulation,DEVICE,2021-12-04,2021.0,United States
NCT01862653,Acupuncture for Sleep Disturbances in OEF/OIF Veterans With Post Traumatic Stress Disorder,COMPLETED,NA,INTERVENTIONAL,Post Traumatic Stress Disorder; Sleep Disturbance,"United States Naval Medical Center, San Diego",FED,United States Department of Defense,Auricular Acupuncture,DEVICE,2013-02,2013.0,United States
NCT05308823,Outcome of Cerebral Venous Sinuses Stenting on Idiopathic Intracranial Hypertension,UNKNOWN,NA,INTERVENTIONAL,Idiopathic Intracranial Hypertension,Al-Azhar University,OTHER,,Stent,PROCEDURE,2022-03-15,2022.0,Egypt
NCT06909656,Multimodal Electrophysiological Study of Cortico-subcortical Biomarkers of Tics in Tourette Syndrome,RECRUITING,NA,INTERVENTIONAL,Tourette Syndrome,"University Hospital, Bordeaux",OTHER,,Multimodal electrophysiological recordings,OTHER,2025-02-17,2025.0,France
NCT07777991,Stimulation Evaluation for Neuromodulation Sensory Effects,NOT_YET_RECRUITING,NA,INTERVENTIONAL,Sham-controlled; Healthy Adult Participants; Electric Stimulation,Adraxe Corp.,INDUSTRY,,Intersectional Short-Pulse (ISP) Stimulation; Sham Stimulation,DEVICE,2026-09-01,2026.0,
NCT07625462,Hearing and Brain Development Cohort in Children and Adolescents,RECRUITING,NA,OBSERVATIONAL,Hearing Loss,Shanghai Ninth People's Hospital Affiliated to Shanghai Jiao Tong University,OTHER,,,,2026-05-20,2026.0,China
NCT02377505,Deep Brain Stimulation in Treatment Resistant Schizophrenia,COMPLETED,NA,INTERVENTIONAL,Refractory Schizophrenia,Fundació Institut de Recerca de l'Hospital de la Santa Creu i Sant Pau,OTHER,Fondo de Investigacion Sanitaria,On-Stimulation; Off-Stimulation,DEVICE,2013-01,2013.0,Spain
NCT05011773,Manipulating and Optimising Brain Rhythms for Enhancement of Sleep,COMPLETED,NA,INTERVENTIONAL,Parkinson Disease; MSA - Multiple System Atrophy; Chronic Pain; Epilepsy,University of Oxford,OTHER,"Surrey Sleep Research Centre, Surrey, UK; Mayo Clinic; University of California, San Francisco",Deep brain stimulation,DEVICE,2021-08-03,2021.0,United Kingdom
NCT03811405,"Physiology, Imaging and Modeling of Essential Tremor",COMPLETED,NA,INTERVENTIONAL,Essential Tremor; Parkinson Disease; Dystonia,University of Florida,OTHER,National Institute of Neurological Disorders and Stroke (NINDS); Medtronic,Active biphasic pulse stimulation---Home Settings; Active biphasic pulse stimulation---VIN Biphasic; Active biphasic pulse stimulation---Stimulator Off,DEVICE,2021-04-01,2021.0,United States
NCT01705301,Neurotransmitter Measurements Using (WINCS) During Deep Brain Stimulation Neurosurgery,COMPLETED,NA,OBSERVATIONAL,Essential Tremor; Parkinson's Disease; Dystonia,Mayo Clinic,OTHER,,WINCS,DEVICE,2010-01,2010.0,United States
NCT01268137,DBS in Treatment Resistant Major Depression,UNKNOWN,PHASE3,INTERVENTIONAL,Resistant Major Depressive Disorder,Fundació Institut de Recerca de l'Hospital de la Santa Creu i Sant Pau,OTHER,Fondo de Investigacion Sanitaria,Deep Brain Stimulation,PROCEDURE,2008-01,2008.0,Spain
NCT05399602,The Role of Neurofilament Light (NfL) in Patients With Hydrocephalus,COMPLETED,NA,INTERVENTIONAL,Hydrocephalus; Brain Damage; General Anesthetics Toxicity,University Hospital Hradec Kralove,OTHER,,Lumbar puncture; External lumbar drainage; Lumbar infusion test; Ventriculo-peritoneal shunt placement; General Anesthesia; Prechamber puncture; Blood sampling #1; Blood sampling #2; Blood sampling #3; Blood sampling #4 and #5,"DIAGNOSTIC_TEST,PROCEDURE",2023-12-07,2023.0,Czechia
NCT03419312,"PET Patterns, Biomarkers and Outcome in Burst SCS Treated FBSS Patients",UNKNOWN,NA,INTERVENTIONAL,"FBSS; Pain, Intractable; Low Back Pain; Radicular; Neuropathic, Lumbar, Lumbosacral",Uppsala University,OTHER,Linkoeping University; Boston Children's Hospital,Proclaim™ Elite 5: Burst - Washout - Sham; Proclaim™ Elite 5: Sham - Washout - Burst,DEVICE,2018-02-11,2018.0,Sweden
NCT05404581,Insula Neuromodulation for Chronic Neuropathic Pain,RECRUITING,NA,INTERVENTIONAL,Neuropathic Pain; Chronic Pain,University of Virginia,OTHER,Boston Scientific Corporation,neuromodulation,DEVICE,2022-11-01,2022.0,United States
NCT06848140,Using Non-invasive Brain Stimulation to Treat Word Finding Difficulty in Chronic Traumatic Brain Injury,RECRUITING,NA,INTERVENTIONAL,Traumatic Brain Injury; Word Finding Difficulty; Cognitive Symptom; Cognitive Change; Acquired Brain Injury,Beth Israel Deaconess Medical Center,OTHER,National Institute on Deafness and Other Communication Disorders (NIDCD),Active Transcranial direct current stimulation; Sham Transcranial direct current stimulation,DEVICE,2025-10-01,2025.0,United States
NCT02232919,Deep Brain Stimulation for Human Morbid Obesity,COMPLETED,PHASE1,INTERVENTIONAL,Obesity,Hospital do Coracao,OTHER,,Deep Brain Stimulation,DEVICE,2014-04,2014.0,Brazil
NCT04228744,The Efficacy and Mechanism of DBS in VIC and NAcc for Refractory OCD,UNKNOWN,NA,INTERVENTIONAL,Obsessive-Compulsive Disorder; Deep Brain Stimulation,Ruijin Hospital,OTHER,University of Cambridge,DBS system,DEVICE,2020-01-10,2020.0,China
NCT03744026,Safety and Efficacy of Transient Opening of the Blood-brain Barrier (BBB) With the SonoCloud-9,COMPLETED,"PHASE1,PHASE2",INTERVENTIONAL,"Glioblastoma, Adult",CarThera,INDUSTRY,,SonoCloud-9; Carboplatin,"DEVICE,DRUG",2019-02-18,2019.0,France; United States
NCT01069952,Electrical Stimulation of the Internal Capsule for Intractable Depression,COMPLETED,PHASE2,INTERVENTIONAL,Depression,Butler Hospital,OTHER,Medtronic,Deep Brain Stimulation System,DEVICE,2002-12,2002.0,United States
NCT00645385,Examination of Changes on Magnetic Resonance Imaging (MRI) and Magnetic Resonance Spectroscopy (MRS) in Patients Who Receive Gliadel Wafers During Initial Surgery for Glioblastoma Multiforme. Response or Failure to Gliadel Wafers for Subjects With Glioblastoma Multiforme.,WITHDRAWN,NA,OBSERVATIONAL,Glioblastoma Multiforme; Anaplastic Astrocytoma; Anaplastic Oligodendroglioma,Weill Medical College of Cornell University,OTHER,Eisai Inc.,MRS Spectroscopy,OTHER,2007-06,2007.0,United States
NCT06058676,Prediction of Hyperperfusion After Carotid Stenting by Multi-parameter Characteristics Based on Cerebral Autoregulation,ENROLLING_BY_INVITATION,NA,OBSERVATIONAL,Cerebral Artery Stenosis; Carotid Artery Stent; Dynamic Cerebral Autoregulation,"Xuanwu Hospital, Beijing",OTHER,,carotid artery stenting,PROCEDURE,2023-09-01,2023.0,China
NCT07764718,Temporal Interference Brain Stimulation for Adults With Drug-Resistant Epilepsy Undergoing Stereo-EEG Monitoring,NOT_YET_RECRUITING,NA,INTERVENTIONAL,Drug-Resistant Focal Epilepsy,Duke University,OTHER,National Institute of Neurological Disorders and Stroke (NINDS),Temporal Interference Stimulation; Direct Electrical Stimulation,DEVICE,2026-08-15,2026.0,
NCT06692101,Oral Care Strategies for Stroke Patients with Dysphagia,COMPLETED,NA,INTERVENTIONAL,Acute Ischemic Stroke (AIS); Stroke-Associated Pneumonia (SAP); Dysphagia Following Cerebrovascular Accident,Taipei Medical University Shuang Ho Hospital,OTHER,,oral care; Neuromuscular Electrical Stimulation (NMES),"DEVICE,OTHER",2021-12-09,2021.0,Taiwan
NCT06848530,"Neurophysiology of the Basal Ganglia, Thalamus, and Cerebellum in Patients With Movement Disorders",RECRUITING,NA,INTERVENTIONAL,Movement Disorders,University of Pennsylvania,OTHER,,Prescribed Medications; Deep brain stimulation adjustment,OTHER,2025-12-10,2025.0,United States
NCT07766681,Epidural Spinal Cord Stimulation for Respiratory Recovery in Brain Injury,NOT_YET_RECRUITING,NA,INTERVENTIONAL,Brain Injuries; Respiratory Failure,Zhongda Hospital,OTHER,"The 904th Hospital of the People's Liberation Army of China; Center for Excellence in Brain Science and Intelligence Technology, Chinese Academy of Sciences; Chinese PLA General Hospital",Epidural Electrode Implantation,PROCEDURE,2026-08-05,2026.0,China
NCT03952455,Deep Brain Stimulation of the Bilateral Nucleus Accumbens for Patients With Methadone Maintenance Treatment,UNKNOWN,NA,INTERVENTIONAL,Addiction Opiate,Ruijin Hospital,OTHER,,Bilateral surgical implantation of DBS system to Nucleus Accumbens,PROCEDURE,2019-05-13,2019.0,China
NCT06364085,Enhancing Epilepsy Management With Precision Deep Brain Stimulation,UNKNOWN,NA,INTERVENTIONAL,"Epilepsy, Drug Resistant",Nova Scotia Health Authority,OTHER,,Neuromodulation programming,DEVICE,2024-06,2024.0,Canada
NCT00851071,Interventional Study of Anxiety Symptoms in the Implantable Cardioverter Defibrillator (ICD) Patient,COMPLETED,NA,INTERVENTIONAL,Anxiety,The Cleveland Clinic,OTHER,,Cognitive Behavioral Therapy,BEHAVIORAL,2009-02,2009.0,United States
NCT00003467,Carmustine in Treating Adults With Recurrent Supratentorial Low-Grade Glioma,COMPLETED,PHASE2,INTERVENTIONAL,Brain and Central Nervous System Tumors,Duke University,OTHER,National Cancer Institute (NCI),carmustine; polifeprosan 20 with carmustine implant; surgical procedure,"DRUG,PROCEDURE",1998-01,1998.0,United States
NCT02253212,Safety of BBB Opening With the SonoCloud,COMPLETED,"PHASE1,PHASE2",INTERVENTIONAL,Glioblastoma; Glioma; Brain Tumor,Assistance Publique - Hôpitaux de Paris,OTHER,,SonoCloud; Carboplatin,"DEVICE,DRUG",2014-07,2014.0,France
NCT02420639,"Prospective, Interventional Study Evaluating the Feasibility and Safety of the Esophageal Cooling Device",COMPLETED,NA,INTERVENTIONAL,Traumatic Brain Injury,"Advanced Cooling Therapy, Inc., d/b/a Attune Medical",INDUSTRY,Dnipropetrovsk State Medical Academy,"Esophageal Cooling Device (ECD), manufactured by Advanced Cooling Therapy, Inc.",DEVICE,2015-08,2015.0,Ukraine
NCT03533439,Regional Blood Saturation Levels in Gastroschisis,COMPLETED,NA,OBSERVATIONAL,Gastroschisis; Intestinal Ischemia,NHS Lothian,OTHER_GOV,,Near infrared spectroscopy,DIAGNOSTIC_TEST,2013-10-15,2013.0,
NCT03648905,Clinical Laboratory Evaluation of Chronic Autonomic Failure,COMPLETED,NA,OBSERVATIONAL,Parkinson's Disease; Multiple System Atrophy; Autonomic Failure,National Institute of Neurological Disorders and Stroke (NINDS),NIH,,13N-Ammonia; 18F-DOPA; 11C-Methylreboxetine (11C-MRB); 18F-Dopamine,DRUG,2018-09-06,2018.0,United States
NCT02780895,Parkinsonian Brain Repair Using Human Stem Cells,UNKNOWN,PHASE1,INTERVENTIONAL,Idiopathic Parkinson Disease,"Celavie Bioscences, LLC",INDUSTRY,Hospital Angeles del Pedregal,Human Stem Cells,DRUG,2014-05,2014.0,Mexico
NCT03952962,Tractography Guided Subcallosal Cingulate Deep Brain Stimulation for Treatment Resistant Depression,RECRUITING,NA,INTERVENTIONAL,Treatment Resistant Depression; Undergoing Deep Brain Stimulation (DBS) Surgery,Nader Pouratian,OTHER,,Abbott Laboratories Infinity™ implantable deep brain stimulation system,DEVICE,2022-10-28,2022.0,United States
NCT01820390,Optimizing DBS Electrode Placement and Programming,WITHDRAWN,NA,OBSERVATIONAL,Parkinson's Disease; Essential Tremor,"University of Colorado, Denver",OTHER,Medtronic,,,2013-03,2013.0,United States
NCT05089682,Manipulating and Optimizing Brain Rhythms for Enhancement of Sleep,TERMINATED,NA,INTERVENTIONAL,Neurological Disease; Parkinson Disease; Epilepsy,Mayo Clinic,OTHER,,DBS Stimulation during sleep,DEVICE,2021-06-22,2021.0,United States
NCT02924090,Hyperventilation Combined With Etomidate or Ketamine Anesthesia in ECT Treatment of Major Depression,UNKNOWN,PHASE4,INTERVENTIONAL,Depression,University of Manitoba,OTHER,,Etomidate; Ketamine; Hyperventilation; Electroconvulsive therapy (ECT),"DRUG,PROCEDURE",2016-09,2016.0,Canada
NCT05834478,Non-invasive Vagal Nerve Stimulation in Opioid Use Disorders UH3,RECRUITING,PHASE3,INTERVENTIONAL,Withdrawal Symptoms; Opioid Use Disorder; Opioid Use,Emory University,OTHER,National Institute on Drug Abuse (NIDA),Transcutaneous Cervical Vagal Nerve Stimulation; Sham Stimulation; [F-18]Fallypride,"DEVICE,DRUG",2024-02-20,2024.0,United States
NCT06157008,Brain Network Analysis of Anesthesia Characteristics in Patients With pDoC Based on PSG,UNKNOWN,NA,OBSERVATIONAL,Disorders of Consciousness,Beijing Tiantan Hospital,OTHER,,General Anesthetics,DRUG,2023-01-11,2023.0,China
NCT07734584,A Standard Carbon Dioxide Flushing Protocol to Reduce Air Embolization During Thoracic Endovascular Aortic Repair,RECRUITING,NA,INTERVENTIONAL,"Type B Acute Aortic Syndrome; Thoracic and Thoracoabdominal Aneurysms With Crawford Extent I, II, III, or IV",University of Bologna,OTHER,"AngioDroid s.r.l., Bologna (Italy)",Carbon dioxide pre-implant endograft flushing followed by saline flushing; Saline endograft flushing,PROCEDURE,2025-07-15,2025.0,Italy
NCT01973478,Deep Brain Stimulation in Patients With Chronic Treatment Resistant Depression,COMPLETED,NA,INTERVENTIONAL,Major Depressive Disorder; Recurrent Depressive Disorder; Bipolar Disorder,Rennes University Hospital,OTHER,,DBS; SHAM,DEVICE,2014-06-03,2014.0,France
NCT02553525,Effects of Stimulation Patterns of Deep Brain Stimulation,ENROLLING_BY_INVITATION,NA,INTERVENTIONAL,Parkinson Disease; Essential Tremor; Multiple Sclerosis; Dystonia,Duke University,OTHER,National Institute of Neurological Disorders and Stroke (NINDS); Emory University; University of Florida; Boston Scientific Corporation,Therapeutic Stimulation Patterns; Symptogenic Stimulation Patterns,PROCEDURE,2016-06-02,2016.0,United States
NCT07485933,Comparison of Cerebral Oximetry and Neurological Status Testing in the Awake Patient in the Detection of Cerebral Ischemia During Carotid Endarterectomy,ACTIVE_NOT_RECRUITING,NA,INTERVENTIONAL,Carotid Arteriosclerosis; Near Infrared Spectroscopy,"Clinic for Vascular and Endovascular Surgery, University Clinical Center of Serbia",OTHER,,Awake Neurological Testing; Near-Infrared Spectroscopy (NIRS) Monitoring,"BEHAVIORAL,DEVICE",2025-12-22,2025.0,Serbia
NCT04704258,NAUTILUS CE-mark Trial of the FLOWer Cerebral Embolic Protection Device,COMPLETED,NA,INTERVENTIONAL,Aortic Valve Stenosis; Intracranial Embolism and Thrombosis,AorticLab Srl,INDUSTRY,Meditrial Europe Ltd.,TAVI (Transcatheter Aortic Valve Implant); FLOWer Embolic Protection System,"DEVICE,PROCEDURE",2021-05-03,2021.0,Belgium; Italy
NCT00597974,Neurological Outcome With Carotid Artery Stenting,COMPLETED,NA,OBSERVATIONAL,Carotid Artery Disease; Carotid Artery Stenosis; Stroke; Transient Ischemic Attack,Columbia University,OTHER,,Angioplasty; Stent; Neurological and neuropsychological evaluations; Angiography,"DEVICE,OTHER,PROCEDURE",2003-09,2003.0,United States
NCT00608231,Dexmedetomidine Effects on Microelectrode Recording in Deep Brain Stimulation,WITHDRAWN,"PHASE2,PHASE3",INTERVENTIONAL,Parkinson's Disease; Essential Tremor; Dystonia,Vanderbilt University,OTHER,,Dexmedetomidine Hydrochloride Infusion; Normal Saline,DRUG,2008-01,2008.0,United States
NCT00575081,Physiological Brain Atlas Development,RECRUITING,NA,OBSERVATIONAL,Parkinson's Disease; Obsessive Compulsive Disorder; Dystonia; Essential Tremor; Epilepsy,Vanderbilt University Medical Center,OTHER,National Institute for Biomedical Imaging and Bioengineering (NIBIB); National Institute of Neurological Disorders and Stroke (NINDS); National Institute of Mental Health (NIMH),Stereotactic brain procedures,DEVICE,2006-08,2006.0,United States
NCT02402569,Multi-electrodes Set for Deep Brain Stimulation in Parkinson Disease,TERMINATED,EARLY_PHASE1,INTERVENTIONAL,Parkinson Disease,"University Hospital, Grenoble",OTHER,,32 channels Deep Brain Stimulator,DEVICE,2014-12,2014.0,France
NCT06303869,Deep Brain Stimulation Motor Ventral Thalamus (VOP/VIM) for Restoration of Speech and Upper-limb Function in People With Subcortical Stroke,RECRUITING,NA,INTERVENTIONAL,Stroke; Brain Disease; Central Nervous System Diseases; Nervous System Diseases; Cardiovascular Diseases,Jorge Gonzalez-Martinez,OTHER,,Deep Brain Stimulation (DBS) of the Motor Thalamus,DEVICE,2025-06-20,2025.0,United States
NCT00717431,"A Multicenter Study of Hippocampal Electrical Stimulation (HS, in Mesial Temporal Lobe Epilepsy",TERMINATED,PHASE3,INTERVENTIONAL,Temporal Lobe Epilepsy,University of Calgary,OTHER,"University of Western Ontario, Canada; University of Toronto; Dalhousie University; University of Alberta",Hippocampal Electrical Stimulation,PROCEDURE,2008-01,2008.0,Canada
NCT03982953,Predicting Cognition After DBS for Parkinson's Disease,UNKNOWN,NA,OBSERVATIONAL,Parkinson's Disease; Deep Brain Stimulation; Postoperativeneurocognitive Deficit; Postoperative Delirium,"Charite University, Berlin, Germany",OTHER,,,,2019-06-12,2019.0,Germany
NCT07069946,Weight Bearing Exercises With NMES on Balance and Functional Abilities In Children With Hemiplegia,NOT_YET_RECRUITING,NA,INTERVENTIONAL,Hemiplegic Cerebral Palsy,Cairo University,OTHER,,"traditional physical therapy and weight-bearing exercise; neuromuscular electrical stimulation , traditional physical therapy and weight-bearing exercise",OTHER,2025-07-15,2025.0,
NCT07369310,Comparing Biomarker-Guided DBS Programming With Standard Clinical Monopolar Programming,NOT_YET_RECRUITING,NA,INTERVENTIONAL,Parkinson's Disease; Parkinson; Parkinsons Disease (PD); Motor Fluctuations; DBS; Deep Brain Stimulation,Fundació Institut de Recerca de l'Hospital de la Santa Creu i Sant Pau,OTHER,Medtronic,Conventional DBS Programming (Monopolar Review); Objective-Guided DBS Programming (Imaging and Local Field Potential-Based),DEVICE,2026-03-01,2026.0,Spain
NCT04528680,Ultrasound-based Blood-brain Barrier Opening and Albumin-bound Paclitaxel and Carboplatin for Recurrent Glioblastoma,ACTIVE_NOT_RECRUITING,"PHASE1,PHASE2",INTERVENTIONAL,"Glioblastoma; Gliosarcoma; GBM; Glioblastoma Multiforme; Glioblastoma, IDH-wildtype; Recurrent Glioblastoma",Northwestern University,OTHER,CarThera; Bristol-Myers Squibb; National Cancer Institute (NCI),"Sonication for opening of blood-brain barrier; Chemotherapy, albumin-bound paclitaxel; Chemotherapy, carboplatin","DEVICE,DRUG",2020-10-29,2020.0,United States
NCT04869813,Sarcopenia Magnetic Resonance Imaging Evaluation (SUSIE),ENROLLING_BY_INVITATION,NA,OBSERVATIONAL,Sarcopenia,The Cleveland Clinic,OTHER,,,,2021-04-09,2021.0,United States
NCT05292794,Use of CereGate Therapy for Freezing of Gait in PD,RECRUITING,NA,INTERVENTIONAL,Parkinson Disease; Freezing of Gait; Deep Brain Stimulation,CereGate Inc.,INDUSTRY,,CereGate Software; BSN cDBS Programmer; BSN Burst Programmer,DEVICE,2022-04-18,2022.0,United States
NCT06419283,Prospective Study on Safety and Efficacy of Stenting for Chronic Middle Cerebral Artery Occlusion With Limb Dysfunction,COMPLETED,EARLY_PHASE1,INTERVENTIONAL,Chronic Middle Cerebral Artery Occlusion; Stenting Treatment; Modified Rankin Scale; National Institutes of Health Stroke Scale,Huizhou Municipal Central Hospital,OTHER,,Middle Cerebral Artery Stent Implantation; standard treatment with aspirin.,"DRUG,PROCEDURE",2019-08-01,2019.0,China
NCT04428970,Intracranial Pressure (ICP) Monitoring Following Traumatic Brain Injury (TBI),COMPLETED,NA,OBSERVATIONAL,Traumatic Brain Injury,Medical University of Vienna,OTHER,,Invasive ICP monitoring,PROCEDURE,2007-01-01,2007.0,Austria
NCT02253472,The Safety and Efficacy of Long-term Treatment of PINS Stimulator System for Patients With Obsessive-Compulsive Disorder,UNKNOWN,EARLY_PHASE1,INTERVENTIONAL,Obsessive-Compulsive Disorder,"Beijing Pins Medical Co., Ltd",INDUSTRY,Beijing Tiantan Hospital,Deep Brain Stimulation,DEVICE,2016-12,2016.0,
NCT07473739,AI-Based Ultrasound Prediction of Pregnancy Outcomes in Placental-Related Fetal Growth Restriction (MVM-FGR): A Prospective Cohort Study,RECRUITING,NA,OBSERVATIONAL,Fetal Growth Restriction (FGR),"Xinhua Hospital, Shanghai Jiao Tong University School of Medicine",OTHER,,new ultrasound index and MRI,OTHER,2023-01-01,2023.0,China
NCT05238272,Novel Brain Neurotechnology for Optimizing Precision Mirror Therapy in Stroke,RECRUITING,NA,INTERVENTIONAL,Cerebrovascular Accident,Chang Gung Memorial Hospital,OTHER,,Transcranial random noise stimulation (tRNS); sham tRNS; the unilateral MT; the bilateral MT,"BEHAVIORAL,DEVICE",2022-03-01,2022.0,Taiwan
NCT03347487,DBS of the Habenula for Treatment- Resistant Major Depression,TERMINATED,NA,INTERVENTIONAL,Treatment Resistant Major Depression Disorder,Ruijin Hospital,OTHER,,Deep brain stimuation system implantation,PROCEDURE,2017-11-13,2017.0,China
NCT02567630,Early Childhood Constraint Therapy in Cerebral Palsy,UNKNOWN,NA,INTERVENTIONAL,Cerebral Palsy,Nationwide Children's Hospital,OTHER,,Soft Mitt Constraint Therapy for Sensory/Motor Impairment in Cerebral Palsy,BEHAVIORAL,2015-10-05,2015.0,United States
NCT01331330,European Deep Brain Stimulation (DBS) Depression Study,COMPLETED,NA,INTERVENTIONAL,"Depressive Disorder, Major",Abbott Medical Devices,INDUSTRY,,Deep Brain Stimulation; Deep Brain Stimulation,DEVICE,2011-05,2011.0,France; Israel; United Kingdom
NCT05979064,Omental Tissue Autograft in Human Recurrent Glioblastoma Multiforme (rGBM),RECRUITING,NA,INTERVENTIONAL,"Glioma; Glioma, Malignant; Glioblastoma; Glioblastoma Multiforme; Glioblastoma Multiforme of Brain; GBM; Brain Cancer; High Grade Glioma",Northwell Health,OTHER,,Laparoscopically harvested omental tissue autograft,PROCEDURE,2023-04-04,2023.0,United States
NCT03424616,Deep Brain Stimulation of Nucleus Accumbens for Opioid Relapse Prevention,UNKNOWN,NA,INTERVENTIONAL,Addiction,Tang-Du Hospital,OTHER,"National Institute on Drug Dependence, Peking University; Ruijin Hospital; West China Hospital; Nanfang Hospital, Southern Medical University; Peking University First Hospital",Suzhou Sceneray® DBS System,DEVICE,2018-02-06,2018.0,China
NCT07094438,Study Safety and Efficacy of Deep Brain Stimulation (DBS) and Cervical Deep Lymphoid-venous Anastomosis (LVA) in Alzheimer's Disease,RECRUITING,PHASE1,INTERVENTIONAL,Alzheimer Disease,Chinese PLA General Hospital,OTHER,,"Deep Brain Stimulation, DBS; Deep cervical lymphatic-venous anastomosis, LVA; Recognized pharmacological treatments for AD.","DRUG,PROCEDURE",2025-01-01,2025.0,China
NCT05209516,Study of Motor Inhibition in Parkinson's Disease and Focal Hand Dystonia,UNKNOWN,NA,INTERVENTIONAL,Parkinson Disease,Cliniques universitaires Saint-Luc- Université Catholique de Louvain,OTHER,,Behavioral data; Single-pulse transcranial magnetic stimulation (TMS); Questionnaires; MDS (Movement Disorder Society) UPDRS (Unified Parkinson's Disease Rating Scale) Part 3 (Motor Part),"BEHAVIORAL,DIAGNOSTIC_TEST,OTHER",2018-07-31,2018.0,Belgium
NCT06942416,Iparomlimab and Tuvonralimab With Chemoradiation for the Treatment of Locally Recurrent and Oligometastatic Cervical Cancer,RECRUITING,PHASE2,INTERVENTIONAL,"Cervical Cancer; Neoplasm Recurrence, Local; Oligometastatic",Shandong Cancer Hospital and Institute,OTHER,,Paclitaxel and Cisplatin/ Carboplatin; Iparomlimab and Tuvonralimab; Radiotherapy,"DRUG,RADIATION",2025-02-28,2025.0,China
NCT07336199,Pairing Subjective Patient Rating and DBS Programming,RECRUITING,NA,OBSERVATIONAL,Parkinson's Disease (PD),Ludwig-Maximilians - University of Munich,OTHER,Medtronic,No intervention (observational study),OTHER,2024-12-02,2024.0,Germany
NCT06396481,Clinical Study of Allogeneic Vγ9Vδ2 T Cells in the Treatment of Brain Malignant Glioma,NOT_YET_RECRUITING,EARLY_PHASE1,INTERVENTIONAL,GBM; DIPG Brain Tumor; Medulloblastoma,Beijing Tiantan Hospital,OTHER,,Vγ9Vδ2 T cell,BIOLOGICAL,2024-04-30,2024.0,China
NCT03815149,Safety and Clinical Effectiveness of Pipeline™ Shield Devices for Intracranial Aneurysms,UNKNOWN,NA,OBSERVATIONAL,"Intracranial Aneurysm; Cerebral Aneurysm; Subarachnoid Hemorrhage; Stroke, Acute; Cerebral Hemorrhage; Cerebral Stroke; Neurologic Disorder",Gold Coast Hospital and Health Service,OTHER_GOV,"Prince of Wales Hospital, Sydney; Liverpool Hospital, Sydney; Sir Charles Gairdner Hospital",Pipeline™ Flex Embolization Device with Shield Technology™,DEVICE,2019-05-30,2019.0,Australia
NCT03629743,Correlate of Surface Electroencephalogram (EEG) With Implanted EEG Recordings (ECOG),COMPLETED,NA,OBSERVATIONAL,Anesthesia,Stanford University,OTHER,,EEG; ECOG,DEVICE,2019-11-11,2019.0,United States
NCT06840808,Treating Word Finding Difficulties in Traumatic Brain Injury With HD-tDCS,COMPLETED,NA,INTERVENTIONAL,Traumatic Brain Injury; Cognitive Change; Word Finding Difficulty; Acquired Brain Injury,The University of Texas at Dallas,OTHER,University of Texas Southwestern Medical Center,Active Transcranial direct current stimulation; Sham Transcranial direct current stimulation,DEVICE,2024-12-01,2024.0,United States
NCT05583578,HOMEStudy: Development of a Home-based Self-delivered Prehabilitation Intervention to Proactively Reduce Fall Risk in Older Adults,COMPLETED,NA,INTERVENTIONAL,Mobility Limitation; Aging,University of Florida,OTHER,National Institute on Aging (NIA),Home-based mobility testing and active tDCS; Sham tDCS,DEVICE,2023-01-01,2023.0,United States
NCT02253043,The Safety and Efficacy of Long-term Treatment of PINS Stimulator System for Patients With Alzheimer's Disease,UNKNOWN,NA,INTERVENTIONAL,Alzheimer's Disease,"Beijing Pins Medical Co., Ltd",INDUSTRY,Beijing Tiantan Hospital,"Deep Brain Stimulation (Beijing PINS Medical Co., Ltd)",DEVICE,2014-05,2014.0,China
NCT04806516,Phase II Adaptive Deep Brain Stimulation for Obsessive-Compulsive Disorder,ACTIVE_NOT_RECRUITING,NA,INTERVENTIONAL,Obsessive-Compulsive Disorder,Baylor College of Medicine,OTHER,University of Pittsburgh; Brown University; Carnegie Mellon University; National Institute of Neurological Disorders and Stroke (NINDS); Medtronic,Summit RC+S System with ECoG Paddles; One Month Blinded Discontinuation Period:,"DEVICE,OTHER",2021-07-01,2021.0,United States
NCT05667649,Autologous Activated Adipose-derived Stem Cells (RB-ADSC) Injected Directly Into the Brain for Mild to Moderate Alzheimer's Disease,RECRUITING,PHASE1,INTERVENTIONAL,Alzheimer Disease,"Regeneration Biomedical, Inc.",INDUSTRY,,RB-ADSC,BIOLOGICAL,2023-08-14,2023.0,United States
NCT05422469,Neurobehavioral Investigations of Approach Dynamics in the Ventral Striatum,NOT_YET_RECRUITING,NA,INTERVENTIONAL,Obsessive-Compulsive Disorder (OCD),Baylor College of Medicine,OTHER,,Medtronic Percept RC neurostimulator,DEVICE,2026-08,2026.0,United States
NCT07228286,REstoring CONsciousness With NEurostimulation of the Central Thalamus: The RECONNECT Study,RECRUITING,EARLY_PHASE1,INTERVENTIONAL,Disorders of Consciousness,"Samuel Snider, MD",OTHER,,Deep brain stimulation (DBS) electrode implantation,DEVICE,2025-11-01,2025.0,United States
NCT03715569,CNS Infections Effect on the Inner Ear,UNKNOWN,NA,OBSERVATIONAL,"CNS Infection; Inner Ear Hearing Loss; Vestibular Abnormality; Inner Ear Inflammation; Hearing Loss, Sensorineural",Nordsjaellands Hospital,OTHER,Hvidovre University Hospital,"Vestibular function; OAE/WBT; Biomarker; MOCA, eGOS; Audiometry",DIAGNOSTIC_TEST,2017-12-01,2017.0,Denmark
NCT02133573,Randomized Trial of Maternal Progesterone Therapy,COMPLETED,PHASE2,INTERVENTIONAL,Congenital Heart Disease; Periventricular Leucomalacia; Brain Development; Cardiac Surgery; Neurodevelopmental Disability; Fetal Neuroprotection,Children's Hospital of Philadelphia,OTHER,,Progesterone; Vaginal lubricant,DRUG,2014-07,2014.0,United States
NCT07699003,Endovascular Treatment of Chronic Intracranial Artery Occlusion,NOT_YET_RECRUITING,NA,INTERVENTIONAL,Chronic Intracranial Artery Occlusion,"Union Hospital, Tongji Medical College, Huazhong University of Science and Technology",OTHER,,Endovascular treatment; Standard pharmacological treatment,"DRUG,PROCEDURE",2026-08-01,2026.0,
NCT05972200,V5/MT Stimulation on Reading and Reading-related Measures in Developmental Dyslexia,RECRUITING,NA,INTERVENTIONAL,Developmental Dyslexia,Bambino Gesù Hospital and Research Institute,OTHER,,Active HD-tDCS over V5/MT; Active HD-tDCS over V1; Sham HD-tDCS over V5/MT or V1,DEVICE,2023-09-01,2023.0,Italy
NCT06257056,Deep Brain Stimulation for Psychosis,RECRUITING,NA,INTERVENTIONAL,Treatment-Refractory Schizophrenia,Bradley Lega,OTHER,,Abbott Laboratories Infinity™ implantable deep brain stimulation system,DEVICE,2024-04-03,2024.0,United States
NCT05967689,A Study of Zipalertinib in Patients With Advanced Non-Small Cell Lung Cancer With Epidermal Growth Factor Receptor (EGFR) Exon 20 Insertions or Other Uncommon Mutation.,RECRUITING,PHASE2,INTERVENTIONAL,Advanced or Metastatic NSCLC Harboring Epidermal Growth Factor Receptor (EGFR) Exon 20 Insertion (ex20ins) Mutations,"Taiho Oncology, Inc.",INDUSTRY,,TAS6417; CYP Cocktail; Transporter Cocktail,DRUG,2023-07-31,2023.0,Australia; Canada; France; Germany; Hong Kong; Italy; Japan; South Korea; Spain; Turkey (Türkiye); United Kingdom; United States
NCT04810325,Brain Sensing in Neurological and Psychiatric Disorders,UNKNOWN,NA,OBSERVATIONAL,Movement Disorders; Dystonia; Parkinson Disease; Tremor,"University College, London",OTHER,,,,2021-07-01,2021.0,
NCT05774041,Visualization of the STN and GPi for DBS,TERMINATED,NA,OBSERVATIONAL,Deep Brain Stimulation; Parkinson Disease,Surgical Information Sciences Inc.,INDUSTRY,,SIS System,DEVICE,2023-10-19,2023.0,United States
NCT05155956,Cerebral Hemodynamics and Microemboli During Placement of Relay®Branch Thoracic Stent-Graft System,ACTIVE_NOT_RECRUITING,NA,OBSERVATIONAL,Thoracic Aortic Aneurysm; Thoracic Aortic Dissection; Microemboli,University of Pennsylvania,OTHER,Bolton Medical,transcranial Doppler ultrasonography (TCD),OTHER,2021-12-15,2021.0,United States
NCT06401902,Diabetes and Risk of Ischemic Stroke.,COMPLETED,NA,OBSERVATIONAL,Carotid Stenosis,Institut Mutualiste Montsouris,OTHER,,carotid clamping,PROCEDURE,1990-01-01,1990.0,France
NCT06261281,Effect of Intermittent Oro-esophageal Tube Feeding on Severe Traumatic Brain Injury Patient,WITHDRAWN,NA,INTERVENTIONAL,Traumatic Brain Injury,Zeng Changhao,OTHER,,Rehabilitation therapy; Intermittent Oro-esophageal Tube Feeding; Nasogastric tube feeding,"BEHAVIORAL,DEVICE",2024-02-10,2024.0,China
NCT04157192,Brain Connectome for Acupuncture-treated Migraine Patients,COMPLETED,NA,INTERVENTIONAL,Migraine Without Aura; Acupuncture Therapy,Centre Hospitalier Universitaire de Nīmes,OTHER,,Real acupuncture; Sham acupuncture (placebo group),OTHER,2022-05-27,2022.0,France
NCT03653858,Efficacy Study of Deep Brain Stimulation in Patients With Treatment Resistant Major Depression,COMPLETED,NA,INTERVENTIONAL,Treatment-resistant Depression,University Hospital Freiburg,OTHER,Boston Scientific Corporation,Vercise GEVIA deep brain stimulation (DBS) system,DEVICE,2018-09-03,2018.0,France; Germany
NCT07276555,Efficacy and Safety of Functional Neurogenesis Stimulation Therapy in Children With Autism Spectrum Disorder (ASD),NOT_YET_RECRUITING,NA,INTERVENTIONAL,Autism Spectrum Disorder,"Neurocytonix, Inc.",INDUSTRY,,Functional Neurogenesis Stimulation Therapy; placebo control group,"DEVICE,OTHER",2026-02-01,2026.0,Mexico; United States
NCT04261478,Endovascular Acute Stroke Intervention - Tandem OCclusion Trial,RECRUITING,NA,INTERVENTIONAL,"Stroke, Acute; Carotid Stenosis; Carotid Artery Diseases",Centre hospitalier de l'Université de Montréal (CHUM),OTHER,McGill University; Laval University; Queen's University; University of Ottawa; McMaster University; University of Calgary; University of British Columbia; Dalhousie University; Health Sciences North Research Institute; University of Toronto; University of Alberta; Canadian Stroke Consortium (CSC); University of Manitoba; Université de Sherbrooke; Canadian Institutes of Health Research (CIHR); Brain Canada; Heart and Stroke Foundation of Canada,Carotid artery stenting; Antiplatelet Agents,"DEVICE,DRUG",2020-08-31,2020.0,Canada
NCT06818864,DBS for Cognitive Deficits After Traumatic Brain Injury,RECRUITING,PHASE1,INTERVENTIONAL,TBI Traumatic Brain Injury,Sunnybrook Health Sciences Centre,OTHER,,Deep Brain Stimulation,DEVICE,2024-11-01,2024.0,Canada
NCT02263404,PINS Stimulator System to Treat Severe Anorexia Nervosa,UNKNOWN,EARLY_PHASE1,INTERVENTIONAL,Anorexia Nervosa,"Beijing Pins Medical Co., Ltd",INDUSTRY,Beijing Tiantan Hospital,Deep Brain Stimulation,DEVICE,2016-12,2016.0,
NCT05120635,Intracranial Neurophysiological Signatures of Fear and Anxiety in Humans,RECRUITING,NA,INTERVENTIONAL,Fear; GAD; Emotional Memory; PTSD,Duke University,OTHER,National Institutes of Health (NIH); VA Greater Los Angeles Healthcare System; NeuroPace; National Institute of Mental Health (NIMH),Deep Brain Stimulation; Virtual and augmented reality tasks,"BEHAVIORAL,DEVICE",2021-10-01,2021.0,United States
NCT02894567,Evaluation of Directional Recording and Stimulation Using spiderSTN,TERMINATED,NA,INTERVENTIONAL,Parkinson's Disease; Essential Tremor,Aleva Neurotherapeutics SA,INDUSTRY,,Intraoperative test during a deep brain stimulation surgery,DEVICE,2016-09,2016.0,Switzerland
NCT02323581,Endovascular Treatment of TAAA and Aortic Arch Aneurysms Using Fenestrated and Branched Stent Grafts,RECRUITING,NA,INTERVENTIONAL,"Aortic Aneurysm, Thoracoabdominal; Aortic Aneurysm, Thoracic; Aortic Dissection, Thoracoabdominal","Darren Schneider, M.D.",OTHER,,Endovascular treatment of Thoracoabdominal Aortic Aneurysm; Endovascular treatment of Aortic Arch Aneurysms,DEVICE,2013-11,2013.0,United States
NCT04650958,"SUNDYS: A Multicenter, Randomized, Double-blind, Sham-controlled, Parallel-group Trial",UNKNOWN,NA,INTERVENTIONAL,Dystonia,Ruijin Hospital,OTHER,"Renmin Hospital of Wuhan University; Shanghai Tongji Hospital, Tongji University School of Medicine; Second Affiliated Hospital of Soochow University; West China Hospital",Deep brain stimulation,PROCEDURE,2021-01-01,2021.0,China
NCT07663578,Cognitive and Electrophysiological Assessment of Non-Invasive Temporally-Interfering Electric Fields Stimulation (TIEFS),RECRUITING,NA,INTERVENTIONAL,Epilepsy,"University of California, Davis",OTHER,,Temporal Interference Electrical Stimulation,DEVICE,2025-04-16,2025.0,United States
NCT04032470,Boston Scientific Registry of Deep Brain Stimulation for Treatment of Essential Tremor (ET),RECRUITING,NA,OBSERVATIONAL,Essential Tremor,Boston Scientific Corporation,INDUSTRY,,Deep Brain Stimulation Systems (DBS),DEVICE,2019-10-23,2019.0,Austria; Belgium; Canada; Germany; Hungary; Italy; Portugal; South Korea; Spain
NCT05786872,Efficacy and Safety of Dual-target DBS for Treatment-resistant Alcohol Use Disorder,UNKNOWN,NA,INTERVENTIONAL,Alcohol Use Disorder; Deep Brain Stimulation,Shanghai Mental Health Center,OTHER,"Central South University; Huashan Hospital; Shanghai 6th People's Hospital; SceneRay Corporation, Limited",dual-target deep brain stimulation,DEVICE,2023-07-05,2023.0,China
NCT07423923,Representation of Spatiotemporal Information in Human Episodic Memory and Navigation,ENROLLING_BY_INVITATION,EARLY_PHASE1,INTERVENTIONAL,Scopolamine or Placebo; Schema to Organize Memory or no Schema,University of Arizona,OTHER,University of Texas,Scopolamine,DRUG,2025-04-01,2025.0,United States
NCT07423715,Key Technical Research on the Treatment of Post-stroke Cognitive Impairment With Brain Electric Field Therapy Based on Acupoint Regulation,NOT_YET_RECRUITING,NA,INTERVENTIONAL,Post-Stroke Cognitive Impairment,"Second Affiliated Hospital, Zhejiang University, School of Medicine",OTHER,The Third Affiliated hospital of Zhejiang Chinese Medical University,True Electroacupuncture; Sham Electroacupuncture,PROCEDURE,2026-02-10,2026.0,
NCT05733858,Comparative Efficacy of Novel Transcranial Random Noise Stimulation Versus Direct Current Stimulation on Augmenting Digital Mirror Therapy in Chronic Stroke,UNKNOWN,NA,INTERVENTIONAL,Transcranial Direct Current Stimulation (tDCS); Transcranial Random Noise Stimulation (tRNS),Chang Gung Memorial Hospital,OTHER,,tRNS; tDCS; sham stimulation; digital MT,"BEHAVIORAL,DEVICE",2023-03-01,2023.0,
NCT05368350,Treating Primary Progressive Aphasia and Apraxia of Speech Using Non-invasive Brain Stimulation,ACTIVE_NOT_RECRUITING,NA,INTERVENTIONAL,Primary Progressive Aphasia; Apraxia of Speech,The University of Texas at Dallas,OTHER,,high-definition transcranial direct current stimulation (HD-tDCS),DEVICE,2022-06-01,2022.0,United States
NCT04021420,Safety and Efficacy of Sonocloud Device Combined With Nivolumab in Brain Metastases From Patients With Melanoma,UNKNOWN,"PHASE1,PHASE2",INTERVENTIONAL,Melanoma; Metastatic Melanoma,Assistance Publique - Hôpitaux de Paris,OTHER,,SONOCLOUD; Nivolumab Injection,"DEVICE,DRUG",2019-10-24,2019.0,France
NCT06265857,Effect of Multifunctional Nutrition Tube on Cerebral Small Vessel Disease Patients,UNKNOWN,NA,INTERVENTIONAL,Cerebral Small Vessel Diseases; Dysphagia,Zeng Changhao,OTHER,,Intermittent Oro-esophageal Tube Feeding; Nasogastric Tube Feeding; comprehensive rehabilitation therapy,"BEHAVIORAL,DEVICE",2024-02-28,2024.0,Thailand
NCT07341230,Deep Brain Stimulation to Understand and Treat Addiction,RECRUITING,NA,INTERVENTIONAL,Alcohol Use Disorder,University of Cambridge,OTHER,Cambridge University Hospitals NHS Foundation Trust; King's College Hospital NHS Trust,Dual-Target Deep Brain Stimulation; Nucleus Accumbens Deep Brain Stimulation; Ventral Internal Capsule Deep Brain Stimulation; Sham Deep Brain Stimulation,DEVICE,2025-07-01,2025.0,United Kingdom
NCT04568681,Deep Brain Stimulation Effects in Dystonia,COMPLETED,NA,OBSERVATIONAL,Dystonia,University of Florida,OTHER,,Deep brain stimulation (DBS),DEVICE,2020-11-05,2020.0,United States
NCT07253857,Effects of Hand and Arm Bimanual Intensive Therapy Including Lower Extremity in Spastic Cerebral Palsy,RECRUITING,NA,INTERVENTIONAL,"Cerebral Palsy; Cerebral Palsy, Spastic",Lahore University of Biological and Applied Sciences,OTHER,,"GROUP -A , Hand and Arm Bimanual Intensive Therapy Including Lower Extremity; GROUP-B , Conventional Physical Therapy",OTHER,2025-12-20,2025.0,Pakistan
NCT00389467,Mechanical Retrieval and Recanalization of Stroke Clots Using Embolectomy,COMPLETED,PHASE2,INTERVENTIONAL,Stroke,"University of California, Los Angeles",OTHER,National Institute of Neurological Disorders and Stroke (NINDS),Merci Retriever and Penumbra System,DEVICE,2004-05,2004.0,Canada; United States
NCT06689839,Trial of the F2 Filter and Delivery System for Embolic Protection During TAVR,RECRUITING,NA,INTERVENTIONAL,Aortic Stenosis Treated With TAVI; Aortic Diseases,"EnCompass Technologies, Inc.",INDUSTRY,Avania; Insight Medical Consulting,F2 Filter and Delivery System; Transcatheter Aortic Valve Replacement (TAVR),"DEVICE,PROCEDURE",2025-09-09,2025.0,Australia; United States
NCT01020266,Neuroprotective Study of Electroacupuncture Pretreatment in Patients Undergoing Cardiac Surgery,COMPLETED,NA,INTERVENTIONAL,Stroke; Brain Injuries,Xijing Hospital,OTHER,"Air Force Military Medical University, China",non electroacupuncture stimulation; Electroacupuncture pretreatment,PROCEDURE,2009-12,2009.0,China
NCT05887882,Intra-Tumoral Injections of Natural Killer Cells for Recurrent Malignant Pediatric Brain Tumors,SUSPENDED,PHASE1,INTERVENTIONAL,Pediatric Brain Tumor; Recurrent Pediatric Brain Tumor; Pediatric Neoplasm,"Sabine Mueller, MD, PhD",OTHER,Rally Foundation; Washington University School of Medicine; Nationwide Children's Hospital; CureSearch; Tommy Strong Foundation,Universal Donor (UD) Transforming growth factor beta imprinting (TGFβi) Natural Killer (NK) Cells; Implantation; Magnetic Resonance Imaging (MRI); Quality-of-Life Assessment,"BIOLOGICAL,OTHER,PROCEDURE",2024-05-31,2024.0,United States
NCT05028023,"Tracheal Dilatation in Pediatric Patients With Acquired Tracheal Stenosis, and the Effects of Apneic Oxygenation",UNKNOWN,NA,INTERVENTIONAL,Apnea+Hypopnea; Tracheal Dilatation; Igel; Tracheal Stenosis; Cerebral Hypoxia; Pediatric Respiratory Diseases,Aristotle University Of Thessaloniki,OTHER,,Apneic oxygenation - supplemental high flow oxygen administration by an apneic way,BIOLOGICAL,2020-10-21,2020.0,Greece
NCT02425761,The CSF Shunt Entry Site Trial,UNKNOWN,PHASE3,INTERVENTIONAL,Hydrocephalus,Baylor College of Medicine,OTHER,"Patient-Centered Outcomes Research Institute; University of Alabama at Birmingham; University of British Columbia; University of Pittsburgh; University of Toronto; University of Utah; University of Washington; Vanderbilt University; Washington University School of Medicine; Hydrocephalus Association; Ohio State University; Johns Hopkins University; University of Calgary; University of Colorado, Denver; University of Southern California",Ventriculoperitoneal shunt insertion surgery,PROCEDURE,2015-04-01,2015.0,Canada; United States
NCT07195591,Beginning Radiation Immediately With GammaTile at GBM Excision Versus Standard of Care,RECRUITING,PHASE3,INTERVENTIONAL,Glioblastoma,"GT Medical Technologies, Inc.",INDUSTRY,,GammaTile®; External Beam Radiation Therapy; Temozolomide,"DEVICE,DRUG,RADIATION",2025-12-10,2025.0,United States
NCT04099823,MR Evaluation of Cerebrospinal Fluid (CSF) Dynamics,RECRUITING,NA,INTERVENTIONAL,Hydrocephalus; Alzheimer Disease,Mayo Clinic,OTHER,,MRI screening form; Urine pregnancy test; MR brain,"DIAGNOSTIC_TEST,OTHER",2019-10-31,2019.0,United States
NCT06402786,"First-in-human Trial of Home Brain Pressure Measured Using Kitea ICP Sensor, Placed During Hydrocephalus Shunt Surgery.",ACTIVE_NOT_RECRUITING,NA,INTERVENTIONAL,Hydrocephalus,"University of Auckland, New Zealand",OTHER,"Health Research Council, New Zealand; Auckland City Hospital; Kitea Health Ltd",Kitea ICP Sensor,DEVICE,2024-05-27,2024.0,New Zealand
NCT02578303,Association Between Cerebral Arterial Vascular Flow and Sleep Apnea in Neurodegenerative Alterations,UNKNOWN,NA,INTERVENTIONAL,Alzheimer Disease,Central Hospital Saint Quentin,OTHER_GOV,,Vascular flow measurement by PC-MRI,OTHER,2015-05,2015.0,France
NCT07752251,A Study Of Subscalp Placement Of The LINQII Device,ENROLLING_BY_INVITATION,NA,INTERVENTIONAL,Cranial Neurosurgery,Mayo Clinic,OTHER,,Medtronic LINQII,DEVICE,2026-11,2026.0,United States
NCT03812627,Study of Systemic Impact of Trace Elements Release by Implantable Medical Devices. Identification of Biomarkers of Systemic Inflammation,COMPLETED,NA,INTERVENTIONAL,Biomarker; Systemic Inflammation,Assistance Publique - Hôpitaux de Paris,OTHER,,"Blood, urine, hair, synovial fluid and peri-prosthetic tissue collections; Autopsy",OTHER,2019-06-24,2019.0,France
NCT05451251,Deep Brain Stimulation for Refractory Trigeminal Neuralgia with a Pontine Lesion,RECRUITING,PHASE1,INTERVENTIONAL,Trigeminal Neuralgia,Université de Sherbrooke,OTHER,,Deep brain stimulation,DEVICE,2024-10-15,2024.0,Canada
NCT05416905,Deep Brain Stimulation for Idiopathic Craniofacial Dystonia: GPi or STN,RECRUITING,NA,INTERVENTIONAL,Craniofacial Dystonia; Deep Brain Stimulation,Beijing Tiantan Hospital,OTHER,"Peking Union Medical College Hospital; Peking University People's Hospital; Civil Aviation General Hospital; Chinese PLA General Hospital; Beijing Pins Medical Co., Ltd; Shandong University of Traditional Chinese Medicine; Qilu Hospital of Shandong University; Beijing Fengtai Hospital",STN-DBS; GPi-DBS,DEVICE,2022-06-22,2022.0,China
NCT07571486,Therapeutic Approach of Repeated Transient Blood-brain Barrier Opening in Amyotrophic Lateral Sclerosis.,RECRUITING,"PHASE1,PHASE2",INTERVENTIONAL,Amyotrophic Lateral Sclerosis; Charcot Disease,Assistance Publique - Hôpitaux de Paris,OTHER,CarThera; MSDAVENIR Foundation,SonoCloud-4 (SC4) device,DEVICE,2026-07-15,2026.0,France
NCT04869059,Treating Mild Traumatic Brain Injury With High Definition Transcranial Direct Current Stimulation,RECRUITING,NA,INTERVENTIONAL,Traumatic Brain Injury,The University of Texas at Dallas,OTHER,,Transcranial direct current stimulation; sham tDCS,DEVICE,2021-08-01,2021.0,United States
NCT00747396,The Bucharest Early Intervention Project,ACTIVE_NOT_RECRUITING,NA,INTERVENTIONAL,"Cognitive Ability, General; Psychiatric and/or Mood Disorders; Brain Function; Social Cognition; Health Behavior; Risk-Taking; Executive Function",Charles Alexander Nelson III,OTHER,"Tulane University Health Sciences Center; University of Maryland; University of Minnesota; Temple University; Duke University; MacArthur Foundation; National Institute of Mental Health (NIMH); Vanderbilt University; Harvard University; University of North Carolina, Chapel Hill; University of Toronto",Foster Care Placement,OTHER,2000-09,2000.0,Romania
NCT01817088,Sub-thalamic Nucleus Stimulation in Parkinson Disease,COMPLETED,NA,INTERVENTIONAL,Parkinson's Disease,"University Hospital, Bordeaux",OTHER,,New targeting procedure without electrophysiology; Classical neurosurgical procedure,PROCEDURE,2013-03-11,2013.0,France
NCT05661903,From Nerve to Brain: Toward a Mechanistic Understanding of Spinal Cord Stimulation in Human Subjects,RECRUITING,PHASE2,INTERVENTIONAL,Chronic Pain,Massachusetts General Hospital,OTHER,National Institute of Neurological Disorders and Stroke (NINDS),Spinal Cord Stimulator Set to Minimal/No Stimulation Setting; Usual Care; Positron Emission Tomography / Magnetic Resonance Imaging,"DRUG,OTHER",2023-06-08,2023.0,United States
NCT05193461,The Potential Role of SI00B and Brain Derived Neurotrophic Factor in Predicting Outcome From Using Pulsed Radiofrequency in Treatment of Patients With Lumbar Disc Prolapsed,UNKNOWN,NA,INTERVENTIONAL,Investigation the Role of BDNF and S100B Serum Level as a Predictive of Outcome of Pulsed Radiofrequency in Treatment Lumbar Disc Prolapse Patients,Beni-Suef University,OTHER,,Pulsed mood radiofrequency on dorsal root ganglion,PROCEDURE,2022-01-01,2022.0,Egypt
NCT03119961,Blood Brain Barrier Opening in Alzheimer' Disease,COMPLETED,"PHASE1,PHASE2",INTERVENTIONAL,Alzheimer Disease,Assistance Publique - Hôpitaux de Paris,OTHER,CarThera; BPIfrance,SONOCLOUD®,DEVICE,2017-06-26,2017.0,France
NCT02655926,Deep Brain Stimulation for Severe Obsessive Compulsive Disorder,COMPLETED,NA,INTERVENTIONAL,Obsessive-Compulsive Disorder,"University College, London",OTHER,,Deep Brain Stimulation,PROCEDURE,2012-09,2012.0,United Kingdom
NCT02199015,Lateral Cord Stimulation as a New Treatment for Refractory Spastic Cerebral Palsy,NOT_YET_RECRUITING,NA,INTERVENTIONAL,Cerebral Palsy; Spasticity,Juan Carlos M. Andreani MD,OTHER,Fundación CENIT,Lateral spinal cord surgical implant of electrodes,DEVICE,2027-06-01,2027.0,Argentina; Germany
NCT02215915,"Intravascular Ultrasound Guided Drug Eluting Stents Implantation in ""All-comers"" Coronary Lesions （ULTIMATE Trial）",COMPLETED,NA,INTERVENTIONAL,Coronary Artery Disease,"Nanjing First Hospital, Nanjing Medical University",OTHER,,Angiography; IVUS; DES implantation,PROCEDURE,2014-08-01,2014.0,China
NCT01327768,Implantation of Olfactory Ensheathing Cells (OECs),UNKNOWN,PHASE1,INTERVENTIONAL,"Infarction, Middle Cerebral Artery; Ischemic Stroke,; Stroke With Hemiparesis,; Thromboembolic Stroke.",China Medical University Hospital,OTHER,,Olfactory ensheathing cells,PROCEDURE,2011-01,2011.0,Taiwan
NCT05475340,Open Label Study for the Use of Transcranial Ultrasound Treatment of Tremor,UNKNOWN,EARLY_PHASE1,INTERVENTIONAL,Tremor; Parkinson Disease; Essential Tremor,Neurological Associates of West Los Angeles,OTHER,,Focused Ultrasound,DEVICE,2022-07-13,2022.0,United States
NCT01518231,Autologous Hematopoietic Stem Cell Transplantation in Ischemic Stroke,UNKNOWN,PHASE1,INTERVENTIONAL,Stroke,Zhejiang Hospital,OTHER,First Affiliated Hospital of Zhejiang University,autologous hematopoiesis stem cell transplantation; Aspirin; Warfarin; Atorvastatin; Edaravone; Aspirin; Warfarin; Atorvastatin; Edaravone,"DRUG,PROCEDURE",2012-01,2012.0,China
NCT01845883,Perceptual Decision Making Under Conditions of Visual Uncertainty,WITHDRAWN,NA,INTERVENTIONAL,Parkinson's Disease; Dystonia; Ataxia,"University of California, Los Angeles",OTHER,The Dana Foundation,Deep Brain Stimulation (DBS),PROCEDURE,2013-04,2013.0,United States
NCT05800002,IVUS-guided DES Implantation in Coronary Calcification,RECRUITING,NA,INTERVENTIONAL,Coronary Artery Disease,"Nanjing First Hospital, Nanjing Medical University",OTHER,,Intravascular ultrasound; Angiography,PROCEDURE,2023-04-07,2023.0,China
NCT01962194,Mapping and Stimulating the Limbic Areas of the Subthalamic Nucleus,UNKNOWN,NA,INTERVENTIONAL,Mapping the Limbic STN Using Neuronal Responses,Hadassah Medical Organization,OTHER,,Deep Brain Stimulation,DEVICE,2013-12,2013.0,Israel
NCT07190092,Deep Anterior Cerebellar Stimulation in Treatment of Poststroke Spasticity and Motor Function Impairment.,RECRUITING,NA,INTERVENTIONAL,Post Stroke Spasticity; Dystonia,Jan Biziel University Hospital No 2 in Bydgoszcz,OTHER,,Deep brain stimulation electrode implantation with an electrode target in the dentate nucleus,PROCEDURE,2024-09-01,2024.0,Poland
NCT03540134,Convection Enhanced Delivery of CSF in DBS for Parkinson's,COMPLETED,NA,INTERVENTIONAL,Parkinson Disease,"Jeff Elias, MD",OTHER,,Intracerebral Infusion of Autologous Cerebral Spinal Fluid,DEVICE,2018-02-13,2018.0,United States
NCT01334801,Biomarkers in Aortic Stenosis - B.A.S.S.,COMPLETED,NA,OBSERVATIONAL,Aortic Stenosis; Disorder of Prosthetic Cardiac Valve; Aortic Valve Insufficiency; Mitral Valve Insufficiency; Hypertrophic Cardiomyopathy; Tricuspid Valve Insufficiency,Mayo Clinic,OTHER,,Blood Draw,PROCEDURE,2010-07,2010.0,United States
NCT03418116,Argus II Retinal Prosthesis System - Better Vision RP Study,WITHDRAWN,NA,INTERVENTIONAL,Retinitis Pigmentosa,Second Sight Medical Products,INDUSTRY,,Argus II Retinal Prosthesis,DEVICE,2018-11-01,2018.0,Germany
NCT00959296,Implantable Systems Performance Registry,COMPLETED,NA,OBSERVATIONAL,Spinal Cord Stimulation; Deep Brain Stimulation; Drug Infusion (Implantable Pumps); Sacral Neuromodulation,MedtronicNeuro,INDUSTRY,,Various,DEVICE,2003-08,2003.0,Austria; France; Germany; Italy; Spain; United Kingdom; United States
NCT02080299,Protection by Remote Ischemic Preconditioning During Transcatheter Aortic Valve Implantation,UNKNOWN,PHASE2,INTERVENTIONAL,Aortic Valve Stenosis,"University Hospital, Essen",OTHER,Koblenz University of Applied Science,Remote ischemic preconditioning (RIPC); Placebo,PROCEDURE,2013-09,2013.0,Germany
NCT01338701,Exploratory Study to Evaluate 2 Acupuncture Methods for the Treatment of Headaches Associated With TBI,COMPLETED,"PHASE2,PHASE3",INTERVENTIONAL,Headache; Traumatic Brain Injury,Samueli Institute for Information Biology,OTHER,Defense Centers of Excellence for Psychological Health and Traumatic Brain Injury; U.S. Army Medical Research and Development Command,Traditional Chinese Acupuncture (TCA); Auricular (Ear) Acupuncture; Usual Care,"OTHER,PROCEDURE",2011-02,2011.0,United States
NCT06201429,"A Multi-center, Early Feasibility Study of Using the Mechanical Tissue Resuscitation™ (MTR®) Therapy System for Removal of Excess Fluid in Subjects Who Have Had a Portion of Their Skull Removed to Expose the Dura/Brain and Require Drainage for Fluid Removal.",RECRUITING,NA,INTERVENTIONAL,Clinical Need for Craniotomy or Craniectomy; Clinical Need for Cranioplasty,"Renovo Concepts, Inc.",INDUSTRY,,Mechanical Tissue Resuscitation™ (MTR®),DEVICE,2024-11-01,2024.0,United States
NCT06542094,Identifying Local Field Potential Biomarkers for Treatment-Resistant Major Depression With Deep Brain Stimulation,RECRUITING,NA,INTERVENTIONAL,Major Depressive Disorder; Treatment Resistant Depression,West China Hospital,OTHER,"Beijing Pins Medical Co., Ltd",Deep Brain stimulation,PROCEDURE,2024-08-03,2024.0,China
NCT07288437,Deep Brain Stimulation for Spinocerebellar Ataxia,RECRUITING,NA,INTERVENTIONAL,Spinocerebellar Ataxia (SCA); Spinocerebellar Ataxia Type 6,"University of California, San Francisco",OTHER,Raynor Cerebellum Project,Deep Brain Stimulation (DBS),DEVICE,2026-04-27,2026.0,United States
NCT00598936,A Prospective Study With a New Device for the Monitoring of Cerebral Oxygenation on Cardiac Surgery Patients,TERMINATED,NA,OBSERVATIONAL,Coronary Artery Disease; Heart Valve Disease,"University of California, Irvine",OTHER,,CDI 1000 COM and INVOS 5100,DEVICE,2007-11,2007.0,United States
NCT04934917,Brain Imaging of Pain-Related Processing and Structural Properties in Disc Degenerative Disease,TERMINATED,NA,OBSERVATIONAL,Degenerative Disc Disease,Karolinska Institutet,OTHER,,Magnetic Resonance Imaging,DEVICE,2019-08-28,2019.0,Sweden
NCT04074720,Prospective Breast Cancer Biospecimen Collection,RECRUITING,NA,OBSERVATIONAL,Breast Cancer; Invasive Breast Cancer; Carcinoma in Situ of the Breast,Thomas Jefferson University,OTHER,,Tissue Sample collection; Blood Sample Collection; Rectal Swab,"OTHER,PROCEDURE",2018-05-10,2018.0,United States
NCT05314322,Deep Brain Stimulation on Dual-task Gait Performance in PD,UNKNOWN,NA,INTERVENTIONAL,Parkinson Disease,National Yang Ming Chiao Tung University,OTHER,,Deep brain stimulation with high frequency; Deep brain stimulation with low frequency,PROCEDURE,2022-04-01,2022.0,Taiwan
NCT06281223,Study of Brain-spinal Cord Neural Connectivity in Spasticity,RECRUITING,NA,OBSERVATIONAL,"Spasticity, Muscle",Fondation Ophtalmologique Adolphe de Rothschild,NETWORK,,intraoperative neuroelectrophysiological monitoring,OTHER,2024-02-26,2024.0,France
NCT05522751,Deep Brain Stimulation for Alcohol Use Disorder,COMPLETED,NA,INTERVENTIONAL,Alcohol Use Disorder,Khaled Moussawi,OTHER,National Institute on Alcohol Abuse and Alcoholism (NIAAA),DBS,DEVICE,2023-01-10,2023.0,United States
NCT03775538,Safety of CDNF by Brain Infusion in Patients With Parkinson's Disease. Extension to HP-CD-CL-2002 Clinical Study,COMPLETED,"PHASE1,PHASE2",INTERVENTIONAL,Parkinson Disease; Movement Disorders; Neuro-Degenerative Disease; Nervous System Diseases; Brain Diseases,Herantis Pharma Plc.,INDUSTRY,Renishaw plc.,Cerebral Dopamine Neurotrophic Factor; Renishaw Drug Delivery System,"DEVICE,DRUG",2018-07-05,2018.0,Finland; Sweden
NCT03465163,A Deep Brain Stimulation System in Epilepsy: Tracking Neural Excitability,COMPLETED,NA,INTERVENTIONAL,Epilepsy; Nodular Heterotopia,St Vincent's Hospital Melbourne,OTHER,University of Melbourne,Deep Brain Stimulation,DEVICE,2018-03-27,2018.0,Australia
NCT04792944,Brain Aneurysms: Utility of Cisternal Urokinase Irrigation,COMPLETED,NA,OBSERVATIONAL,"Subarachnoid Hemorrhage, Aneurysmal; Vasospasm, Cerebral; Hydrocephalus",University of Valencia,OTHER,,Urokinase; Endovascular treatment; Clipping; External ventricular drain,"DRUG,PROCEDURE",2007-01-01,2007.0,Spain
NCT05623527,Clinical Characteristics and Prognosis of Acute Cerebrovascular Events Secondary to Patients Receiving Cardiac Electronic Implants,COMPLETED,NA,OBSERVATIONAL,Stroke; Atrial Fibrillation; Pacemaker,First Affiliated Hospital Xi'an Jiaotong University,OTHER,,cardiac electronic implants,DEVICE,2022-11-20,2022.0,China
NCT04682197,Cereset Research In Healthcare Workers During COVID-19,COMPLETED,NA,INTERVENTIONAL,Health Personnel; Stress; Anxiety; Insomnia; Hyperarousal; Corona Virus Infection; Covid19,Wake Forest University Health Sciences,OTHER,"The Susanne Marcus Collins Foundation, Inc.",Cereset Research,DEVICE,2021-12-14,2021.0,United States
NCT03250117,Relative Bioavailability Study of Ropinirole Implants in Parkinson's Patients on L-Dopa Switched From Oral Ropinirole,TERMINATED,"PHASE1,PHASE2",INTERVENTIONAL,Parkinson Disease,Titan Pharmaceuticals,INDUSTRY,,Ropinirole oral product; Ropinirole Implant,DRUG,2017-10-10,2017.0,United States
NCT05034510,Short Pulse Width Versus Low Frequency DBS in Parkinson's Disease,UNKNOWN,NA,INTERVENTIONAL,Parkinson's Disease,University Hospital of Ferrara,OTHER,,Deep Brain Stimulation,DEVICE,2021-03-20,2021.0,Italy
NCT02310191,Correlation Between Laboratory Markers and Origin of New Brain Ischemic Lesions After Carotid Stenting,COMPLETED,NA,OBSERVATIONAL,Carotid Stenosis; Brain Ischemia; Laboratory Problem,University Hospital Ostrava,OTHER,,Carotid stenting,PROCEDURE,2012-07,2012.0,Czechia
NCT03295786,Clinical Study to Test the Safety of CDNF by Brain Infusion in Patients With Parkinson's Disease,COMPLETED,"PHASE1,PHASE2",INTERVENTIONAL,Parkinson Disease; Movement Disorders; Neurodegenerative Diseases; Nervous System Diseases; Brain Diseases,Herantis Pharma Plc.,INDUSTRY,Renishaw plc.,Cerebral Dopamine Neurotrophic Factor; Renishaw Drug Delivery System,"DEVICE,DRUG",2017-09-26,2017.0,Finland; Sweden
NCT06819020,Adaptive Deep Brain Stimulation for Freezing of Gait in Parkinson's Disease,ENROLLING_BY_INVITATION,NA,INTERVENTIONAL,Parkinson Disease,"Doris Wang, MD, PhD",OTHER,,Percept RC; Percept RC; Percept RC,DEVICE,2026-01-31,2026.0,United States
NCT05184270,"Integration of Auditory, and Deep Brain Stimulation to Enhance Deep Sleep in Parkinson's Disease",COMPLETED,NA,INTERVENTIONAL,Parkinson Disease,Christian Baumann,OTHER,"Klinik Lengg, Zurich; University Children's Hospital; University of Zurich",Acoustic stimulation,DEVICE,2021-11-10,2021.0,Switzerland
NCT05320523,Simultaneous DBS of the GPi and the NBM in Patients With Parkinson's Disease and Mild Cognitive Impairment,UNKNOWN,NA,INTERVENTIONAL,Parkinson Disease; Mild Cognitive Impairment,University of Sao Paulo General Hospital,OTHER,,Deep brain stimulation implantation of a Vercise neurostimulation system in GPi and NBM.; GPi stimulation; NBM stimulation; Sham stimulation,DEVICE,2021-07-20,2021.0,Brazil
NCT00004437,Phase II Study of the Multichannel Auditory Brain Stem Implant for Deafness Following Surgery for Neurofibromatosis 2,COMPLETED,PHASE2,INTERVENTIONAL,Neurofibromatosis 2,FDA Office of Orphan Products Development,FED,Cochlear,Multichannel Auditory Brain Stem Implant,DEVICE,1999-10,1999.0,
NCT04354077,Deep Brain Stimulation Effects In Patients With Opioid Use Disorder,RECRUITING,NA,INTERVENTIONAL,Opioid-use Disorder,Allegheny Singer Research Institute (also known as Allegheny Health Network Research Institute),OTHER,Abbott,DBS of the NAc,DEVICE,2022-02-07,2022.0,United States
NCT06443177,The Effect of Sympathetic Modulation on Cerebral Vasospasm Secondary to Aneurysmal Subarachnoid Hemorrhage,SUSPENDED,NA,INTERVENTIONAL,"Vasospasm, Cerebral; Aneurysmal Subarachnoid Hemorrhage",University of Alabama at Birmingham,OTHER,,Vectris trial leads and stimulation; Sham,DEVICE,2026-07-31,2026.0,United States
NCT07518745,TMS for iEEG Monitoring Recordings,ENROLLING_BY_INVITATION,NA,INTERVENTIONAL,EEG; TMS,University of Pennsylvania,OTHER,,Single Pulse TMS,DEVICE,2025-11-11,2025.0,United States
NCT06159595,Behavioral and Neuronal Correlates of Human Mood States,COMPLETED,NA,INTERVENTIONAL,Major Depressive Disorder; Epilepsy,Stanford University,OTHER,National Institute of Mental Health (NIMH),Intracranial electrodes,DEVICE,2023-12-01,2023.0,United States
NCT00588926,Changes of the Neuronal Activity in the Subthalamic Nucleus Under Remifentanil Sedation During Stereotactic Electrode Implantation,UNKNOWN,NA,INTERVENTIONAL,Movement Disorders; Effect of Remifentanil,Hadassah Medical Organization,OTHER,,Remifentanil,DRUG,,,
NCT04427384,Registry of Patients With Brain Tumors Treated With STaRT (GammaTiles),RECRUITING,NA,OBSERVATIONAL,"Brain Tumor, Recurrent; Brain Tumor; Brain Tumor, Primary; Brain Tumor - Metastatic; Brain Tumor, Adult: Glioblastoma; Brain Tumor, Adult Meningioma","GT Medical Technologies, Inc.",INDUSTRY,,GammaTile,DEVICE,2020-09-11,2020.0,United States
NCT06498934,Deep Brain Stimulation of the Dentate Nucleus for Motor Rehabilitation After Stroke,NOT_YET_RECRUITING,NA,INTERVENTIONAL,Stroke; Upper Extremity Paresis,Beijing Municipal Administration of Hospitals,OTHER_GOV,"Beijing Pins Medical Co., Ltd",deep brain stimulation; Rehabilitation,"DEVICE,OTHER",2024-09-01,2024.0,China
NCT00950521,Efficacy Study of CD34 Stem Cell in Chronic Stroke Patients,COMPLETED,PHASE2,INTERVENTIONAL,Stroke; Middle Cerebral Artery Infarction,China Medical University Hospital,OTHER,,Intercerebral implantation of Autulogous Stem Cells; convention therapy,"DRUG,PROCEDURE",2009-06,2009.0,Taiwan
NCT06328972,Intermittent Multifunctional Nutrition Tube in Cerebral Palsy and Dysphagia,UNKNOWN,NA,INTERVENTIONAL,Cerebral Palsy,Copka Sonpashan,OTHER_GOV,,systemic therapy; Intermittent Oro-Esophageal Tube Feeding; Persistent Nasogastric Tube Feeding,"BEHAVIORAL,DEVICE",2024-03,2024.0,
NCT02256319,Dexmedetomidine vs Propofol on the Recordings of Deep Brain Activity Measured Through Implanted Stimulators,COMPLETED,PHASE4,INTERVENTIONAL,Parkinson's Disease,"Clinica Universidad de Navarra, Universidad de Navarra",OTHER,,Dexmedetomidine; Propofol,DRUG,2014-09,2014.0,Spain
NCT05529264,Human Intracranial Electrophysiology,RECRUITING,NA,INTERVENTIONAL,Epilepsy,Dartmouth-Hitchcock Medical Center,OTHER,Dartmouth College,Memory Tasks; Attention/arousal tasks; Language tasks; Visuospatial tasks; Auditory Tasks; Brain Stimulation; Social Emotional Task; Recording of facial expressions; Judgement/Impulsivity Task,"OTHER,PROCEDURE",2023-01-17,2023.0,United States
NCT01933230,Trial of Cooling for Patients With Excel Cryo Cooling System in Intracerebral Hemorrhage (ICH),TERMINATED,PHASE1,INTERVENTIONAL,Intracerebral Hemorrhage,The Cleveland Clinic,OTHER,"Cryothermic Systems, Inc.",Excel Cryo Cooling System,DEVICE,2013-06,2013.0,United States
NCT06303934,Oral Enteral Nutrition in Infants With Cerebral Palsy and Dysphagia,COMPLETED,NA,INTERVENTIONAL,Cerebral Palsy,Muhammad,OTHER,,systemic therapy; Intermittent Oro-Esophageal Tube Feeding; Persistent Nasogastric Tube Feeding,"BEHAVIORAL,DEVICE",2022-01-01,2022.0,Taiwan
NCT00587964,Phase II Trial of Stereotactic Radiosurgery Boost Following Surgical Resection for Brain Metastases,COMPLETED,PHASE2,INTERVENTIONAL,Brain Metastasis; Bladder Cancer; Breast Cancer; Cervical Cancer; Colon Cancer; HEENT Cancer; Lung Cancer; Melanoma; Pancreatic Cancer; Prostate Cancer; Rectal Cancer; Sarcoma; Testicular Cancer,Memorial Sloan Kettering Cancer Center,OTHER,,Stereotactic Radiosurgery,RADIATION,2004-06,2004.0,United States
NCT02641366,Electromagnetic Tracking to Measure Tremor,COMPLETED,NA,OBSERVATIONAL,Tremor,University of Florida,OTHER,,Electromagnetic tracking; Tremor kinetics after DBS; Tremor kinetics before and after DBS,"DEVICE,PROCEDURE",2016-01,2016.0,United States
NCT02089607,"CAAAs, TAAAs, Aortic Arch Aneurysms or Dissections With Fenestrated/Branched Stent Graft",RECRUITING,NA,INTERVENTIONAL,Complex Abdominal Aortic Aneurysm; Thoracoabdominal Aortic Aneurysm; Aortic Arch Aneurysm; Aortic Arch Dissection,Baylor College of Medicine,OTHER,William Cook Australia,CAAA and TAAA Arm; Aortic Arch Aneurysm Arm,DEVICE,2014-03,2014.0,United States
NCT01522911,Atrial and Brain Natriuretic Peptide Secretion After Percutaneous Closure of the Left Atrial Appendage,UNKNOWN,NA,INTERVENTIONAL,Atrial Fibrillation; Stroke Prevention; Left Atrial Appendage,University of Leipzig,OTHER,,WATCHMAN LAA system (Percutaneous left atrial appendage closure),DEVICE,2010-05,2010.0,
NCT05050864,Stenting Versus Neurosurgical Treatment of Idiopathic Intracranial Hypertension.,RECRUITING,NA,INTERVENTIONAL,Pseudotumor Cerebri; Cerebrospinal Fluid; Transverse Sinuses,Fondation Ophtalmologique Adolphe de Rothschild,NETWORK,,venous sinus stenting; Neurosurgical internal ventricular shunt,PROCEDURE,2022-03-02,2022.0,France
NCT01283633,Investigation of the Use of Remote Presence Robots in Delivery of Neuromodulation,COMPLETED,PHASE4,INTERVENTIONAL,Complications; Neurostimulator; Satisfaction,Nova Scotia Health Authority,OTHER,,Neuromodulation,DEVICE,2011-02,2011.0,Canada
NCT07470216,Cognitive Assessment And Post-Operative Complications After Surgery: Linking Anaesthesia And Risk,NOT_YET_RECRUITING,NA,OBSERVATIONAL,"Cognitive Impairment; Cognitive Impairment, Mild; Cognitive Impairment, Progressive; Anesthesia; Anesthesia Brain Monitoring; Anesthesia Depth Monitoring",University of Edinburgh,OTHER,NHS Lothian,Montreal Cognitive Assessment; biomarkers,"DIAGNOSTIC_TEST,OTHER",2026-07-01,2026.0,United Kingdom
NCT04364568,Minor Traumatic Brain Injury : MRI Examination of Consequences and Social Insertion,TERMINATED,NA,INTERVENTIONAL,Traumatic Brain Injury,"University Hospital, Grenoble",OTHER,Regional Council of Auvergne-Rhône-Alpes,Magnetic Resonance Imaging,RADIATION,2021-07-02,2021.0,France
NCT00658125,Deep Brain Stimulation (DBS) for Alzheimer's Disease,COMPLETED,NA,INTERVENTIONAL,Alzheimer Disease,"University Health Network, Toronto",OTHER,,"Bilateral fornix DBS implantation,",PROCEDURE,2007-03-01,2007.0,Canada
NCT00003876,Internal Radiation Therapy Plus Carmustine Implants in Treating Patients With Recurrent or Refractory Malignant Glioma,COMPLETED,PHASE1,INTERVENTIONAL,Brain and Central Nervous System Tumors,Barrett Cancer Center,OTHER,,polifeprosan 20 with carmustine implant; surgical procedure; iodine I 125,"DRUG,PROCEDURE,RADIATION",1999-04,1999.0,United States
NCT04135807,Implantable Microdevice In Primary Brain Tumors,RECRUITING,EARLY_PHASE1,INTERVENTIONAL,Grade II Glioma; Grade III Glioma; Grade IV Glioma; Astrocytoma; Oligodendroglioma of Brain; Anaplastic Astrocytoma of Brain; Anaplastic Oligodendroglioma; Glioblastoma,Oliver Jonas,OTHER,,Microdevice,COMBINATION_PRODUCT,2020-03-03,2020.0,United States
NCT01992692,Remifentanil Requirement in Patients Receiving Surgical Treatment of Parkinson's Disease,COMPLETED,NA,OBSERVATIONAL,Parkinson's Disease,Changhai Hospital,OTHER,,,,2012-01,2012.0,China
NCT05882344,Cholinergic Deep Brain Stimulation for Alzheimer's Disease,ENROLLING_BY_INVITATION,NA,INTERVENTIONAL,"Alzheimer Disease, Early Onset; Dementia; Alzheimer Disease",Vanderbilt University Medical Center,OTHER,Boston Scientific Corporation,"Device Implantation- Boston Scientific, VERCISE GENUS™ system; DBS Stimulation - Boston Scientific, VERCISE GENUS™ system","DEVICE,PROCEDURE",2026-07,2026.0,United States
NCT01258257,EARLYdrain - Outcome After Early Lumbar CSF-drainage in Aneurysmal SAH,COMPLETED,PHASE3,INTERVENTIONAL,Aneurysmal Subarachnoid Hemorrhage,"Charite University, Berlin, Germany",OTHER,,Insertion of a lumbar drain,PROCEDURE,2011-01,2011.0,Germany
NCT05861765,The Efficacy of Papaverine to Prevent Radial Artery Spasm During Transradial Cerebral Angiography,UNKNOWN,PHASE2,INTERVENTIONAL,Radial Artery Spasm,Sun Yat-Sen Memorial Hospital of Sun Yat-Sen University,OTHER,,Papaverine Hydrochloride; normal saline,DRUG,2023-05-24,2023.0,China
NCT04524377,Evaluation of the Influence of Deep Brain Stimulation on the Spinal Deformities Associated With Parkinson's Disease,UNKNOWN,NA,INTERVENTIONAL,Parkinson Disease; Spine Degeneration; Spine Deformity; Spinal Disease,"Charite University, Berlin, Germany",OTHER,,Deep Brain Stimulation,PROCEDURE,2019-07-25,2019.0,Germany
NCT04811807,Clinical Response of Impulsivity After Brain Stimulation in Parkinson's Disease,UNKNOWN,NA,OBSERVATIONAL,"Impulsive Behavior; Impulse Disorders; Gambling, Pathological; Eating, Binge; Hoarding Disorder; Hypersexuality; Compulsive Shopping; Dopamine Dysregulation Syndrome; Caregiver Burnout; Parkinson Disease",King's College London,OTHER,"South London and Maudsley NHS Foundation Trust; NHS Greater Glasgow and Clyde; King's College Hospital NHS Trust; Walton Centre NHS Foundation Trust; Newcastle-upon-Tyne Hospitals NHS Trust; Oxford University Hospitals NHS Trust; Barking, Havering and Redbridge University Hospitals NHS Trust; Northern Care Alliance NHS Foundation Trust",Subthalamic Nucleaus Deep brain stimulation,DEVICE,2021-10,2021.0,
NCT05699330,Subgenual Cingulate Deep Brain STIMulation for Apathetic Behavioral Variant FRONtotemporal Dementia,UNKNOWN,NA,INTERVENTIONAL,Frontotemporal Dementia; Deep Brain Stimulation,"University Health Network, Toronto",OTHER,Weston Brain Institute,Bilateral subgenual cingulate deep brain stimulation (SGC DBS),DEVICE,2023-01-12,2023.0,Canada
NCT01098565,Deep Brain Stimulation Effects Study,TERMINATED,PHASE1,INTERVENTIONAL,Parkinson's Disease,MedtronicNeuro,INDUSTRY,,Study device HFR0001,DEVICE,2010-04,2010.0,Germany
NCT05795218,directSTIM™ Deep Brain Stimulation System Post-Market Clinical Follow-up Study on Essential Tremor,TERMINATED,NA,OBSERVATIONAL,Essential Tremor,Aleva Neurotherapeutics SA,INDUSTRY,,Deep Brain Stimulation,DEVICE,2021-06-21,2021.0,Germany
NCT01414023,Assessing the Effects of a Neurobehavioral Intervention on Symptoms of Obsessive Compulsive Disorder,COMPLETED,NA,INTERVENTIONAL,Obsessive Compulsive Disorder,Boston University Charles River Campus,OTHER,,Cognitive Control Training; Peripheral Vision Task,BEHAVIORAL,2011-07,2011.0,United States
NCT04648124,VIsual Cerebral ConnecTivity On Functional Magnetic Resonance Imaging in Patients With Hereditary REtinal Dystrophies,RECRUITING,NA,OBSERVATIONAL,Vision Functional Brain Networks in Patients With Hereditary Retinal Dystrophies,Fondation Ophtalmologique Adolphe de Rothschild,NETWORK,,IRMf-r (séquence resting state),DEVICE,2021-01-04,2021.0,France
NCT00797979,Implant System for Fixation of Cranial Bone Flaps After Craniotomy for Brain Surgery,COMPLETED,PHASE1,INTERVENTIONAL,Skull Fixation After Craniotomy for Neurosurgical Procedures,Assistance Publique - Hôpitaux de Paris,OTHER,,Skull Grip bone fixation; sutures,DEVICE,2009-10,2009.0,France
NCT00525590,"Exploratory Study, Evaluating the Treatment Effect of Surgery Plus GLIADEL® Wafer in Patients With Metastatic Brain Cancer",COMPLETED,PHASE2,INTERVENTIONAL,Metastatic Brain Cancer,Eisai Inc.,INDUSTRY,,GLIADEL,DRUG,2007-12-12,2007.0,United States
NCT02773082,DBS for Obsessive-Compulsive Disorder,RECRUITING,NA,INTERVENTIONAL,Obsessive-Compulsive Disorder (OCD),Northwell Health,OTHER,Medtronic,Reclaim™ DBS Therapy,DEVICE,2024-07-06,2024.0,United States
NCT04116177,Flexible vs. Standard Deep Brain Stimulation Programming in Parkinson Disease Patients,UNKNOWN,NA,INTERVENTIONAL,Parkinson Disease,University of Toronto,OTHER,,Deep brain stimulation,DEVICE,2016-09,2016.0,Canada
NCT06688201,Minimally Invasive Soft Channel Brain Haemorrhage Evacuation for Acute Basal Ganglia Haemorrhage-- Large Hemorrhage Evacuation (MIRACLE-L),RECRUITING,NA,INTERVENTIONAL,Intracerebral Hemorrhage,Capital Medical University,OTHER,Linyi People's Hospital; Fudan University,Other neurosurgical techniques; Minimally Invasive Soft Channel Brain Haemorrhage Evacuation,"OTHER,PROCEDURE",2025-01-04,2025.0,China
NCT05230095,Social Cognition Dysfunctions in Parkinson's Disease,COMPLETED,NA,OBSERVATIONAL,Parkinson Disease,Hospices Civils de Lyon,OTHER,,social cognition tests; Quality of life self-questionnaire,BEHAVIORAL,2022-04-11,2022.0,France
NCT03074695,DPE Technique in Labor Epidural for Morbidly Obese Women,COMPLETED,PHASE4,INTERVENTIONAL,Morbid Obesity; Labor Pain,Duke University,OTHER,,Dural puncture epidural (DPE); Standard Epidural (EPL); Dural puncture epidural (DPE); Standard Epidural (EPL),"DRUG,PROCEDURE",2017-04-01,2017.0,United States
NCT02946151,Subcutaneous EEG in Epilepsy,COMPLETED,NA,INTERVENTIONAL,Temporal Lobe Epilepsy,Zealand University Hospital,OTHER,UNEEG Medical A/S; Technical University of Denmark,UNEEG implantable EEG electrode and data storage device,DEVICE,2016-11,2016.0,Denmark
NCT07730099,Cognitive Network Restoration Therapy for Moderate to Severe Traumatic Brain Injury: A Feasibility Study,NOT_YET_RECRUITING,NA,INTERVENTIONAL,Chronic Traumatic Brain Injury; TBI (Traumatic Brain Injury),"ReEmerge, Inc.",INDUSTRY,,Deep brain stimulation,DEVICE,2027-02,2027.0,
NCT01512134,Deep Brain Stimulation for the Treatment of Obesity,COMPLETED,NA,INTERVENTIONAL,Obesity,"Ali Rezai, MD",OTHER,,Deep Brain Stimulation Device,DEVICE,2012-01,2012.0,United States
NCT01737671,Methotrexate Infusion Into the Fourth Ventricle in Children With Malignant Fourth Ventricular Brain Tumors: A Pilot Study,COMPLETED,EARLY_PHASE1,INTERVENTIONAL,Brain Tumor; Malignant Neoplasm of Fourth Ventricle of Brain,M.D. Anderson Cancer Center,OTHER,,Ommaya Reservoir; Methotrexate; Leucovorin,"DRUG,PROCEDURE",2012-12-27,2012.0,United States
NCT01725334,Deep Brain Stimulation (DBS) for the Management of Treatment Refractory Negative Symptoms in Schizophrenia,WITHDRAWN,PHASE1,INTERVENTIONAL,Schizophrenia; Negative Type,Centre for Addiction and Mental Health,OTHER,"University Health Network, Toronto; Schizophrenia Society of Ontario",Deep Brain Stimulation,PROCEDURE,2012-09,2012.0,Canada
NCT04390867,Temporally Optimized Patterned Stimulation (TOPS®) Deep Brain Stimulation (DBS) for the Treatment of Parkinson's Disease,TERMINATED,NA,INTERVENTIONAL,Parkinson Disease,Deep Brain Innovations LLC,INDUSTRY,,TOPS1 DBS; TOPS2 DBS; TOPS3 DBS; Standard DBS,DEVICE,2020-07-27,2020.0,United States
NCT03414307,"Stereotactic, Robot-assisted Intracerebral Hemorrhage Clot Evacuation",WITHDRAWN,NA,INTERVENTIONAL,Intracerebral Hematoma,Zimmer Biomet,INDUSTRY,University of Pittsburgh Medical Center,Intracerebral catheter placement; Robot-assisted intracerebral catheter,"DEVICE,PROCEDURE",2020-09-30,2020.0,United States
NCT07352553,Brain Stimulation for Postherpetic Neuralgia: A Randomized Sham-Controlled Trial,NOT_YET_RECRUITING,NA,INTERVENTIONAL,Postherpetic Neuralgia,Huazhong University of Science and Technology,OTHER,,Non-invasive transcranial stimulation; Sham Non-invasive transcranial stimulation,DEVICE,2026-01-20,2026.0,China
NCT04174001,Perioperative Cerebrovascular Autoregulation Monitoring in Neurosurgical Patients,UNKNOWN,NA,OBSERVATIONAL,Cerebral Hemodynamics,Boston Children's Hospital,OTHER,,,,2020-02-11,2020.0,United States
NCT02322970,Invasive Versus Non Invasive Measurement of Intracranial Pressure in Brain Injury Trial (IMPRESSIT),UNKNOWN,NA,OBSERVATIONAL,Intracranial Hypertension,Università degli Studi di Brescia,OTHER,Rita Bertuetti; Chiara Robba,transcranial Doppler,DEVICE,2017-07-01,2017.0,Italy
NCT07132203,Magnetic Resonance-Guided Laser Interstitial Thermal Therapy for Brain Metastases Trial,COMPLETED,NA,INTERVENTIONAL,Brain Metastasases,Beijing Tiantan Hospital,OTHER,Sinovation (Beijing) Medical Technology,Laser interstitial thermal therapy,DEVICE,2022-01-11,2022.0,China
NCT05694000,Hippocampus DBS in Treatment-resistant Schizophrenia,UNKNOWN,NA,INTERVENTIONAL,Treatment-resistant Schizophrenia,Shanghai Mental Health Center,OTHER,Huashan Hospital,On-Stimulation; Off-Stimulation,DEVICE,2022-11-01,2022.0,China
NCT06123767,Innovative Application of Pressure Gradient Measurement in Internal Carotid Stenosis in Patients Undergoing CAS,NOT_YET_RECRUITING,NA,INTERVENTIONAL,Carotid Artery Stenosis; Carotid Artery Stenting; Stroke,"4th Military Clinical Hospital with Polyclinic, Poland",OTHER,"Medical Research Agency, Poland",CAS + Intravascular measuring the pressure gradient; CAS (standard); Doppler ultrasonound of cephalic arteries; Angio-CT of the neck and head; Otolaryngological examination; Psychological examination; Neurological examination; MR cerebral perfusion,"DIAGNOSTIC_TEST,OTHER,PROCEDURE,RADIATION",2024-04-01,2024.0,Poland
NCT03663257,Study to Evaluate Cerebral AneurysmFlow Results in Occlusion,COMPLETED,NA,OBSERVATIONAL,Intracranial Aneurysm,Philips Clinical & Medical Affairs Global,INDUSTRY,,AneurysmFlow,DEVICE,2018-10-04,2018.0,Argentina; Canada; United States
NCT06889480,Multitarget Stereotactic Electrophysiological Recording and Stimulation for Tourette Syndrome,RECRUITING,NA,INTERVENTIONAL,Tourette Syndrome; Deep Brain Stimulation,Beijing Tiantan Hospital,OTHER,,New Target DBS; CM-DBS; Sham Stimulation,DEVICE,2024-10-01,2024.0,China
NCT03916848,Novel Network Analysis of Intracranial Stereoelectroencephalography,UNKNOWN,NA,INTERVENTIONAL,"Epilepsy in Children; Focal Epilepsy; Epilepsy Intractable; Epilepsy, Focal; Intractable Epilepsy; Refractory Epilepsy; Epilepsies, Partial",Great Ormond Street Hospital for Children NHS Foundation Trust,OTHER,,Combined Micro-Macro SEEG Electrodes,PROCEDURE,2019-06-16,2019.0,United Kingdom
NCT06688162,Minimally Invasive Soft Channel Brain Haemorrhage Evacuation for Acute Basal Ganglia Haemorrhage--Small Hemorrhage Evacuation (MIRACLE-S),ENROLLING_BY_INVITATION,NA,INTERVENTIONAL,Intracerebral Hemorrhage,Capital Medical University,OTHER,Fudan University; Linyi People's Hospital,Usual Care; Minimally Invasive Soft Channel Brain Haemorrhage Evacuation (scMIS),"OTHER,PROCEDURE",2025-01-16,2025.0,China
NCT02920580,The NEUROlogically-impaired Extubation Timing Trial,UNKNOWN,NA,INTERVENTIONAL,Acute Brain Injury,Sunnybrook Health Sciences Centre,OTHER,Canadian Institutes of Health Research (CIHR),Extubation; Usual Care,PROCEDURE,2017-02-01,2017.0,Canada
NCT06784388,Personalized DBS Targeting for Treating Depression,RECRUITING,EARLY_PHASE1,INTERVENTIONAL,Treatment-resistant Depression (TRD),"Second Affiliated Hospital, Zhejiang University, School of Medicine",OTHER,,Deep Brain Stimulation(DBS); Esketamine,"DEVICE,DRUG",2025-01-05,2025.0,China
NCT04327817,Multifidus PET Scan Study,COMPLETED,PHASE4,INTERVENTIONAL,Low Back Pain,Barts & The London NHS Trust,OTHER,Mainstay Medical,Multifidus stimulator,DEVICE,2021-08-19,2021.0,United Kingdom
NCT05897060,Braindex Cerebral Tissue Oxygen Saturation (SctO2) Measurement Algorithm Assessment and Improvement,UNKNOWN,NA,INTERVENTIONAL,Post-Operative Confusion,Braindex,INDUSTRY,,Venus Jugular O2 Saturation optical fiber,DEVICE,2023-05-11,2023.0,France
NCT06322602,Ommaya Reservoir Placement at the Time of Biopsy for Longitudinal Biomarker Collection in Patients With Brain Tumors,RECRUITING,NA,INTERVENTIONAL,Brain Neoplasms,Mayo Clinic,OTHER,National Institute of Neurological Disorders and Stroke (NINDS); National Cancer Institute (NCI),Intracranial Catheter Placement; Lumbar Puncture; Biopsy; Biospecimen Collection; Computed Tomography; Magnetic Resonance Imaging,PROCEDURE,2024-02-28,2024.0,United States
NCT06195995,Brain Mechanism and Intervention of Executive-control Dysfunction Among Gambling Disorder,UNKNOWN,NA,INTERVENTIONAL,Transcutaneous Electric Nerve Stimulation; Gambling,Shanghai Mental Health Center,OTHER,,Transcranial alternating current stimulation-true stimulus,DEVICE,2024-01-15,2024.0,China
NCT01590056,Emotional and Cognitive Subthalamic Nucleus in Deep Brain Stimulation Treated Parkinson Patients,UNKNOWN,NA,OBSERVATIONAL,Parkinson's Disease,Hadassah Medical Organization,OTHER,,Electrophysiological recording,OTHER,2012-03,2012.0,Israel
NCT04692337,Ommaya Reservoir Placement for Brain Tumor Biomarker Access,RECRUITING,NA,INTERVENTIONAL,Brain Tumor,Mayo Clinic,OTHER,National Institute of Neurological Disorders and Stroke (NINDS); National Cancer Institute (NCI),Intra-operative Ommaya Reservoir placement,PROCEDURE,2021-01-15,2021.0,United States
NCT06785532,Effect of RNS in Treatment-refractory Tourette's Syndrome,RECRUITING,NA,INTERVENTIONAL,Tourette Syndrome,"Xuanwu Hospital, Beijing",OTHER,,Responsive Neurostimulation (RNS),DEVICE,2025-02-05,2025.0,China
NCT01750099,Pain Relief Effects on Length of Labor,COMPLETED,NA,INTERVENTIONAL,Labor Pain,University of Texas Southwestern Medical Center,OTHER,,Combined Spinal-epidural; Continuous Lumbar epidural,PROCEDURE,2013-02,2013.0,United States
NCT04384198,TransCranial Doppler for REDUCtion of Silent strokE During MitraClip Implantation,UNKNOWN,NA,INTERVENTIONAL,Mitral Valve Insufficiency,"Charite University, Berlin, Germany",OTHER,Berlin Institute of Health,Sonolysis,PROCEDURE,2020-08-13,2020.0,Germany
NCT05634941,Effect of ON-tDCS on Memory Function Improvement and Related Circuits in Stable Depression Patients,UNKNOWN,NA,INTERVENTIONAL,Depression,First Affiliated Hospital of Zhejiang University,OTHER,,Active ON-tDCS; Sham ON-tDCS,DEVICE,2022-10-01,2022.0,China
NCT02026596,SpareBrain - Mechanisms and Prevention of Secondary Brain Injury in Subarachnoid Haemorrhage,COMPLETED,NA,OBSERVATIONAL,Aneurysmal Subarachnoid Hemorrhage,Tampere University Hospital,OTHER,,Magnetic resonance imaging; Cerebral microdialysis catheter insertion,PROCEDURE,2013-03,2013.0,Finland
NCT04978142,MaST: MEG and Brain Stimulation in Tinnitus,COMPLETED,NA,INTERVENTIONAL,Tinnitus,University of Nottingham,OTHER,,transcranial Direct Current Stimulation (tDCS),DEVICE,2020-12-07,2020.0,United Kingdom
NCT05058482,Non-adhesive Liquid Embolic System in the Embolization of Cerebral Arteriovenous Malformations,UNKNOWN,NA,INTERVENTIONAL,Intracranial Arteriovenous Malformations,Suzhou Hengruihongyuan Medical Technology Co. LTD,INDUSTRY,,embolism,DEVICE,2021-12-02,2021.0,China
NCT00006259,Stereotactic Radiation Therapy in Treating Patients With Brain Metastases,COMPLETED,PHASE2,INTERVENTIONAL,Metastatic Cancer,Case Comprehensive Cancer Center,OTHER,,stereotactic radiosurgery,RADIATION,2000-01,2000.0,United States
NCT04422886,Does Physiotherapy Plus Non-invasive Brain Stimulation Improve Motor Recovery in Children With Acquired Brain Injury?,TERMINATED,NA,INTERVENTIONAL,Acquired Brain Injury; Recovery of Function; Transcranial Electrical Stimulation,Holland Bloorview Kids Rehabilitation Hospital,OTHER,,active transcranial direct current stimulation (tDCS); Physiotherapy; sham transcranial direct current stimulation (sham),"BEHAVIORAL,DEVICE",2020-01-15,2020.0,Canada
NCT01230151,Feasibility Study to Evaluate Deep Brain Stimulation (DBS) Settings for the Treatment of Parkinson's Disease,WITHDRAWN,NA,INTERVENTIONAL,Parkinson's Disease,"Intelect Medical, Inc.",INDUSTRY,,"GUIDE software, Version 0.1; Clinically defined stimulation parameters",DEVICE,2010-12,2010.0,United States
NCT05561400,Combining tDCS and CILT in Non-fluent Aphasia,COMPLETED,NA,INTERVENTIONAL,Aphasia; Non-fluent Aphasia; Stroke; Brain Injuries,University of Minnesota,OTHER,,tDCS; Placebo,"DEVICE,OTHER",2023-04-24,2023.0,United States
NCT05147571,RNS System NAUTILUS Study,COMPLETED,NA,INTERVENTIONAL,Epilepsy; Idiopathic Generalized Epilepsy; Generalized Tonic Clonic Seizure,NeuroPace,INDUSTRY,,Responsive stimulation; Sham stimulation,DEVICE,2022-08-09,2022.0,United States
NCT05043636,Diabetic Neuropathy Screening Study 1.1 + Substudy 1.2-1.3-1.4,UNKNOWN,NA,OBSERVATIONAL,Diabetic Neuropathies; Distal Peripheral Sensory Neuropathy; Diabetic Foot; Foot Deformities; Autonomic Neuropathy; CAN,Steno Diabetes Center Copenhagen,OTHER,,Vagus; HeartsTrends; Sudoscan; UllMeter; DPN-check; Rolltemp; Dexcom G6 Device,DEVICE,2019-09-01,2019.0,Denmark
NCT07260916,Minimally Invasive Neuroendoscopic Ultra-Early Targeted ICH Evacuation,RECRUITING,NA,INTERVENTIONAL,Basal Ganglia Intracerebral Hemorrhage,Icahn School of Medicine at Mount Sinai,OTHER,National Institute of Neurological Disorders and Stroke (NINDS); Beth Israel Deaconess Medical Center; Medical University of South Carolina; NINDS Stroke Trials Network (StrokeNet),Endoscopic ICH evacuation; Standard Medical Treatment,"OTHER,PROCEDURE",2026-07-15,2026.0,United States
NCT03048916,Dysphagia After Different Swallowing Therapies,COMPLETED,NA,INTERVENTIONAL,Dysphagia; Videofluoroscopy; Stroke,Chang Gung Memorial Hospital,OTHER,,general swallowing therapy; NMES therapy,OTHER,2010-08-01,2010.0,
NCT05441618,Post Market Clinical Follow-Up Study on the Performance and Safety of Lyoplant®,COMPLETED,NA,OBSERVATIONAL,"Tumor, Cerebral Ventricle; Tumor, Cerebellar; Aneurysm Cerebral; Trauma, Brain",Aesculap AG,INDUSTRY,,Lyoplant®,DEVICE,2024-04-02,2024.0,Germany
NCT04497363,Focused Ultrasound for the Treatment of ADHD Symptoms,UNKNOWN,NA,INTERVENTIONAL,ADHD,Neurological Associates of West Los Angeles,OTHER,,Brainsonix Pulsar 1002,DEVICE,2020-07-01,2020.0,United States
NCT05493579,Impact of Implant Supported Overdenture on Changes of Electromyographic and Brain Activity,COMPLETED,NA,INTERVENTIONAL,Implant Supported Overdenture,Al-Azhar University,OTHER,,Implant supported overdenture,OTHER,2020-10-01,2020.0,Egypt
NCT07110376,Deep Brain Stimulation Neural Recordings of Varied Stimulation During Sleep in Parkinson's Disease,RECRUITING,NA,INTERVENTIONAL,Parkinson Disease,The Cleveland Clinic,OTHER,"American Parkinson's Disease Association, Inc; Beacon Biosignals",Nighttime Deep Brain Stimulation with Varying Amplitude Settings,OTHER,2025-11-22,2025.0,United States
NCT07226908,Human Thalamus in Propagation of Temporal Lobe Seizures and Memory Formation,ENROLLING_BY_INVITATION,NA,INTERVENTIONAL,Epilepsy,Stanford University,OTHER,National Institute of Neurological Disorders and Stroke (NINDS),Cognitive experiment; Electrical stimulation of the brain,OTHER,2024-09-01,2024.0,United States
NCT05084612,Comparison Between a Two Person Insertion With Lateral Rotation Technique of LMA and the Classic Technique,SUSPENDED,NA,INTERVENTIONAL,Airway Complication of Anesthesia,Benha University,OTHER,,standard LMA insertion; New technique LMA insertion,DEVICE,2021-08-02,2021.0,Egypt
NCT07745686,VALSE: Integration of Neuromodulation and Exoskeleton Systems for Mobility in Individuals With Chronic Spinal Cord Injury,NOT_YET_RECRUITING,NA,INTERVENTIONAL,Spinal Cord Injury,Ecole Polytechnique Fédérale de Lausanne,OTHER,,TWIICE Rise 1.0 robotic exoskeleton combined with epidural electrical stimulation (EES),COMBINATION_PRODUCT,2026-09-15,2026.0,Switzerland
NCT07650370,"Pilot Study on the Validity, Tolerability, and Impact of a Walking Rehabilitation Intervention Using Cruro-Malleolar Cast in Children With Cerebral Palsy",NOT_YET_RECRUITING,NA,INTERVENTIONAL,Cerebral Palsy,Centre Médico-Chirurgical de Réadaptation des Massues Croix Rouge Française,OTHER,,Cruro-Malleolar Cast Walking Training,DEVICE,2026-09-01,2026.0,
NCT01502917,Convection-Enhanced Delivery of 124I-Omburtamab for Patients With Non-Progressive Diffuse Pontine Gliomas Previously Treated With External Beam Radiation Therapy,COMPLETED,PHASE1,INTERVENTIONAL,Brain Cancer; Brain Stem Glioma,Y-mAbs Therapeutics,INDUSTRY,Memorial Sloan Kettering Cancer Center,Radioactive iodine-labeled monoclonal antibody omburtamab; External Beam Radiotherapy,"DRUG,RADIATION",2011-12,2011.0,United States
NCT05340062,Non Invasive Measurement With Trans Cranial Doppler Versus Invasive Measurement in Pediatric Age,RECRUITING,NA,OBSERVATIONAL,Intracranial Hypertension,Azienda Ospedaliera di Padova,OTHER,,bedside sonography,DEVICE,2022-07-01,2022.0,Italy
NCT06120946,Neurocognitive Assessment in TAVI,COMPLETED,NA,OBSERVATIONAL,Aortic Valve Disease,Brighton and Sussex University Hospitals NHS Trust,OTHER,University of Melbourne; Terumo Medical Corporation,,,2021-05-18,2021.0,United Kingdom
NCT06438419,Parkinsonism-Related Oscillations in the Cortico-Basal Ganglia-Thalamic Network During Movement: Beyond the Frequency Range,RECRUITING,NA,INTERVENTIONAL,Parkinson Disease; Hyperkinesis; Hypokinesia,"University Hospital, Bordeaux",OTHER,"Université de Bordeaux, IMN, UMR CNRS 5293",Electrophysiological recordings,OTHER,2025-04-16,2025.0,France
NCT01218919,Post Market (Brio™ System) Deep Brain Stimulation (DBS) PD Study,WITHDRAWN,NA,OBSERVATIONAL,Parkinson Disease,Abbott Medical Devices,INDUSTRY,,,,2013-10,2013.0,
NCT01051128,Continuous Intrathecal Baclofen Infusion for Chronic Spasticity,WITHDRAWN,PHASE3,INTERVENTIONAL,Spasticity,Flowonix Medical,INDUSTRY,,Prometra Programmable Implantable Pump System,DEVICE,2010-01,2010.0,
NCT07682311,Automated Daytime Adaptive Deep Brain Stimulation Parameter Optimization in Patients Implanted With Percept Neurostimulator,RECRUITING,NA,INTERVENTIONAL,PD - Parkinson's Disease,"University of California, San Francisco",OTHER,,Medtronic Percept Deep Brain Stimulation (adaptive DBS); Medtronic Percept Deep Brain Stimulation (cDBS),DEVICE,2026-06,2026.0,United States
NCT07249866,"Effect of Robotic Assisted Therapy on Hand Functions, Grip Strength and Proprioception in Children With Hemiplegia",NOT_YET_RECRUITING,NA,INTERVENTIONAL,"Cerebral Palsy, Spastic",Cairo University,OTHER,,Hand rehabilitation robotic gloves; occupational therapy,"DEVICE,OTHER",2025-11,2025.0,Egypt
NCT01801319,A Clinical Evaluation of Subcallosal Cingulate Gyrus Deep Brain Stimulation for Treatment-Resistant Depression,UNKNOWN,NA,INTERVENTIONAL,Treatment Resistant Depression; Depressive Disorder,Abbott Medical Devices,INDUSTRY,,Libra Deep Brain Stimulation System,DEVICE,2011-06,2011.0,Canada
NCT02734498,Prospective Treatment Study of Catatonia Patients,TERMINATED,NA,INTERVENTIONAL,Catatonia,Wake Forest University Health Sciences,OTHER,,Electroconvulsive Treatment (ECT) Right Unilateral; Electroconvulsive Treatment (ECT) - Bilateral,DEVICE,2017-01,2017.0,United States
NCT03106636,"Trial of KEEP-P, a Preventive Intervention for Foster Preschoolers (KEEP-P)",COMPLETED,NA,INTERVENTIONAL,Child Behavior,University of Oregon,OTHER,Oregon Social Learning Center,KEEP-P; KEEP-P+,BEHAVIORAL,2014-05-20,2014.0,United States
NCT05093764,Quantification of Debris Captured Using TCEP During VIV TAVR With BVF,UNKNOWN,NA,INTERVENTIONAL,Aortic Valve Disease,Saint Luke's Health System,OTHER,Boston Scientific Corporation,VIV TAVR with BVF using TCEP,DEVICE,2022-03-02,2022.0,United States
NCT02085304,"Tumor Resection and Gliadel® Wafers, Followed by Temodar® With Standard Radiation or GammaKnife® for New GBM",TERMINATED,"PHASE1,PHASE2",INTERVENTIONAL,Glioblastoma,"St. Joseph's Hospital and Medical Center, Phoenix",OTHER,,Gross total resection and Gliadel(R) wafers implanted; GammaKnife(R) stereotactic Radiosurgery; Standard fractionated radiation therapy; Temozolomide,"DRUG,PROCEDURE,RADIATION",2013-05-07,2013.0,United States
NCT03249220,Clinical Pilot Study to Evaluate a New Multi-parameter Neuromonitoring Device in Brain-injured Patients,ACTIVE_NOT_RECRUITING,NA,INTERVENTIONAL,Brain Injuries,Carag AG,INDUSTRY,,Placement of the CBMS Probe,DEVICE,2020-09-01,2020.0,Switzerland
NCT00888095,Deep Brain Stimulation (DBS) For Parkinson's Disease: Caudal Zona Incerta Versus Subthalamic Nucleus,UNKNOWN,NA,INTERVENTIONAL,Parkinson's Disease,"Charite University, Berlin, Germany",OTHER,,deep brain stimulation,PROCEDURE,2010-07,2010.0,Germany
NCT05871502,Glycemia and Ischemia Reperfusion Brain Injury in Patients With Acute Cerebral Infarction Treated With Mechanical Thrombectomy,ACTIVE_NOT_RECRUITING,NA,INTERVENTIONAL,Cerebral Infarction,Instituto de Investigación Hospital Universitario La Paz,OTHER,,Subcutaneous blood glucose monitoring device,DEVICE,2023-04-13,2023.0,Spain
NCT07592169,Confirmatory Trial of Gamma Neurofeedback to Improve Working Memory in Schizophrenia,NOT_YET_RECRUITING,PHASE2,INTERVENTIONAL,SCHIZOPHRENIA 1 (Disorder); Schizoaffecitve Disorder,"University of California, San Diego",OTHER,,EEG Neurofeedback,BEHAVIORAL,2026-06-01,2026.0,
NCT07498270,Location- and Frequency-Dependent Effects of Thalamic Temporal Interference Stimulation During Sleep,RECRUITING,NA,INTERVENTIONAL,Healthy Adult Participants; Healthy Participants,"University of Wisconsin, Madison",OTHER,National Institute of Mental Health (NIMH),Magnetic Resonance Imaging (MRI); Broad thalamic stimulation (TI-TES); Carrier only SHAM stimulation; Anterior thalamic stimulation (TI-TES); Posterior thalamic stimulation (TI-TES),"DEVICE,OTHER",2026-06-05,2026.0,United States
NCT02491554,Deep braIn Stimulation for Tremor TractographIC Versus Traditional,UNKNOWN,NA,INTERVENTIONAL,Essential Tremor,University Hospital Freiburg,OTHER,Medtronic Neuromodulation Europe,Conventional AC-PC based implantation of ACTIVA INS DBS system; MR-tractography guided implantation of ACTIVA INS DBS system,DEVICE,2015-08,2015.0,Germany
NCT00718939,Rheos® Diastolic Heart Failure Trial,COMPLETED,NA,INTERVENTIONAL,Diastolic Heart Failure,"CVRx, Inc.",INDUSTRY,,Rheos Baroreflex Activation Therapy System,DEVICE,2008-07,2008.0,Germany
NCT04228653,Long-Term Follow-up Safety After DDS Implantation With/Without CDNF Infusions,UNKNOWN,"PHASE1,PHASE2",INTERVENTIONAL,Parkinson Disease; Movement Disorders; Neuro-Degenerative Disease; Nervous System Diseases; Brain Diseases,Renishaw,INDUSTRY,Herantis Pharma Plc.,Renishaw Drug Delivery System,DEVICE,2019-03-20,2019.0,Finland; Sweden
NCT02046330,Deep Brain Stimulation (DBS) Therapy for Treatment Resistant Depression,ACTIVE_NOT_RECRUITING,NA,INTERVENTIONAL,Major Depressive Disorder; Treatment Resistant Depression,"The University of Texas Health Science Center, Houston",OTHER,Medtronic,Deep Brain Stimulation Model 3387 Model 3389,DEVICE,2013-12-16,2013.0,United States
NCT05561192,Effects of Inserting Exercises During Physical Education Classes on Anxiety and Depression Symptoms in Adolescents,UNKNOWN,NA,INTERVENTIONAL,Depressive Symptoms; Anxiety Symptoms,Federal University of Pelotas,OTHER,,Diaphragmatic breathing exercises; Cardiorespiratory and strength exercise; Cooperative sports activities group; Traditional physical education class,OTHER,2023-02-01,2023.0,
NCT03777267,Cereset Research Exploratory Study,RECRUITING,NA,INTERVENTIONAL,Neurological Diseases or Conditions; Cardiovascular Conditions After Birth; Psychophysiologic Disorders,Wake Forest University Health Sciences,OTHER,,Active CR,DEVICE,2019-04-12,2019.0,United States
NCT07140302,Surgery of Dystonia,NOT_YET_RECRUITING,NA,INTERVENTIONAL,Dystonia Stereotactic Surgery,Sohag University,OTHER,,deep brain stimulation,PROCEDURE,2025-09-01,2025.0,Egypt
NCT03078816,Thalamic Deep Brain Stimulation for Secondary Dystonia in Children and Young Adults,COMPLETED,NA,INTERVENTIONAL,Dystonia,"University of California, San Francisco",OTHER,,Activa PC Primary Cell Neurostimulator - (Model 37601); Activa RC Rechargeable Neurostimulator - (Model 37612); Activa SC Single Cell Neurostimulator (Models 37602/37603); DBS Lead - (Model 3387; DBS Extension - (Models 37085/6); Patient Programmer - (Model 37642); Test Stimulator - (Model 3625); N'Vision Clinician Programmer - (Model 8840); N'Vision Software Application Card - (Model 8870),DEVICE,2017-03-03,2017.0,United States
NCT06936176,Prospective Trial of IVL for Calcified Carotid Lesions(CREATE Trial),RECRUITING,NA,INTERVENTIONAL,Carotid Artery Stenosis,"Shanghai Bluesail Boyuan Medical Technology Co., Ltd.",INDUSTRY,,Neurovascular Intravascular Shockwave Catheter,DEVICE,2025-05-12,2025.0,China
NCT06991335,VC/VS for Apathy in PD,NOT_YET_RECRUITING,NA,INTERVENTIONAL,Parkinson Disease; Deep Brain Stimulation; Apathy,Nora Vanegas,OTHER,,Deep Brain Stimulation,DEVICE,2025-09-01,2025.0,United States
NCT05261048,Pelvic Proprioceptive Neuromuscular Facilitation on Trunk Control and Balance,UNKNOWN,NA,INTERVENTIONAL,Spastic Hemiplegic Cerebral Palsy,University of Lahore,OTHER,,Pelvic Proprioceptive neuromuscular facilitation in addition to Conventional Physical Therapy; Conventional Physical Therapy,OTHER,2021-01-01,2021.0,Pakistan
NCT04690348,Intracavitary Carrier-embedded Cs131 Brachytherapy for Recurrent Brain Metastases: a Randomized Phase II Study,ACTIVE_NOT_RECRUITING,PHASE2,INTERVENTIONAL,Recurrent Brain Metastases,Memorial Sloan Kettering Cancer Center,OTHER,"GT Medical Technologies, Inc.",Craniotomy; Cesium-131 brachytherapy,"PROCEDURE,RADIATION",2020-12-24,2020.0,United States
NCT07287527,Effects of Photobiomodularion on Brain Connectivity and Cognitive Function in Cognitive Impairment,RECRUITING,NA,INTERVENTIONAL,AMCI - Amnestic Mild Cognitive Impairment,Uskudar University,OTHER,,Active transcranial Photobiomodulation; sham transcranial Photobiomodulation; Cognitive Rehabilitation,"BEHAVIORAL,DEVICE",2024-03-30,2024.0,Turkey (Türkiye)
NCT02369003,Cont. of a Study to Evaluate Implanting Peripheral Nerve Grafts Into Subjects With Parkinson's Disease (PD) During DBS,ACTIVE_NOT_RECRUITING,PHASE1,INTERVENTIONAL,Parkinson's Disease,"Craig van Horne, MD, PhD",OTHER,,Autologous Peripheral Nerve Graft,PROCEDURE,2015-02,2015.0,United States
NCT03221023,Intrawound Vancomycin Prophylaxis for Neural Stimulator,UNKNOWN,"PHASE2,PHASE3",INTERVENTIONAL,Vancomycin; Implantable Neural Stimulator; Deep Brain Stimulation; Surgical Site Infection,University of British Columbia,OTHER,,Vancomycin Hydrochloride; Saline Solution,DRUG,2017-09-15,2017.0,Canada
NCT02685280,Rechargeable Neurostimulators in Deep Brain Stimulation for Psychiatric Disorders,COMPLETED,NA,INTERVENTIONAL,Obsessive-compulsive Disorder; Depression,Universitaire Ziekenhuizen KU Leuven,OTHER,Medtronic,Medtronic Restore Advanced 37713,DEVICE,2007-10,2007.0,
NCT06683378,"A Study to Evaluate Feasibility, Safety, and Clinical Responses of Implanting Autologous Peripheral Nerve Tissue Into the Brain for Non-motor or Motor Symptoms in Patients With Parkinson's Disease Undergoing DBS Surgery",RECRUITING,PHASE1,INTERVENTIONAL,Parkinson's Disease,"Craig van Horne, MD, PhD",OTHER,National Institute on Aging (NIA),Reparative Autologous peripheral nerve tissue,PROCEDURE,2025-07-21,2025.0,United States
NCT04770350,Open Label Study for the Use of Transcranial Ultrasound for Treatment of Age-Related Frailty,UNKNOWN,EARLY_PHASE1,INTERVENTIONAL,Frailty; Aging,Neurological Associates of West Los Angeles,OTHER,,Focused Ultrasound,DEVICE,2023-09-01,2023.0,United States
NCT07662174,Ventricular mTOR Inhibition to Prevent Hydrocephalus After Brain Hemorrhage,NOT_YET_RECRUITING,"PHASE1,PHASE2",INTERVENTIONAL,Post-hemorrhagic Hydrocephalus (PHH),Massachusetts General Hospital,OTHER,,Sirolimus (Rapamune®),DRUG,2027-01-01,2027.0,United States
NCT01990313,Neural Signatures of Parkinson's Disease,COMPLETED,NA,INTERVENTIONAL,Parkinson's Disease,Stanford University,OTHER,Medtronic,Activa PC+S,DEVICE,2013-10,2013.0,United States
NCT02179190,"Reverse Medical Barrel™ Device for Adjunctive Treatment for Wide-Neck, Intracranial, Bifurcating/Branching Aneurysms",COMPLETED,NA,INTERVENTIONAL,Intracranial Bifurcating Aneurysms,Medtronic Neurovascular Clinical Affairs,INDUSTRY,,BARREL VRD,DEVICE,2014-10-13,2014.0,United States
NCT03463590,Deep Brain Stimulation of the Bilateral Habenula for Treatment-Refractory Obsessive-Compulsive Disorder,UNKNOWN,NA,INTERVENTIONAL,Obsessive-Compulsive Disorder,Ruijin Hospital,OTHER,,Bilateral surgical implantation of DBS system to habenula,DEVICE,2018-03-01,2018.0,China
NCT07673783,Outlining Biological Effects of Subthalamic Deep Brain Stimulation in Parkinson's Disease Patients.,NOT_YET_RECRUITING,NA,OBSERVATIONAL,Parkinson Disease (PD),Fondazione Policlinico Universitario Agostino Gemelli IRCCS,OTHER,"Ministry of Health, Italy; Azienda Ospedaliero-Universitaria di Modena; Fondazione IRCCS Ca' Granda, Ospedale Maggiore Policlinico",Deep brain stimulation surgery,DEVICE,2026-09-01,2026.0,
NCT06198127,Effect of Core Stability Exercises With and Without Kinesio-Taping in CP Children,COMPLETED,NA,INTERVENTIONAL,Spastic Cerebral Palsy,Riphah International University,OTHER,,combination of core stability exercises and kinesio-taping; Core stability exercises,OTHER,2023-12-01,2023.0,Pakistan
NCT04905472,Vestibular Implants Tested in Human Subjects,WITHDRAWN,NA,INTERVENTIONAL,"Vestibular Disorder; Vestibular Ataxia; Vestibular Loss, Bilateral",Massachusetts Eye and Ear Infirmary,OTHER,"Ohio State University; University of Geneva, Switzerland",Vestibular prosthesis/implant; Vestibular Implant Stimulation,DEVICE,2019-08-01,2019.0,Switzerland; United States
NCT03270657,Scalar Closed Loop Intraoperative Study,COMPLETED,NA,INTERVENTIONAL,Parkinson Disease,"Dennis Turner, M.D.",OTHER,National Institutes of Health (NIH); National Institute of Neurological Disorders and Stroke (NINDS),IPG; RC+S,DEVICE,2018-04-05,2018.0,United States
NCT07303946,Deep Brain Stimulation of the Anterior Cingulate Bundle (ACB) and the Ventral Anterior Limb of the Internal Capsule (vALIC) in Patients With Intractable Obsessive Compulsive Disorder (OCD),NOT_YET_RECRUITING,NA,INTERVENTIONAL,Obsessive-Compulsive Disorder,Rhode Island Hospital,OTHER,Brown University; Baylor College of Medicine; Butler Hospital,Medtronic Percept system and 3391 3387 Medtronic DBS electrodes,DEVICE,2026-01,2026.0,
NCT00888056,Chronic Electrical Stimulation of Hypothalamus/Fornix in Alzheimer's Disease,UNKNOWN,"PHASE1,PHASE2",INTERVENTIONAL,Alzheimer's Disease,Centre Hospitalier Universitaire de Nice,OTHER,,Bilateral chronic electrical stimulation of the hypothalamus/fornix,PROCEDURE,2009-06,2009.0,France
NCT03435653,Regenerative Therapy of Periodontal Bone Defects,UNKNOWN,NA,INTERVENTIONAL,Periodontal Bone Loss,Postgraduate Institute of Dental Sciences Rohtak,OTHER,,OFD with DFDBA; OFD with decortication and DFDBA,OTHER,2017-12-01,2017.0,India
NCT01718249,Study of Conscious Behavior Under Low-frequency Deep Brain Stimulation in Chronic and Severe Post-coma Disorders of Consciousness,COMPLETED,NA,INTERVENTIONAL,"Chronic and Severe Post-coma Disorders of Consciousness (Permanent Vegetative State, Minimally Conscious State)","University Hospital, Clermont-Ferrand",OTHER,Fondation de l'Avenir; Medtronic,Implantable neurostimulation system,OTHER,2012-04,2012.0,France
NCT03696043,External Ventricular Drain Placement Stealth Study,TERMINATED,NA,INTERVENTIONAL,External Ventricular Drain; Intracranial Pressure,"University of Wisconsin, Madison",OTHER,,Axium Steatlh Image Guidance; EVD placement,OTHER,2018-08-15,2018.0,United States
NCT07671950,Neuropathic Dental Pain & DBS,RECRUITING,NA,INTERVENTIONAL,Dental Neuralgia; Neuropathic Dental Pain,University of British Columbia,OTHER,,Directional Deep Brain Stimulation,DEVICE,2026-01-01,2026.0,Canada
NCT05225961,ATILA Project: Aspirin Versus Tirofiban in Endovascular Treatment for Patients With Acute Ischemic Stroke Due to Tandem Lesion,COMPLETED,PHASE4,INTERVENTIONAL,Acute Ischemic Stroke,Fundación Pública Andaluza para la gestión de la Investigación en Sevilla,OTHER,,Tirofiban; Acetylsalicylic acid,DRUG,2026-03-20,2026.0,Spain
NCT03551093,THE IMPACT- 24M TRIAL (IMPlant Augmenting Cerebral Blood Flow in Mild Strokes Trial 24 Hours From Stroke Onset),COMPLETED,NA,INTERVENTIONAL,Ischemic Stroke,BrainsGate,INDUSTRY,,ISS SPG stimulation,DEVICE,2018-04-02,2018.0,Georgia
NCT03283150,Deep Brain Stimulation (DBS) Sedation,TERMINATED,PHASE4,INTERVENTIONAL,Brain; Sedation,"University of Wisconsin, Madison",OTHER,,Remifentanil; Propofol; Dexmedetomidine,DRUG,2017-12-01,2017.0,United States
NCT07648823,"Dosimetry, Safety, and Efficacy Study of [177Lu]Lu-XT771 in Patients With Recurrent Glioblastoma",RECRUITING,EARLY_PHASE1,INTERVENTIONAL,Recurrent Glioblastoma (WHO-Grade IV Glioma); Recurrent Glioblastoma; Glioblastoma (GBM); Recurrent Glioblastoma IDH Wildtype,Beijing Tiantan Hospital,OTHER,,[177Lu]Lu-XT771,DRUG,2026-06-20,2026.0,China
NCT05952518,PNS vs RFA for Facet Joint Pain,SUSPENDED,NA,INTERVENTIONAL,Facet Joint Pain,Penn State University,OTHER,,Sprint PNS system; Radiofrequency Ablation,"DEVICE,PROCEDURE",2026-02-20,2026.0,United States
NCT02905110,Methotrexate and Etoposide Infusions Into the Fourth Ventricle in Children with Recurrent Posterior Fossa Brain Tumors,COMPLETED,EARLY_PHASE1,INTERVENTIONAL,Brain Tumor Recurrent,"The University of Texas Health Science Center, Houston",OTHER,,Methotrexate; Etoposide; Ommaya Reservoir,"DRUG,PROCEDURE",2017-10-12,2017.0,United States
NCT04532203,A Study of CAR-T Cells Therapy for Patients With Relapsed and/or Refractory Central Nervous System Hematological Malignancies,RECRUITING,EARLY_PHASE1,INTERVENTIONAL,Acute Lymphoblastic Leukemia; Non-Hodgkin's Lymphoma,Zhejiang University,OTHER,,CAR-T cells; Ommaya Reservoir,"DRUG,PROCEDURE",2020-11-01,2020.0,China
NCT05206760,Severe Head Injury Brain Analysis,COMPLETED,NA,OBSERVATIONAL,Brain Injury Traumatic Severe,Queen Mary University of London,OTHER,,Brain biopsy,PROCEDURE,2020-07-15,2020.0,United Kingdom
NCT02661789,Neuropsychobiological Correlates of Sex-steroid Hormone Manipulation in Healthy Women: a Risk Model for Depression,COMPLETED,NA,INTERVENTIONAL,Postpartum Depression; Major Depressive Disorder; Postpartum Psychosis; Menopause; Neurodegeneration; Schizophrenia,Gitte Moos Knudsen,OTHER,"Center for Integrated Molecular Brain Imaging, Copenhagen, Denmak; Rigshospitalet, Denmark; Glostrup University Hospital, Copenhagen; Danish Multiple Sclerosis Center Rigshospitalet",Goserelin 3.6 mg implant; Placebo,DRUG,2011-01,2011.0,Denmark
NCT03900468,Medtronic Deep Brain Stimulation (DBS) Therapy for Epilepsy Post-Approval Study (EPAS),TERMINATED,NA,INTERVENTIONAL,Epilepsy,MedtronicNeuro,INDUSTRY,,Activa™ PC and Percept™ PC Neurostimulation Systems,DEVICE,2020-03-05,2020.0,Czechia; United States
NCT04495660,Restauration of the Auditory and Cognitive Functions in Cochlear Implanted Deaf Children in FNIRS,RECRUITING,NA,INTERVENTIONAL,Deafness,"University Hospital, Toulouse",OTHER,,Near InfraRed Spectroscopy (fNIRS); Passive perceptual stimulation; Task A not B; VSWMT task; Perceptual Go-No-Go; Verbal memory task; The sensory room,"BEHAVIORAL,DEVICE",2020-05-29,2020.0,France
NCT01642134,Dual Antiplatelet Therapy Versus Oral Anticoagulation for a Short Time to Prevent Cerebral Embolism After TAVI,COMPLETED,PHASE4,INTERVENTIONAL,Aortic Valve Stenosis; Stroke,"Andres Iñiguez Romo, MD, PhD",OTHER_GOV,,aspirin+clopidogrel (Duoplavin),DRUG,2013-04,2013.0,Spain
NCT07552233,NK Cell Therapy for Malignant Solid Brain Tumors,RECRUITING,NA,INTERVENTIONAL,Malignant Solid Brain Tumors; Glioblastoma (GBM); Glioblastoma Multiforme (GBM); Brain Metastasis; Malignant Meningioma,Peking University Third Hospital,OTHER,Henan Academy of Innovations in Medical Science; Zhengzhou Second Hospital; Qinhuangdao Runze Hospital,Autologous NK cells,DRUG,2026-04,2026.0,China
NCT01782638,Effect of Deep Brain Stimulation on Gait of Patients With Parkinson's Disease Depending on Electrode Location in Subthalamic Area,COMPLETED,PHASE4,INTERVENTIONAL,Parkinson's Disease,"University Hospital, Clermont-Ferrand",OTHER,,deep brain stimulation,BEHAVIORAL,2012-09,2012.0,France
NCT03984643,Algorithms for Programming DBS Systems for ET,RECRUITING,NA,INTERVENTIONAL,Essential Tremor,University of Minnesota,OTHER,,Vim-Deep Brain Stimulation,DEVICE,2019-10-01,2019.0,United States
NCT03885635,Hemiarch vs Extended Arch in Type 1 Aortic Dissection,RECRUITING,NA,INTERVENTIONAL,Aortic Dissection,Ottawa Heart Institute Research Corporation,OTHER,,Hemiarch repair; Extended arch repair,PROCEDURE,2024-07-30,2024.0,Canada
NCT00947934,Study of the Brain Stimulation Effect on Memory Impairment in Alzheimer Disease,WITHDRAWN,NA,INTERVENTIONAL,Memory Disorders,Centre Hospitalier Universitaire de Nice,OTHER,,Deep brain stimulation,DEVICE,2009-08,2009.0,France
NCT00562146,Rate of Postpyloric Migration of Spiral Nasojejunal Tubes in Brain Injured Patients,COMPLETED,NA,OBSERVATIONAL,Acute Brain Injury,Capital Medical University,OTHER,,placement of spiral nasojejunal tube,PROCEDURE,2007-12,2007.0,China
NCT06196242,Deep Brain Stimulation Lead Localization After Implantation,UNKNOWN,NA,INTERVENTIONAL,Parkinson Disease,Tsinghua University,OTHER,,MRI and CT scan,DIAGNOSTIC_TEST,2023-12-10,2023.0,China
NCT00826059,"Implant for Augmentation of Cerebral Blood Flow Trial, Effectiveness and Safety in a 24 Hour Window",COMPLETED,NA,INTERVENTIONAL,Ischemic Stroke,BrainsGate,INDUSTRY,,Active Sphenopalatine Ganglion (SPG) Stimulation; Sham Sphenopalatine Ganglion (SPG) Stimulation,DEVICE,2011-06,2011.0,Canada; Czechia; Denmark; Finland; France; Georgia; Germany; Hong Kong; Israel; Italy; North Macedonia; Poland; Portugal; Serbia; Slovakia; Spain; Ukraine; United States
NCT02102256,A Safety Study of the Auditory Brainstem Implant for Pediatric Profoundly Deaf Patients,COMPLETED,PHASE1,INTERVENTIONAL,Profound Bilateral Deafness Due to; Bilateral Cochlear Aplasia; Bilateral Cochlear Nerve Deficiency; Bilateral Cochlear Ossification Secondary to Meningitis,Laurie Eisenberg,OTHER,University of Southern California; Children's Hospital Los Angeles; Huntington Medical Research Institutes,Auditory Brainstem Implant,DEVICE,2014-03,2014.0,United States
NCT01736722,MRI-Guided LITT for Treatment Metastatic Brain Tumors,WITHDRAWN,NA,INTERVENTIONAL,Brain Tumor,The Methodist Hospital Research Institute,OTHER,,Visualase®,DEVICE,2009-01-22,2009.0,United States
NCT05269862,"Remote Optimization, Adjustment and Measurement for Deep Brain Stimulation",ACTIVE_NOT_RECRUITING,NA,INTERVENTIONAL,Parkinson Disease,Abbott Medical Devices,INDUSTRY,,Abbott Infinity DBS systems with the NeuroSphere Virtual Clinic feature; Abbott Infinity DBS systems with the NeuroSphere Virtual Clinic feature (virtual clinic and in-clinic sessions),DEVICE,2022-03-24,2022.0,Germany; Spain; United Kingdom; United States
NCT05493670,Subthalamic Nucleus Deep Brain Stimulation in Speech Study,UNKNOWN,NA,OBSERVATIONAL,Parkinson Disease; Dysarthria,Jeremy Greenlee,OTHER,National Institutes of Health (NIH); University of Pittsburgh; University at Buffalo; Northwestern University; National Institute on Deafness and Other Communication Disorders (NIDCD),,,2020-10-15,2020.0,United States
NCT02361554,Deep Brain Stimulation in Treatment Resistant Schizophrenia,TERMINATED,NA,INTERVENTIONAL,Treatment-resistant Schizophrenia,Johns Hopkins University,OTHER,National Institute of Mental Health (NIMH),Medtronic Percept with SensSight Deep Brain Stimulation System,DEVICE,2023-03-01,2023.0,United States
NCT01521754,Product Surveillance Registry- Deep Brain Stimulation for Epilepsy,COMPLETED,NA,OBSERVATIONAL,Refractory Epilepsy,MedtronicNeuro,INDUSTRY,,,,2012-03-06,2012.0,Austria; Belgium; Canada; Finland; Germany; Hungary; Italy; Netherlands; Poland; Portugal; Russia; Sweden; United Kingdom
NCT04785560,Volumetrics and Proteomics in Shunted Normal Pressure Hydrocephalus,UNKNOWN,NA,INTERVENTIONAL,"Hydrocephalus, Normal Pressure; Ventriculomegaly, Cerebral; Shunt; Complications; Hydrocephalus Acquired","University Hospital, Linkoeping",OTHER,,Initial shunt setting post-operatively of the Certas Plus shunt valve.,DEVICE,2021-03-08,2021.0,Sweden
NCT03592810,Observational Study to Assess Optimal ECPR Settings After Resuscitation,COMPLETED,NA,OBSERVATIONAL,Extracorporeal Cardiopulmonary Resuscitation; Cardiac Arrest,Erasmus Medical Center,OTHER,,Settings of the extracorporeal membrane oxygenation (ECMO),OTHER,2018-07-18,2018.0,Netherlands
NCT07231302,Stimulation of the Dentate Nucleus of the Cerebellum for the Treatment of Refractory Spasticity With or Without Dystonia,COMPLETED,NA,OBSERVATIONAL,"Ataxia - Other; Dystonia Disorder; Tremor, Essential; Choreatic Disorder; Deep Brain Stimulation Surgery",Kleber Paiva Duarte,OTHER,,Analytical observation,OTHER,2016-04-01,2016.0,
NCT05902169,Sonocloud-9 in Association With Carboplatin Versus Standard-of-Care Chemotherapies (CCNU or TMZ) in Recurrent GBM,RECRUITING,PHASE3,INTERVENTIONAL,Glioblastoma; Recurrent Glioblastoma; GBM,CarThera,INDUSTRY,,SonoCloud-9 (SC9); Carboplatin; Lomustine; Temozolomide,"DEVICE,DRUG",2024-01-29,2024.0,Austria; Belgium; Denmark; France; Germany; Italy; Netherlands; Spain; Sweden; Switzerland; United States
NCT00076986,The PRECISE Trial: Study of IL13-PE38QQR Compared to GLIADEL Wafer in Patients With Recurrent Glioblastoma Multiforme,COMPLETED,PHASE3,INTERVENTIONAL,Glioblastoma Multiforme,INSYS Therapeutics Inc,INDUSTRY,,IL13-PE38QQR; surgery and catheter placement (2 procedures); prolifespan 20 with carmustine implant (GLIADEL® Wafer); surgery and wafer placement (1 procedure),"DRUG,PROCEDURE",2004-02,2004.0,Canada; Germany; Israel; Netherlands; United Kingdom; United States
NCT01135745,Deep Brain Stimulation for Obsessive Compulsive Disorder (OCD PMCF),COMPLETED,PHASE4,INTERVENTIONAL,Obsessive Compulsive Disorder,MedtronicNeuro,INDUSTRY,,Reclaim® Deep Brain Stimulation,DEVICE,2010-04,2010.0,Belgium; Germany; Israel; Italy; Spain; Sweden; Switzerland
NCT01817517,Thalamic Deep Brain Stimulation for the Treatment of Refractory Tourette Syndrome,TERMINATED,NA,INTERVENTIONAL,Tourette Syndrome,Johns Hopkins University,OTHER,,Medtronic Activa Deep Brain Stimulation System,DEVICE,2014-03,2014.0,United States
NCT07339449,Intraoperative Multimodal Monitoring as a Means in Reducing the Duration of Mechanical Ventilation in High-Risk Patients Undergoing Major Abdominal Procedures - A Pilot Study,RECRUITING,NA,INTERVENTIONAL,Major Abdominal Surgeries; Mechanical Ventilation,University Hospital Dubrava,OTHER,,Multimodal monitoring,DEVICE,2025-08-01,2025.0,Croatia
NCT07010276,Deep Brain Stimulation vs. Vagus Nerve Stimulation for Epileptic Spasms,NOT_YET_RECRUITING,NA,INTERVENTIONAL,Epilepsy; Seizure,The Hospital for Sick Children,OTHER,,DBS Arm; VNS arm,DEVICE,2025-11-24,2025.0,Canada
NCT06361004,Exploring DBS Efficacy in Treatment-refractory Tourette's Syndrome,NOT_YET_RECRUITING,NA,INTERVENTIONAL,Tourette's Syndrome,"Xuanwu Hospital, Beijing",OTHER,,Deep Brain Stimulation (DBS),DEVICE,2024-04-20,2024.0,China
NCT04211233,Diagnostic Subdural EEG-electrode And Subdural hEmatoma (DISEASE),UNKNOWN,NA,INTERVENTIONAL,Seizures; Subdural Hematoma,University Clinic Frankfurt,OTHER,,invasive subdural grid electrode; Control arm,"DEVICE,OTHER",2019-12-20,2019.0,Germany
NCT07315685,Understanding and Treating Severe and Resistant Pathological Aggression: Using Deep Brain Stimulation to Treat Resistant Aggression,NOT_YET_RECRUITING,NA,INTERVENTIONAL,Autism Spectrum Disorder; Schizophrenia Disorder,"University Hospital, Rouen",OTHER,Centre Hospitalier du Rouvray; Groupe Hospitalier Pitie-Salpetriere,neurostimulator,DEVICE,2026-07-13,2026.0,France
NCT03482206,Automated Extracranial Internal Carotid Artery Ultrasound Sensor for Traumatic Brain Injury,WITHDRAWN,NA,INTERVENTIONAL,Traumatic Brain Injury,University of Michigan,OTHER,,Automated extracranial internal carotid artery ultrasound sensor,DEVICE,2019-01-01,2019.0,
NCT01732887,Evaluating Short-term Effects of Computerized Brain Fitness Exercises in Adult Cochlear Implant and/or Hearing Aid Users,TERMINATED,NA,INTERVENTIONAL,Deafness; Speech Intelligibility,Aaron Newman,OTHER,University of Oslo; Cognifit,Cognitive fitness training,OTHER,2013-01,2013.0,Canada
NCT03884231,A Post-Market Study Evaluating the Safety of Infinity DBS System With MR Conditional Labeling,COMPLETED,NA,OBSERVATIONAL,Movement Disorders; Parkinson Disease; Essential Tremor; Tremor; Dystonia,Abbott Medical Devices,INDUSTRY,,Infinity DBS System with MR Conditional labelling,DEVICE,2019-04-10,2019.0,France; Germany; Spain; Sweden; United States
NCT02069353,Augmented Multimodal Neurologic Monitoring in High Risk Survivors of Cardiac Arrest,TERMINATED,NA,INTERVENTIONAL,Cardiac Arrest,Jonathan Elmer,OTHER,Laerdal Foundation,"QFlow 500™ Perfusion Probe (Hemedex, Cambridge, MA); Spencer Probe Depth Electrode (Ad-Tech Medical, Racine, WI)",DEVICE,2015-07,2015.0,United States
NCT03979898,Safety and Effectiveness of Autologous Adipose Tissue Derived Mesenchymal Stem Cell Implantation in Patients With CP,COMPLETED,EARLY_PHASE1,INTERVENTIONAL,Cerebral Palsy,R-Bio,INDUSTRY,Kyung Hee University Hospital at Gangdong,ASTROSTEM,BIOLOGICAL,2017-06-15,2017.0,South Korea
NCT06293638,Functional Brain Network Changes in Patients Undergoing Deep Brain Stimulation for Essential Tremor,RECRUITING,NA,OBSERVATIONAL,Essential Tremor,The Cleveland Clinic,OTHER,,Alcohol; Alprazolam; Cold Therapy; Peripheral Nerve Stimulation,"DEVICE,DRUG,PROCEDURE",2024-03-25,2024.0,United States
NCT01284699,Evaluation of the Safety and Efficacy of Bilateral Subthalamic Nucleus (SNT) Radiosurgery in Idiopathic Severe Parkinson's Disease Fulfilling Inclusion Criteria for STN Deep Brain Stimulation and Presenting With a Contraindication to Intracerebral Electrode Implantation.,COMPLETED,NA,INTERVENTIONAL,Parkinson's Disease; With Inclusion Criteria for STN Deep Brain Stimulation; Presenting a Contraindication to Intracerebral Electrode Implantati,Assistance Publique Hopitaux De Marseille,OTHER,,Gamma Knife radiosurgery,PROCEDURE,2011-02-04,2011.0,France
NCT03417271,Short Pulse Width DBS in Parkinson's Disease,COMPLETED,PHASE2,INTERVENTIONAL,Parkinson's Disease,"University College, London",OTHER,,Deep brain stimulation,DEVICE,2018-05-02,2018.0,United Kingdom
NCT05229107,Cereset Research For Chronic Nausea,WITHDRAWN,NA,INTERVENTIONAL,Nausea; Gastroparesis; Stress; Anxiety; Hyperarousal; Quality of Life; Vomiting; Heart Rate Variability,Wake Forest University Health Sciences,OTHER,"The Susanne Marcus Collins Foundation, Inc.; Gastroenterology Project",Cereset Research,DEVICE,2024-03,2024.0,United States
NCT03650309,Deep Brain Stimulation for Morbid Obesity,COMPLETED,NA,INTERVENTIONAL,"Obesity; Obesity, Morbid","University Health Network, Toronto",OTHER,,Deep Brain Stimulation,DEVICE,2018-09-01,2018.0,Canada
NCT05446116,Transfemoral Versus Transradial Partial Splenic Artery Embolization in Patients With Hypersplenism,COMPLETED,NA,INTERVENTIONAL,Hypersplenism,Zagazig University,OTHER_GOV,,partial splenic artery embolization,PROCEDURE,2019-06-01,2019.0,Egypt
NCT04192149,The Effects of Ultrasound on Central Nervous System,UNKNOWN,NA,INTERVENTIONAL,Focused Ultrasound,University of Virginia,OTHER,,Focused Ultrasound,OTHER,2019-02-19,2019.0,United States
NCT01850225,Feasibility Study of Auditory Brainstem Implant in Young Children,WITHDRAWN,PHASE1,INTERVENTIONAL,Bilateral Cochlear Aplasia; Bilateral Cochlear Nerve Deficiency; Bilateral Cochlear Ossification Secondary to Meningitis,House Research Institute,OTHER,"House Clinic, Inc.; Children's Hospital Los Angeles",Auditory brainstem implant,DEVICE,2013-10,2013.0,United States
NCT04710004,Electrophysiological Biomarkers in MTLE Patients.,TERMINATED,NA,INTERVENTIONAL,Mesial Temporal Lobe Epilepsy,Emory University,OTHER,,Asynchronous distributed multi-electrode stimulation (ADMES) using an implantable neurostimulation device,DEVICE,2021-11-30,2021.0,United States
NCT06269835,Intermittent Multifunctional Nutrition Tube in Cerebral Palsy and Dysphagia,UNKNOWN,NA,INTERVENTIONAL,Cerebral Palsy,Zeng Changhao,OTHER,,systemic therapy; Intermittent Oro-Esophageal Tube Feeding; Persistent Nasogastric Tube Feeding,"BEHAVIORAL,DEVICE",2024-02-28,2024.0,South Korea
NCT02389738,Brain Interstitium Temozolomide Concentration Pre and Post Regadenoson Administration,COMPLETED,EARLY_PHASE1,INTERVENTIONAL,Blood Brain Barrier Defect,Sidney Kimmel Comprehensive Cancer Center at Johns Hopkins,OTHER,,Regadenoson; Temozolomide; Microdialysis catheter,"DEVICE,DRUG",2015-02,2015.0,United States
NCT02056873,Tourette Syndrome Deep Brain Stimulation,COMPLETED,NA,INTERVENTIONAL,Tourette Syndrome,University of Florida,OTHER,Medtronic; National Institute of Neurological Disorders and Stroke (NINDS),Continuous DBS; Responsive Brain Stimulation (RBS Setting),DEVICE,2014-03-20,2014.0,United States
NCT07589452,Impact of Allometric Pacing Rate on Ventricular Diastolic Function and Cerebral Blood Flow in Hypertensive Patients With Sinus Node Dysfunction,NOT_YET_RECRUITING,NA,INTERVENTIONAL,Bradycardia,Medtronic Cardiac Rhythm and Heart Failure,INDUSTRY,,Personalized lower rate pacing; Standard lower rate pacing,DEVICE,2026-05-15,2026.0,
NCT05283811,Understanding Prefrontal and Medial Temporal Neuronal Responses to Algorithmic Cognitive Variables in Epilepsy Patients,RECRUITING,NA,INTERVENTIONAL,Epilepsy,Baylor College of Medicine,OTHER,,NEUROPACE RNS SYSTEM; EMU,"BEHAVIORAL,DEVICE",2021-06-01,2021.0,United States
NCT05912634,Repair Versus Non-repair of the Aortic Arch in Type A Aortic Dissection,ENROLLING_BY_INVITATION,NA,OBSERVATIONAL,Aortic Dissection; Aortic Arch; Aortic Dissection Rupture; Aortic Dilatation,Centre Cardiologique du Nord,OTHER,Henri Mondor University Hospital; Universita degli Studi di Genova; Pitié-Salpêtrière Hospital,Conservative TAAD-R; Extensive TAAD- R,PROCEDURE,2014-01-01,2014.0,France
NCT05337904,Deep Brain Stimulation Recovery in Treatment-Resistant Schizophrenia,ACTIVE_NOT_RECRUITING,NA,INTERVENTIONAL,Treatment-resistant Schizophrenia; Deep Brain Stimulation,Fundació Institut de Recerca de l'Hospital de la Santa Creu i Sant Pau,OTHER,,On-Stimulation; Off-Stimulation,DEVICE,2023-09-01,2023.0,Spain
NCT06253858,Ultrasound (US) Guided External Ventricular Catheter Placement,RECRUITING,NA,INTERVENTIONAL,Hydrocephalus,Milton S. Hershey Medical Center,OTHER,,Catheter Placement with Solopass System,DEVICE,2026-04-01,2026.0,United States
NCT02975193,Neural Correlates of Cognition in Parkinson's Disease,COMPLETED,NA,INTERVENTIONAL,Parkinson Disease,University of Florida,OTHER,National Institute of Neurological Disorders and Stroke (NINDS),Computer task assessing cognition; Impulsive-Compulsive Disorders in Parkinson's Disease; Deep Brain Stimulation Surgery,"BEHAVIORAL,PROCEDURE",2017-02-01,2017.0,United States
NCT06328985,Intermittent Oro-esophageal Tube Feeding in Traumatic Brain Injury Patients,COMPLETED,NA,INTERVENTIONAL,Traumatic Brain Injury,Zeng Xi,OTHER_GOV,,Rehabilitation therapy; Intermittent Oro-esophageal Tube Feeding; Nasogastric tube feeding,"BEHAVIORAL,DEVICE",2024-03-30,2024.0,China
NCT06582576,Mechanisms of Action for the Enterra Medical Gastric Electrical Stimulator,RECRUITING,NA,OBSERVATIONAL,Gastroparesis; Vomiting; Nausea,University of Aarhus,OTHER,Aalborg University Hospital; Aarhus University Hospital,"Effect of different gastric electrical stimulator stimulation paragdimes on brain, heart, and stomach.",DIAGNOSTIC_TEST,2024-09-02,2024.0,Denmark
NCT02699359,Indirect Intracranial Pressure Measurement in Patients With Suspected or Documented Concussion,UNKNOWN,NA,INTERVENTIONAL,Brain Concussion; Brain Injuries,HeadSense Medical,INDUSTRY,Akron Children's Hospital,HS-1000 recording,DEVICE,2015-05,2015.0,United States
NCT02763397,Deep Brain Stimulation (DBS) of the Nucleus Basalis of Meynert (NbM) in Patients With Parkinson's Disease,UNKNOWN,NA,INTERVENTIONAL,Cognitive Deficit,University Medical Center Groningen,OTHER,,NBM-DBS; DBS,DEVICE,2016-05,2016.0,
NCT03823482,Lidocaine and Perioperative Cytokine Levels in Blood and Cerebrospinal Fluid in Cerebral Aneurysm Patients,UNKNOWN,NA,INTERVENTIONAL,"Aneurysm, Cerebral",Clinical Hospital Centre Zagreb,OTHER,,Lidocaine,DRUG,2019-03-01,2019.0,Croatia
NCT06071091,Permanent Intracranial Stenting for Acute Ischemic Stroke Related to a Refractory Large Vessel Occlusion,ACTIVE_NOT_RECRUITING,NA,INTERVENTIONAL,Acute Ischemic Stroke,Assistance Publique - Hôpitaux de Paris,OTHER,,"Intracranial stenting; Optimal medical care, without additional endovascular procedures","DEVICE,OTHER",2023-11-08,2023.0,France
NCT03802760,Cerebral Microembolism in Cardiology,COMPLETED,NA,OBSERVATIONAL,Cerebral Embolism,"Insel Gruppe AG, University Hospital Bern",OTHER,,Transcranial Doppler (TCD) ultrasound measurement,DEVICE,2018-10-24,2018.0,Switzerland
NCT04976569,Neuromodulation of Sleep Architecture by STN-DBS in Parkinsonian Patients,UNKNOWN,NA,INTERVENTIONAL,Parkinson Disease; Sleep Disorder,Tsinghua University,OTHER,Beijing Tsinghua Changgeng Hospital,STN-DBS stimulation pattern change,DEVICE,2021-08-10,2021.0,China
NCT02917213,Imaging Silent Brain Infarct And Thrombosis in Acute Myocardial Infarction,COMPLETED,NA,OBSERVATIONAL,Myocardial Infarction; Acute Disease; Thrombosis; Heart Diseases; Stroke,Hospital General Universitario Gregorio Marañon,OTHER,,Doppler echocardiogram exam; Carotid duplex ultrasound exam; Cardiac MRI; Brain MRI; Reveal LINQ insertable cardiac monitoring system; Coagulation blood test; Transcranial Doppler monitoring,"OTHER,PROCEDURE",2016-09,2016.0,Spain
NCT01550523,Pilot Immunotherapy Trial for Recurrent Malignant Gliomas,COMPLETED,PHASE1,INTERVENTIONAL,Malignant Glioma of Brain,Sidney Kimmel Comprehensive Cancer Center at Thomas Jefferson University,OTHER,,IGF-1R/AS ODN; biodiffusion chamber,"DEVICE,DRUG",2012-02-09,2012.0,United States
NCT02719522,Pipeline Flex With SHield Technology Embolization - An International MulticEnter ObservationaL Post Market StuDy,COMPLETED,NA,OBSERVATIONAL,Intracranial Aneurysm,Medtronic Neurovascular Clinical Affairs,INDUSTRY,Medtronic Cardiac Rhythm and Heart Failure,Pipeline™ Flex Embolization Device with Shield Technology™,DEVICE,2016-03,2016.0,Australia; Denmark; Finland; France; Germany; Greece; Hungary; Israel; Italy; Spain; United Kingdom
NCT00206687,STEPS Trial - Spheramine Safety and Efficacy Study,TERMINATED,PHASE2,INTERVENTIONAL,Parkinson Disease,Bayer,INDUSTRY,Titan Pharmaceuticals,Spheramine (BAY86-5280); Placebo,"BIOLOGICAL,PROCEDURE",2003-01-08,2003.0,Germany; Spain; United States
NCT06083233,Role of Brain Specific Biomarkers in Hydrocephalus,COMPLETED,NA,OBSERVATIONAL,"Hydrocephalus, Normal Pressure; Biochemical Lesions Head Region; Brain Damage",University Hospital Hradec Kralove,OTHER,,Lumbar puncture; External lumbar drainage; Ventriculo-peritoneal shunt placement; Prechamber puncture; Blood sampling #1; Blood sampling #2; Blood sampling #3; Blood sampling #4 and #5,"DIAGNOSTIC_TEST,PROCEDURE",2023-11-01,2023.0,Czechia
NCT07330687,Neural Changes After Speech Therapy in Patients With Cleft Palate: A Brain Imaging Study,COMPLETED,NA,INTERVENTIONAL,Cleft Lip and/or Palate; Speech Disorder; Speech Therapy; Brain; Magnetic Resonance Imaging,Shufan Zhao,OTHER,Guangzhou Women and Children's Medical Center; Wenzhou Medical University; National Natural Science Foundation of China,Structured Speech Training for Decompensation,BEHAVIORAL,2019-01-06,2019.0,China
NCT04196933,Analysis of Vestibular Compensation Following Clinical Intervention for Vestibular Schwannoma,WITHDRAWN,NA,INTERVENTIONAL,Migraine; Vestibular Migraine; Vestibular Schwannoma; Motion Sickness; Dizziness; Vestibular Disorder,Massachusetts Eye and Ear Infirmary,OTHER,"National Institute on Deafness and Other Communication Disorders (NIDCD); Oregon Health and Science University; University of Geneva, Switzerland",Temporal Binding Adaptation - PSS training; Temporal Binding Adaptation - PSS adaptation with VI stimulation; Chronic Motion-modulated Stimulation,BEHAVIORAL,2019-09-05,2019.0,United States
NCT03386903,Acupuncture Regulates Default Mode Network of Chronic Insomnia Disorder Patients : A fMRI Study,UNKNOWN,NA,INTERVENTIONAL,Chronic Insomnia,Beijing Hospital of Traditional Chinese Medicine,OTHER,,Ture acupuncture; Sham acupuncture,DEVICE,2018-02-28,2018.0,China
NCT01750242,"Retrospective, Non-significant Risk, Deep Brain Stimulation (DBS) Care Management Software Feasibility Study",COMPLETED,NA,OBSERVATIONAL,Parkinson's Disease,MedtronicNeuro,INDUSTRY,,Medtronic DBS system,DEVICE,2012-11,2012.0,United States
NCT04812054,Dual Hypothermic Oxygenated Machine Perfusion in Liver Transplantation Using Allografts From Donors After Brain Death,UNKNOWN,NA,INTERVENTIONAL,Liver Cirrhosis; Liver Tumor; Liver Transplant Failure and Rejection,Medical University of Warsaw,OTHER,"National Science Centre, Poland",Hypothermic oxygenated machine perfusion; Simple cold storage,PROCEDURE,2021-04-05,2021.0,Poland
NCT04965727,Deep Brain Stimulation of the Lateral Hypothalamus to Augment Motor Function of Patients With Spinal Cord Injury,UNKNOWN,NA,INTERVENTIONAL,Deep Brain Stimulation; Neuro: Spinal Cord Injury,Jocelyne Bloch,OTHER,Ecole Polytechnique Fédérale de Lausanne,Device implantation,PROCEDURE,2021-06-14,2021.0,Switzerland
NCT03714269,Acute Effects of a Passive Stretching Session on the Mechanical Properties of Medial Gastrocnemius Muscle in Children With Cerebral Palsy,COMPLETED,NA,INTERVENTIONAL,Cerebral Palsy,Centre Hospitalier Universitaire de Saint Etienne,OTHER,,measurement evaluated with an isokinetic dynamometer; measurement evaluated with an 2D ultrasound; assessment of the level of discomfort,OTHER,2018-10-19,2018.0,France
NCT07097051,Multi-session Transcranial Alternating Current Stimulation to Improve Dual-task Standing and Brain Activity in Older Adults With Mild Cognitive Impairment,RECRUITING,PHASE2,INTERVENTIONAL,Mild Cognitive Impairment (MCI),High Point University,OTHER,Wake Forest University Health Sciences; Hebrew SeniorLife,real tACS; sham tACS,OTHER,2025-05-13,2025.0,United States
NCT04581941,Deep Brain Stimulation Effects in Essential Tremor,COMPLETED,NA,OBSERVATIONAL,Essential Tremor,University of Florida,OTHER,,,,2020-12-05,2020.0,United States
NCT07110454,Diagnosing Epilepsy To EffeCT Change Long-Term Follow-Up,RECRUITING,NA,OBSERVATIONAL,Epilepsy; Epilepsy (Treatment Refractory),"Epiminder America, Inc.",INDUSTRY,,Previous receipt of the Minder System (implantable continuous electroencephalographic (EEG) monitoring (iCEM) system),DEVICE,2026-06,2026.0,United States
NCT03387995,Safety and Efficacy of Stent Deployment for Intracranial Aneurysms (SESIA),COMPLETED,NA,OBSERVATIONAL,Treatment Outcome by Stent-assisted Embolization,Zhujiang Hospital,OTHER,"Nanfang Hospital, Southern Medical University; Guangdong Provincial People's Hospital; Beijing Tiantan Hospital; First Affiliated Hospital of Chongqing Medical University; The Affiliated Hospital Of Southwest Medical University; Guangdong 999 Brain Hospital; Eighth Affiliated Hospital, Sun Yat-sen University",LVIS stent; Solitaire stent; Enterprise stent; Neuroform stent; Flow diverter (FD) stent,DEVICE,2016-09-01,2016.0,China
NCT05970653,Effect of RIC on Cerebral Autoregulation in Patients Undergoing Cerebrovascular Stent Implantation,UNKNOWN,NA,INTERVENTIONAL,Remote Ischemic Conditioning,Yi Yang,OTHER,,Remote ischemic conditioning; Sham remote ischemic conditioning,PROCEDURE,2023-08-02,2023.0,China
NCT05377281,Feasibility and Safety of autoloGous UncondItioneD pEripheral Nerve Tissue Delivery to the Substantia Nigra (GUIDE),ACTIVE_NOT_RECRUITING,PHASE1,INTERVENTIONAL,Parkinson's Disease,"Craig van Horne, MD, PhD",OTHER,,Peripheral Nerve Tissue Implantation,PROCEDURE,2022-07-07,2022.0,United States
NCT03982888,Deep Brain Stimulation in Children With Autism,COMPLETED,NA,INTERVENTIONAL,Autism Spectrum Disorder; Self-Injurious Behavior,The Hospital for Sick Children,OTHER,,Deep Brain Stimulation; DBS,"DEVICE,PROCEDURE",2019-08-14,2019.0,Canada
NCT03642951,Multi-site Transcranial Magnetic Stimulation Therapy of the Supplementary Motor Area in Children With Tourette Syndrome,WITHDRAWN,NA,INTERVENTIONAL,Tourette Syndrome,Children's Mercy Hospital Kansas City,OTHER,The Methodist Hospital Research Institute; Cornell University,Active Treatment; Sham Treatment,DEVICE,2019-07-01,2019.0,United States
NCT05623306,SEEG-Guided DBS for OCD,RECRUITING,NA,INTERVENTIONAL,Obsessive-Compulsive Disorder,"Casey H. Halpern, M.D.",OTHER,Stanford University; University of Pennsylvania; Mayo Clinic; Boston Scientific Corporation; Medtronic,Stereoencephalography (SEEG); Deep Brain Stimulation (DBS),DEVICE,2023-04-13,2023.0,United States
NCT06121947,Safety and Efficacy Study of Implantable Neuromodulation for Poststroke Hemiplegia,NOT_YET_RECRUITING,NA,INTERVENTIONAL,Stroke Sequelae; Deep Brain Stimulation; Vagus Nerve Stimulation; Motor Recovery; Stroke; Hemiplegia,Chinese PLA General Hospital,OTHER,,The DBS electrodes are implanted into MLR.; The electrodes are implanted into the patient's vagus nerve,PROCEDURE,2023-11-10,2023.0,China
NCT04432285,Long-term Outcome of DBS Versus Botulinum Toxin Treatment in Cervical Dystonia,UNKNOWN,NA,OBSERVATIONAL,Cervical Dystonia,Oslo University Hospital,OTHER,,"DBS-device, implanted in GPi bilaterally; Botulinum toxin","DEVICE,DRUG",2020-08-06,2020.0,Norway
NCT01277952,Deep Brain Stimulation for Traumatic Brain Injury,COMPLETED,NA,INTERVENTIONAL,Traumatic Brain Injury,"Ali Rezai, MD",OTHER,,Deep Brain Stimulation,DEVICE,2011-01,2011.0,United States
NCT02509338,Validation of the Implantation of a New Electrode for the Treatment of Dystonia,TERMINATED,NA,INTERVENTIONAL,Generalized Dystonia; Segmental Dystonia; Tardive Dystonia,"University Hospital, Montpellier",OTHER,,Electrode deep brain stimulation (Monopolar DBS Lead Model 09064-40cm),DEVICE,2013-10,2013.0,France
NCT02541773,Novel Vascular Biomarkers Behaviour and Clinical Value in Heart Failure and CRT,UNKNOWN,NA,OBSERVATIONAL,Chronic Heart Failure,University Hospitals Coventry and Warwickshire NHS Trust,OTHER,Medtronic,Cardiac Resynchronisation Therapy,DEVICE,2013-11,2013.0,United Kingdom
NCT01883973,MER Versus MRI Guidance DBS in Parkinson's Disease,COMPLETED,NA,OBSERVATIONAL,Idiopathic Parkinson's Disease (PD),Baylor College of Medicine,OTHER,,,,2011-05,2011.0,United States
NCT00798512,Diffusion Weighted-MRI Based Evaluation of the Effectiveness of Endovascular Clamping During Carotid Artery Stenting With the Mo.Ma Device.,COMPLETED,NA,INTERVENTIONAL,Carotid Artery Disease; Stroke Prevention,Invatec S.p.A.,INDUSTRY,,Carotid artery stenting,DEVICE,2008-02,2008.0,Germany; Italy; Poland
NCT07103681,White Matter Distortion and Dementia Biomarkers in Normal Pressure Hydrocephalus (NPH),RECRUITING,NA,OBSERVATIONAL,Normal Pressure Hydrocephalus,Imperial College London,OTHER,"Medical Research Council; Michael J. Fox Foundation for Parkinson's Research; University College, London; University of Edinburgh; King's College London",Ventriculoperitoneal Shunt (VP); Brain and Skin Biopsy; MRI Brain,"DIAGNOSTIC_TEST,PROCEDURE",2025-03-25,2025.0,United Kingdom
NCT02424929,Asleep Versus Awake Deep Brain Stimulation Surgery,COMPLETED,NA,INTERVENTIONAL,Parkinson's Disease,Providence Medical Research Center,OTHER,,Sedation; Original Surgery,PROCEDURE,2015-04,2015.0,United States
NCT03857529,Improving Stroke Motor Control With Non-invasive Brain Stimulation and Functional Electrical Stimulation,RECRUITING,NA,INTERVENTIONAL,Stroke; Rehabilitation; Hand,MetroHealth Medical Center,OTHER,,transcranial direct current stimulation and electrical stimulator,DEVICE,2019-08-01,2019.0,United States
NCT03422757,Safety and Efficacy of Adaptive DBS Vs Conventional DBS in Patients With Parkinson's Disease,TERMINATED,NA,INTERVENTIONAL,Parkinson Disease,Newronika,INDUSTRY,,adaptive Deep Brain Stimulation; conventional Deep Brain Stimulation,DEVICE,2017-06-01,2017.0,Italy
NCT01298830,GLP-1 CellBeads® for the Treatment of Stroke Patients With Space-occupying Intracerebral Hemorrhage,TERMINATED,"PHASE1,PHASE2",INTERVENTIONAL,Intracerebral Hemorrhage (ICH),"CellMed AG, a subsidiary of BTG plc.",INDUSTRY,,GLP-1 CellBeads,DRUG,2008-10,2008.0,Germany
NCT01898429,Deep Brain Stimulation (DBS) for Treatment-Resistant Depression (TRD),COMPLETED,NA,INTERVENTIONAL,"Treatment Resistant Depression; Depressive Disorder, Treatment-Resistant; Depression, Bipolar",Paul Holtzheimer,OTHER,,SCC DBS,DEVICE,2013-07,2013.0,United States
NCT05708729,"Neuromodulation for Central Post-stroke Pain: Mechanism, Safety and Outcome",UNKNOWN,NA,INTERVENTIONAL,Central Post-stroke Pain; CPSP,Universitaire Ziekenhuizen KU Leuven,OTHER,,MCS surgery for CPSP; Vc-DBS surgery for CPSP,DEVICE,2023-01-24,2023.0,Belgium
NCT02731443,The Impact of Epilepsy Surgery on Dream Content,COMPLETED,NA,OBSERVATIONAL,Dream Content,London Health Sciences Centre,OTHER,,Epilepsy surgery; Depth electrodes insertion,PROCEDURE,2016-03,2016.0,Canada
NCT05289804,Diminishing Accelerated Long-term Forgetting in Mild Cognitive Impairment,COMPLETED,"PHASE1,PHASE2",INTERVENTIONAL,Mild Cognitive Impairment; Memory Impairment; Memory Disorders in Old Age,"University of Dublin, Trinity College",OTHER,Alzheimer's Association,NITESGON; Lidocaine / Prilocaine Topical Cream; C5/C6 stimulation; Sham NITESGON,"DEVICE,DRUG",2022-09-01,2022.0,Ireland
NCT07056348,Long-term Brain Stimulation of the Motor Ventral Thalamus (VOP/VIM) to Improve Motor Function,RECRUITING,NA,INTERVENTIONAL,"Traumatic Brain Injury; Stroke; Brain Disease; Movement Disorders (Incl Parkinsonism); Central Nervous System Disease; Essential Tremor, Movement Disorders; Essential Tremor of Voice",Jorge Gonzalez-Martinez,OTHER,,Deep Brain Stimulation (DBS) of the Motor Thalamus,DEVICE,2022-05-10,2022.0,United States
NCT03347955,Double-blind Placebo Surgery Trial for Treatment of Parkinson's Disease,COMPLETED,NA,INTERVENTIONAL,Parkinson Disease; Surgery,University of Denver,OTHER,,Neural implantation group; Sham surgery,PROCEDURE,1994-11,1994.0,United States
NCT07506330,The SENSE Study: Surgical ENvironment Stress Evaluation,ENROLLING_BY_INVITATION,NA,OBSERVATIONAL,Stress,"University College, London",OTHER,,total joint arthroplasty; total joint arthroplasty,PROCEDURE,2026-04-01,2026.0,United Kingdom
NCT04325165,DBS of PPN to Improve Walking in Chronic SCI Patients,WITHDRAWN,NA,INTERVENTIONAL,Spinal Cord Injuries; Spinal Injuries; Spinal Fractures,"University Health Network, Toronto",OTHER,Toronto Rehabilitation Institute,DBS Implantation,DEVICE,2015-06-30,2015.0,
NCT06888219,Somatic and Ear Acupuncture for Dysphagia Rehabilitation and Decannulation After Severe Acquired Brain Injuries,ENROLLING_BY_INVITATION,NA,INTERVENTIONAL,Brain Injury; Cognitive Impairment; Deglutition Disorder,Fondazione Don Carlo Gnocchi ETS,OTHER,,Acupuncture and Auricolotherapy; Conventional logopedic rehabilitation,OTHER,2024-11-25,2024.0,Italy
NCT05936307,Externalization and Stimulation,UNKNOWN,NA,INTERVENTIONAL,Healthy Participants,Hôpital le Vinatier,OTHER,,"High-definition transcranial direct current (HD-tDCS), active condition; High-definition transcranial direct current (HD-tDCS), placebo condition",PROCEDURE,2024-01-16,2024.0,France
NCT05774782,Parent Artery Reconstruction for Cerebral Aneurysms Using a Novel Flow Diverter With Surface Modification,COMPLETED,NA,INTERVENTIONAL,Cerebral Aneurysm; Cerebral Aneurysm Unruptured,Sinomed Neurovita Technology Inc.,INDUSTRY,"Xuanwu Hospital, Beijing",Cerebral flow diverter,DEVICE,2023-03-27,2023.0,China
NCT00431561,Phase IIb Clinical Trial With TGF-β2 Antisense Compound AP 12009 for Recurrent or Refractory High-grade Glioma,COMPLETED,PHASE2,INTERVENTIONAL,Glioblastoma; Anaplastic Astrocytoma,Isarna Therapeutics GmbH,INDUSTRY,,AP 12009 10 µM; AP 12009 80 µM; temozolomide or PCV; Drug delivery system for administration of AP 12009; Placement of Drug Delivery System,"DEVICE,DRUG,PROCEDURE",2003-04,2003.0,Austria; Georgia; Germany; India; Israel; Russia
NCT01899170,Towards Individualized Deep Brain Stimulation Treatment of Chronic Neuropathic Pain,TERMINATED,PHASE2,INTERVENTIONAL,Neuralgia,University of Aarhus,OTHER,Stanford University; California Pacific Medical Center Research Institute,"Deep brain stimulation; Cervel Neurotech, Multi-coil TMS; 11C-Carfentanil","DEVICE,DRUG,PROCEDURE",2014-04-01,2014.0,Denmark
NCT03360942,Long Term Follow-up of Deep Brain Stimulation for Treatment-Resistant Depression,TERMINATED,NA,INTERVENTIONAL,"Treatment Resistant Depression; Depressive Disorder, Treatment-Resistant; Depression, Bipolar",Dartmouth-Hitchcock Medical Center,OTHER,,SCC DBS,DEVICE,2016-04-18,2016.0,United States
NCT01221948,Vercise Implantable Stimulator for Treating Parkinson's Disease,COMPLETED,PHASE2,INTERVENTIONAL,Idiopathic Parkinson's Disease,Boston Scientific Corporation,INDUSTRY,,Deep Brain Stimulation,DEVICE,2010-10,2010.0,Austria; France; Germany; Italy; Spain; United Kingdom
NCT01728350,Improving Well-Being After TBI Through Structured Volunteer Activity,COMPLETED,NA,INTERVENTIONAL,Traumatic Brain Injury,Craig Hospital,OTHER,,HOPE - Helping Others through Purpose and Engagement,BEHAVIORAL,2013-04,2013.0,United States
NCT06325852,Directional Bilateral Thalamic Patterned Stimulation (Chronos),RECRUITING,NA,INTERVENTIONAL,Essential Tremor,Alfonso Fasano,OTHER,Boston Scientific Corporation,DBS programing,OTHER,2024-07-16,2024.0,Canada
NCT01811589,Guided Application of Ventricular Catheters,COMPLETED,NA,INTERVENTIONAL,Hydrocephalus,Aesculap AG,INDUSTRY,,Thomale-Guide; Free-hand,"DEVICE,OTHER",2013-05,2013.0,Germany
NCT04919785,Deep Brain Stimulation in Severe Obsessive-compulsive Disorder,COMPLETED,NA,INTERVENTIONAL,Obsessive-Compulsive Disorder,"University Hospital, Umeå",OTHER,,Deep brain stimulation,DEVICE,2008-09,2008.0,
NCT06096207,DBS for Depression,RECRUITING,PHASE1,INTERVENTIONAL,Treatment Resistant Depression,Northwell Health,OTHER,Medtronic,Medtronic SenSight Directional DBS lead,DEVICE,2023-10-18,2023.0,United States
NCT01569711,Deep Brain Stimulation of Nucleus Accumbens for Chronic and Resistant Major Depressive Disorder,COMPLETED,NA,OBSERVATIONAL,"Major Depressive Disorder, Recurrent, Unspecified",Rennes University Hospital,OTHER,,Deep brain stimulation of nucleus accumbens,PROCEDURE,2009-02,2009.0,France
NCT06778135,Neocortical Microarchitecture of Executive Function,RECRUITING,NA,INTERVENTIONAL,Parkinson Disease,"University of Colorado, Denver",OTHER,National Institute on Deafness and Other Communication Disorders (NIDCD),Temporary implatation of large-scale intracranial electrode.; brain electrode,"DEVICE,PROCEDURE",2025-07-25,2025.0,United States
NCT04061135,"Neurophysiological, Behavioral, and Cognitive Networks in Movement Disorders",RECRUITING,NA,INTERVENTIONAL,Movement Disorders,University of Alabama at Birmingham,OTHER,,Response Inhibition and Deep Brain Stimulation in Parkinson's disease,PROCEDURE,2019-09-01,2019.0,United States
NCT01642147,Cerebral Blood Perfusion Changes After General Anesthesia for Craniotomy,COMPLETED,NA,INTERVENTIONAL,Brain Neoplasms; Surgery; Hyperemia,Huashan Hospital,OTHER,,Transcranial Doppler (TCD); jugular venous bulb catheterization; Tumor removal surgery under general anesthesia; Radial artery catheterization; Abdominal surgery under general anesthesia,"DEVICE,PROCEDURE",2012-11,2012.0,China
NCT03366935,Combined Implementation of Dural Puncture Epidural and Programmed Intermittent Epidural Bolus for Labor Analgesia,COMPLETED,NA,INTERVENTIONAL,Labor Pain; Labor Analgesia,Shanghai First Maternity and Infant Hospital,OTHER,,EPL and CEI; DPE and CEI; DPE and PIEB,OTHER,2017-10-10,2017.0,China
NCT01734733,Open-label Investigation of the Safety and Clinical Effects of NTCELL in Patients With Parkinson's Disease,COMPLETED,"PHASE1,PHASE2",INTERVENTIONAL,Parkinson's Disease,Living Cell Technologies,INDUSTRY,,NTCELL,OTHER,2013-07-12,2013.0,New Zealand
NCT02826200,Rule Out Transcatheter Aortic Valve Thrombosis With Post Implantation Computed Tomography (RETORIC),UNKNOWN,PHASE4,INTERVENTIONAL,Prosthetic Cardiac Valve Thrombosis; Cerebrovascular Accident; Prosthetic Valve Malfunction,Semmelweis University Heart and Vascular Center,OTHER,,Acenocoumarol; Standard of care,"DRUG,OTHER",2016-07,2016.0,Hungary
NCT05283265,Neurophysiological Mechanisms of Language Comprehension,RECRUITING,NA,INTERVENTIONAL,Language Disorders,University of Alabama at Birmingham,OTHER,National Institute on Deafness and Other Communication Disorders (NIDCD),Sentence Type; Direct brain stimulation,"BEHAVIORAL,OTHER",2022-04-08,2022.0,United States
NCT05873816,The PROTEMBO Trial,COMPLETED,NA,INTERVENTIONAL,Severe Aortic Valve Stenosis,Protembis GmbH,INDUSTRY,,ProtEmbo - Cerebral Embolic Protection; Sentinel - Cerebral Embolic Protection,DEVICE,2024-03-21,2024.0,Germany; Poland; United States
NCT00784914,"A Feasibility, Dose-Escalation Study Using Intracerebral Microdialysis to Assess the Neuropharmacodynamics of Temsirolimus in Patients With Primary or Metastatic Brain Tumors",COMPLETED,PHASE1,INTERVENTIONAL,Brain and Central Nervous System Tumors; Metastatic Cancer,City of Hope Medical Center,OTHER,National Cancer Institute (NCI),temsirolimus; pharmacological study; cytokine levels,"DRUG,OTHER",2008-06,2008.0,United States
NCT04014621,Augmenting Cerebral Blood Flow to Preserve the Penumbra Trial,UNKNOWN,NA,INTERVENTIONAL,Ischemic Stroke,BrainsGate,INDUSTRY,,SPG stimulation,DEVICE,2019-10-20,2019.0,Georgia
NCT04996277,A Prospective Evaluation of Clinical Impact of Physiology Versus Optical Coherence Tomography Guided PCI in STEMI Patients Without Undergoing Primary PCI,UNKNOWN,NA,INTERVENTIONAL,ST Elevation Myocardial Infarction,"CCRF Inc., Beijing, China",INDUSTRY,Abbott Medical Devices,angiography; Thrombus suction; Fibrinolytic therapy; Medication stabilized the condition,"BEHAVIORAL,PROCEDURE",2021-07-31,2021.0,
NCT02235792,High Frequency Oscillations in Neurologic Disease,COMPLETED,PHASE1,INTERVENTIONAL,Parkinson; Epilepsy,Mayo Clinic,OTHER,,Activa PC+S,DEVICE,2014-07,2014.0,United States
NCT02483663,Brain Regulation of Appetite in Twins,COMPLETED,NA,OBSERVATIONAL,Obesity; Appetite,University of Washington,OTHER,Fred Hutchinson Cancer Center; Columbia University,Functional Magnetic Resonance Imaging; Dual Energy X-ray absorptiometry; Questionnaires; Mood and Appetite Ratings; Test Meals; Computer Tests; Intravenous Catheter (IV) placement,"DEVICE,OTHER,PROCEDURE,RADIATION",2010-08,2010.0,United States
NCT06208176,HD-tDCS for Hallucinations,NOT_YET_RECRUITING,NA,INTERVENTIONAL,Schizophrenia; Hallucinations,Hôpital le Vinatier,OTHER,,"High-definition transcranial direct current (HD-tDCS), active condition; High-definition transcranial direct current (HD-tDCS), sham condition",PROCEDURE,2024-02-28,2024.0,France
NCT04642612,Cerebral Blood Flow Evaluation With Trancranial Doppler After Interscalene Nerve Block,TERMINATED,NA,OBSERVATIONAL,Regional Anesthesia; Horner Syndrome; Cerebral Blood Flow,Stanford University,OTHER,,TCD Measurement,DEVICE,2021-03-04,2021.0,United States
NCT07550699,Clinical Investigation to Validate the Safety and Performance of Integrating Functional Electrical Stimulation Into the ABLE Exoskeleton,ACTIVE_NOT_RECRUITING,NA,INTERVENTIONAL,Acquired Brain Injury (Including Stroke); Spinal Cord Injury; Multiple Sclerosis,ABLE Human Motion S.L.,INDUSTRY,therapy2people GmbH,ABLE Exoskeleton with Functional Electrical Stimulation (ABLE FES),DEVICE,2026-04-20,2026.0,Austria
NCT05197816,MotIoN aDaptive Deep Brain Stimulation for MSA,COMPLETED,NA,INTERVENTIONAL,MSA - Multiple System Atrophy,University of Oxford,OTHER,Oxford University Hospitals NHS Trust,Deep brain stimulation,DEVICE,2021-12-03,2021.0,United Kingdom
NCT02006433,Treatment of Pain and Autonomic Dysreflexia in Spinal Cord Injury With Deep Brain Stimulation,COMPLETED,NA,INTERVENTIONAL,Pain; Autonomic Dysreflexia,Jonathan Jagid,OTHER,United States Department of Defense,Deep Brain Stimulation,DEVICE,2013-12,2013.0,United States
NCT06344260,Neural Stem Cell Treatment for Amyotrophic Lateral Sclerosis (STEMALS),RECRUITING,PHASE2,INTERVENTIONAL,Amyotrophic Lateral Sclerosis,Casa Sollievo della Sofferenza IRCCS,OTHER,"Ministry of Health, Italy",human Neural Stem Cells (hNSC); Saline (Placebo),PROCEDURE,2024-01-25,2024.0,Italy
NCT06799923,Possibilities of Use MRI-Guided Laser Interstitial Thermal Therapy in Medically Intractable Tremor,RECRUITING,NA,INTERVENTIONAL,Laser Interstitial Thermal Therapy; Parkinson Disease; Essential Tremor; Movement Disorders; MRI,"Centre Hospitalier Universitaire, Amiens",OTHER,"University Hospital, Rouen; University Hospital, Caen; Central Hospital Saint Quentin",laser electrode,PROCEDURE,2024-08-01,2024.0,France
NCT06328842,Effect of Multifunctional Nutrition Tube on Cerebral Small Vessel Disease Patients,UNKNOWN,NA,INTERVENTIONAL,Cerebral Small Vessel Diseases,Copka Sonpashan,OTHER_GOV,,Intermittent Oro-esophageal Tube Feeding; Nasogastric Tube Feeding,DEVICE,2024-03,2024.0,
NCT01748708,Evaluating the Efficacy of Magnetic Seizure Therapy in Treatment Resistant Depression.,WITHDRAWN,NA,INTERVENTIONAL,Depressive Disorder,Centre for Addiction and Mental Health,OTHER,Canadian Institutes of Health Research (CIHR),Magnetic seizure therapy; Electroconvulsive therapy,DEVICE,2016-12,2016.0,Canada
NCT06199778,Effect of Intermittent Oro-esophageal Tube Feeding on Severe Traumatic Brain Injury Patients With Tracheostomy,TERMINATED,NA,INTERVENTIONAL,Traumatic Brain Injury,Zeng Changhao,OTHER,,Rehabilitation therapy; Intermittent Oro-esophageal Tube Feeding; Nasogastric tube feeding; Reserpine; Levofloxacin,"BEHAVIORAL,DEVICE,DRUG",2022-06-01,2022.0,China
NCT05065450,Amygdala Memory Enhancement,RECRUITING,NA,INTERVENTIONAL,Brain Diseases; Epilepsy; Memory Disorders; Traumatic Brain Injury; Cognitive Impairment; Post Traumatic Stress Disorder,Washington University School of Medicine,OTHER,,Intracranial Stimulation,DEVICE,2021-11-01,2021.0,United States
NCT00003463,Carmustine Wafers Plus Irinotecan in Treating Patients With Recurrent Supratentorial High Grade Gliomas,COMPLETED,PHASE1,INTERVENTIONAL,Brain and Central Nervous System Tumors,Duke University,OTHER,National Cancer Institute (NCI),carmustine; irinotecan hydrochloride; polifeprosan 20 with carmustine implant; surgical procedure,"DRUG,PROCEDURE",1998-07,1998.0,United States
NCT06116279,First-in-human Experience Using Novel Ultraflexible Low-impedance Electrode Arrays: an IDEAL Stage 1 Study,UNKNOWN,NA,INTERVENTIONAL,Epilepsy; Focal Cortical Dysplasia,Great Ormond Street Hospital for Children NHS Foundation Trust,OTHER,,Insertion of electrode during planned neurosurgery for epilepsy,DEVICE,2024-02-01,2024.0,United Kingdom
NCT00053040,Immunotoxin Therapy in Treating Children With Recurrent Malignant Gliomas,WITHDRAWN,"PHASE1,PHASE2",INTERVENTIONAL,Brain and Central Nervous System Tumors,Pediatric Brain Tumor Consortium,NETWORK,National Cancer Institute (NCI),cintredekin besudotox; conventional surgery,"BIOLOGICAL,PROCEDURE",2005-10,2005.0,
NCT03379220,Spreading Depolarizations in Traumatic Brain Injury,COMPLETED,NA,OBSERVATIONAL,Traumatic Brain Injury,University of Cincinnati,OTHER,U.S. Army Medical Research and Development Command,,,2017-03-28,2017.0,United States
NCT05976074,A Study of Wearable Device in Essential Tremor Patients,ENROLLING_BY_INVITATION,NA,INTERVENTIONAL,Essential Tremor,Mayo Clinic,OTHER,,Apple Watch; BrainRISE app,"DEVICE,OTHER",2023-07-07,2023.0,United States
NCT05996900,Investigating the Neural Mechanisms of Repetitive Brain Stimulation With Invasive and Noninvasive Electrophysiology in Humans,RECRUITING,NA,INTERVENTIONAL,Major Depressive Disorder; Epilepsy,Stanford University,OTHER,University of Iowa; Massachusetts General Hospital; National Institute of Mental Health (NIMH),Intracranial electrodes; TMS,DEVICE,2023-09-01,2023.0,United States
NCT04653012,Multi-level Approach of Brain Activity Using Intracranial Electrodes in Epileptic Patients,RECRUITING,NA,INTERVENTIONAL,"Focal Epilepsy; Electrodes, Implanted; Cognitive Function; Neurophysiology","Institut National de la Santé Et de la Recherche Médicale, France",OTHER_GOV,,Intracranial macro-microelectrode recording,DEVICE,2021-02-28,2021.0,France
NCT06360991,DBS for Treatment-resistant Obsessive-compulsive Disorder,NOT_YET_RECRUITING,NA,INTERVENTIONAL,Obsessive-Compulsive Disorder (OCD),"Xuanwu Hospital, Beijing",OTHER,,Deep brain stimulation (DBS),DEVICE,2024-04-20,2024.0,China
NCT07748091,EEG Microstate Parameters and Neuroinflammatory Biomarkers in Patients With Treatment-Resistant Major Depressive Disorder Receiving ECT,RECRUITING,NA,OBSERVATIONAL,Major Depression Moderate; Major Depression Severe; Major Depression With Comorbid Anxiety Symptoms; Major Depression With Panic Attacks; Major Depression With Psychotic Features; Major Depressive Episode; Major Depressive Disorder (MDD; Major Depression,Istanbul University - Cerrahpasa,OTHER,,Electroconvulsive Therapy,DEVICE,2026-01-01,2026.0,Turkey (Türkiye)
NCT03795935,Relief From Side Effects: Clinical Use of Electrodes With Direction,UNKNOWN,NA,INTERVENTIONAL,Deep Brain Stimulation; Directional Lead; Essential Tremor,University of British Columbia,OTHER,Boston Scientific Corporation,No side-effect stimulator settings with directional lead,OTHER,2018-09-17,2018.0,Canada
NCT01833364,Autologous Peripheral Nerve Grafts Into the Substantia Nigra of Subjects With PD Undergoing Deep Brain Stimulation,COMPLETED,NA,INTERVENTIONAL,Parkinson's Disease,"Craig van Horne, MD, PhD",OTHER,University of Kentucky,Implantation of the Peripheral Nerve Graft,PROCEDURE,2013-04,2013.0,United States
NCT07678164,A Randomized Trial of Carotid Artery Stenting With Balloon Guide Catheter,NOT_YET_RECRUITING,NA,INTERVENTIONAL,Carotid Artery Stenosis,Hebei General Hospital,OTHER,,Balloon Guide Catheter; Filter,DEVICE,2026-07-01,2026.0,
NCT04152993,Responsive Neurostimulation for Post-Traumatic Stress Disorder,UNKNOWN,EARLY_PHASE1,INTERVENTIONAL,Post-Traumatic Stress Disorder,VA Greater Los Angeles Healthcare System,FED,"University of California, Los Angeles",NeuroPace® RNS® System,DEVICE,2021-03-22,2021.0,United States
NCT02438033,Characterizing the Specificity and Stability of Local Field Potentials in the Globus Pallidus Internus of Patients Undergoing Deep Brain Stimulation for Parkinson's Disease,WITHDRAWN,PHASE1,INTERVENTIONAL,Parkinson's Disease,Nader Pouratian,OTHER,Medtronic,Medtronic Activa PC+S Sensing Deep Brain Stimulator Generator,DEVICE,2015-09,2015.0,
NCT05926843,Spinal Cord Stimulation Assisted by Motor Rehabilitation Training for Restoring Motor Function After Spinal Cord Injury,UNKNOWN,NA,INTERVENTIONAL,Spinal Cord Injuries,IRCCS San Raffaele,OTHER,Scuola Superiore di Studi Universitari e di Perfezionamento Sant'Anna,Spinal cord stimulation surgery (device) and motor rehabilitation,PROCEDURE,2023-04-19,2023.0,Italy
NCT03043391,Phase 1b Study PVSRIPO for Recurrent Malignant Glioma in Children,COMPLETED,PHASE1,INTERVENTIONAL,Malignant Glioma; Anaplastic Astrocytoma; Anaplastic Oligoastrocytoma; Anaplastic Oligodendroglioma; Glioblastoma; Gliosarcoma; Atypical Teratoid/Rhabdoid Tumor of Brain; Medulloblastoma; Ependymoma; Pleomorphic Xanthoastrocytoma of Brain; Embryonal Tumor of Brain,"Istari Oncology, Inc.",INDUSTRY,Solving Kids' Cancer; The Andrew McDonough B+ Foundation; Duke University,Polio/Rhinovirus Recombinant (PVSRIPO),BIOLOGICAL,2017-11-07,2017.0,United States
NCT02253498,The Safety and Efficacy of Long-term Treatment of PINS Stimulator System for Tourette Syndrome,UNKNOWN,EARLY_PHASE1,INTERVENTIONAL,Tourette Syndrome,"Beijing Pins Medical Co., Ltd",INDUSTRY,Beijing Tiantan Hospital,deep brain stimulation (DBS),DEVICE,2016-12,2016.0,
NCT07325487,Interposed Nucleus aDBS for Ataxia,RECRUITING,NA,INTERVENTIONAL,Spinocerebellar Ataxia (SCA); Spinocerebellar Ataxia Type 6,University of Florida,OTHER,Raynor Cerebellum Project,Deep Brain Stimulation,DEVICE,2026-06-02,2026.0,United States
NCT07116109,"Neuromodulation + Prolonged Exposure Therapy: Evaluation of a Technology-Enhanced, Integrated Treatment for Pain and PTSD",RECRUITING,NA,INTERVENTIONAL,Chronic Pain; Post Traumatic Stress Disorder (PTSD),"The University of Texas Health Science Center, Houston",OTHER,United States Department of Defense,Transcranial Direct Current Stimulation (tDCS); Massed-Prolonged Exposure (PE); Sham Transcranial Direct Current Stimulation (tDCS),"BEHAVIORAL,DEVICE",2025-07-01,2025.0,United States
NCT03024333,Effect of Different Viscous Foods and Liquids on Swallowing Sounds,COMPLETED,NA,OBSERVATIONAL,Deglutition Disorder,University of Nebraska,OTHER,,,OTHER,2017-05-08,2017.0,United States
NCT01446549,Motor Performance in Parkinson's Disease After High Intensive Exercise or Deep Brain Stimulation,COMPLETED,NA,INTERVENTIONAL,Parkinson's Disease,University of Copenhagen,OTHER,Hvidovre University Hospital; Bispebjerg Hospital; Danish Parkinson Association,High intensive antigravity locomotor exercise; Deep Brain Stimulation,"OTHER,PROCEDURE",2010-07,2010.0,Denmark
NCT07320599,"Neuroendoscopic Surgery With Ommaya Reservoir Implantation vs. Burr Hole Drainage for Infantile Postmeningitis Subdural Lesions: Superior Efficacy, Critical Impact of Surgical Timing, and Pathogenic Bacteria as Risk Factors for Progression",NOT_YET_RECRUITING,NA,OBSERVATIONAL,Meningitis,Shengjing Hospital,OTHER,,Endoscopic Subdural Fluid Collection Evacuation & Ommaya Reservoir Implantation,PROCEDURE,2026-03-01,2026.0,
NCT04917003,Safety and Efficacy of Remote Ischemic Conditioning Combined EDAS on Ischemic Moyamoya Disease,UNKNOWN,NA,INTERVENTIONAL,Moyamoya Disease,Capital Medical University,OTHER,Beijing 302 Hospital,RIC plus EDAS; EDAS,OTHER,2021-06-15,2021.0,China
NCT02383654,Compassionate Treatment : An Exploratory Clinical Trial to Assess Treatment of Amyotrophic Lateral Sclerosis,COMPLETED,PHASE1,INTERVENTIONAL,Amyotrophic Lateral Sclerosis,China Medical University Hospital,OTHER,,Autologous Adipose-Tissue Derived Stem Cells,PROCEDURE,2015-01,2015.0,Taiwan
NCT05994261,Cereset Research Long-Term Healthcare Worker Study,COMPLETED,NA,INTERVENTIONAL,Stress; Anxiety; Autonomic Dysregulation; Acoustic Stimulation; Hyperarousal; Health Personnel,Wake Forest University Health Sciences,OTHER,"The Susanne Marcus Collins Foundation, Inc.",Cereset Research,DEVICE,2023-11-06,2023.0,United States
NCT01061983,Electrical Stimulation of the Internal Capsule for Intractable Obsessive-compulsive Disorder (OCD),COMPLETED,PHASE2,INTERVENTIONAL,Obsessive-Compulsive Disorder,Butler Hospital,OTHER,Medtronic,Medtronic Activa Deep Brain Stimulation,DEVICE,2001-01,2001.0,United States
NCT07435610,Acupuncture Therapy for Pediatric Disorders of Gut-Brain Interaction,RECRUITING,NA,INTERVENTIONAL,Disorders of Gut-brain Interaction,Children's Hospital of Orange County,OTHER,,Active Therapeutic acupuncture intervention; Sham therapeutic acupuncture treatment,OTHER,2026-01-08,2026.0,United States
NCT03843827,Randomized Comparative Study Between Classic Laryngeal Mask Airway and I Gel Airway in Obese Patients Having BMI 35-40 During Elective Non Abdominal Surgery.,COMPLETED,NA,INTERVENTIONAL,LMA Vs I Gel,Cairo University,OTHER,,Laryngeal Mask Airway; I gel Airway,DEVICE,2019-03-09,2019.0,Egypt
NCT01295970,Surgery Versus Radiosurgery for the Treatment of Single Brain Metastases,WITHDRAWN,NA,INTERVENTIONAL,Patients With a Single Brain Metastasis,"University Health Network, Toronto",OTHER,,Surgery; Stereotactic Radiosurgery,PROCEDURE,2011-04,2011.0,
NCT02377375,Deep Brain Stimulation (DBS) for Obsessive Compulsive Disorder (OCD): Improving Targeting Precision,UNKNOWN,NA,INTERVENTIONAL,Obsessive-Compulsive Disorder,Universitaire Ziekenhuizen KU Leuven,OTHER,,Micro-assisted technique; Standard technique,PROCEDURE,2015-01,2015.0,Belgium
NCT06761365,LUMENS-1 EU EFS CIP,RECRUITING,NA,INTERVENTIONAL,Aneurysm Cerebral; Bifurcation; Unruptured Intracranial Aneurysm; Saccular Aneurysm; Brain Aneurysm,LuSeed Vascular LTD.,INDUSTRY,,LuSeed Aneurysm Embolization System,DEVICE,2024-10-07,2024.0,Bulgaria; Germany; Israel; Poland
NCT05915000,CSF Protein Markers as Prognostic Indicators of the Response to CSF Shunt in Normotensive Hydrocephalus,RECRUITING,NA,OBSERVATIONAL,Beta-amiloid and Phospho-tau Proteins in CSF; Ventricular Size After CSF Shunt; Cognitive Impairment and CSF Shunt; Motor Impairment Evolution After CSF Shunt,University of Valencia,OTHER,,Lumbar CSF protein marker determination,DIAGNOSTIC_TEST,2019-06-13,2019.0,Spain
NCT07647315,Wireless Implantable Mandarin Chinese Speech Neuroprosthesis Evaluation,NOT_YET_RECRUITING,NA,INTERVENTIONAL,Speech Disorder,"Shanghai StairMed Technology Co., Ltd.",INDUSTRY,,WRS,DEVICE,2026-06-30,2026.0,China
NCT00045721,Carmustine Implants and O(6)-Benzylguanine in Treating Children With Recurrent Malignant Glioma,TERMINATED,PHASE1,INTERVENTIONAL,Brain and Central Nervous System Tumors,Pediatric Brain Tumor Consortium,NETWORK,National Cancer Institute (NCI),O6-benzylguanine; polifeprosan 20 with carmustine implant; adjuvant therapy; conventional surgery; neoadjuvant therapy,"DRUG,PROCEDURE",2003-03,2003.0,United States
NCT00004892,O6-Benzylguanine and Carmustine Implants in Treating Patients With Recurrent Malignant Glioma,COMPLETED,PHASE1,INTERVENTIONAL,Brain and Central Nervous System Tumors,National Cancer Institute (NCI),NIH,,O6-benzylguanine; polifeprosan 20 with carmustine implant; conventional surgery,"DRUG,PROCEDURE",2000-04,2000.0,United States
NCT05204472,Thalamic-Burst-DBS for Neuropathic Pain,RECRUITING,NA,INTERVENTIONAL,Central Post-stroke Pain; Neuropathic Pain,"Insel Gruppe AG, University Hospital Bern",OTHER,,Burst DBS; Tonic DBS,DEVICE,2022-09-01,2022.0,Switzerland
NCT05445999,A Preliminary Study of Model-driven Individualized Transcranial Electrical Stimulation for Insomnia,COMPLETED,NA,INTERVENTIONAL,Insomnia,Shanghai Mental Health Center,OTHER,,High-Definition transcranial electrical stimulation,DEVICE,2023-01-01,2023.0,China
NCT06396494,An Automated Navigation System for Deep Brain Electrode Implantation,UNKNOWN,NA,OBSERVATIONAL,Advanced Parkinson's Disease; Refractory Epilepsy; Obsessive-compulsive Disorder,Beijing Tiantan Hospital,OTHER,,,,2024-01-01,2024.0,China
NCT03874611,Electrophysiology of Brain Activity During Electrode Implantation in Patients Treated With Deep Brain Stimulation,UNKNOWN,NA,INTERVENTIONAL,Parkinson Disease; Obsessive-Compulsive Disorder; Epilepsy; Depression,"University Hospital, Grenoble",OTHER,,electrophysiological data from DBS,OTHER,2011-04-13,2011.0,France
NCT00196911,STN-Stimulation Versus Best Medical Treatment in Advanced PD,COMPLETED,PHASE3,INTERVENTIONAL,Parkinson's Disease,German Parkinson Study Group (GPS),OTHER,,Implantation of stimulation electrodes in the STN,PROCEDURE,2001-01,2001.0,Germany
NCT05974033,IntraCranial Angiography-derived Fraction Flow-guided Percutaneous Transluminal Angioplasty and Stenting Versus Medical Therapy (ICAS-MT),NOT_YET_RECRUITING,NA,INTERVENTIONAL,ICAS - Intracranial Atherosclerosis,Changhai Hospital,OTHER,,Stenting plus medical therapy; Medical therapy alone,"COMBINATION_PRODUCT,DRUG",2023-08,2023.0,
NCT04057911,A Trial of Non-invasive Stimulation in Cervical Dystonia,UNKNOWN,NA,INTERVENTIONAL,Cervical Dystonia,"Western University, Canada",OTHER,,Active NIBS; Sham NIBS,DEVICE,2019-09,2019.0,Canada
NCT05173610,Stereotactic Ablative Radiotherapy for Oligometastatic Hepatocellular Carcinoma,UNKNOWN,PHASE2,INTERVENTIONAL,Oligometastasis Hepatocellular Carcinoma,Yonsei University,OTHER,,Radiation: Stereotactic body radiotherapy (SBRT),RADIATION,2021-09-28,2021.0,South Korea
NCT02623218,Translational Research Examining Acupuncture Treatment in Traumatic Brain Injury,COMPLETED,NA,INTERVENTIONAL,Traumatic Brain Injury,AOMA Graduate School of Integrative Medicine,OTHER,,Acupuncture; Sham Acupuncture,DEVICE,2015-11,2015.0,United States
NCT02320955,Swiss Prospective Autologous Bone Flap Resorption Study,TERMINATED,NA,OBSERVATIONAL,Brain Edema,University of Zurich,OTHER,,Reimplantation of cryoconserved bone flap,PROCEDURE,2015-01,2015.0,Switzerland
NCT02823158,Bilateral Pallidal Stimulation in Patients With Advanced Parkinson's Disease-LATESTIM,TERMINATED,NA,INTERVENTIONAL,Central Nervous System Disease; Basal Ganglia Disease; Movement Disorders; Neurodegenerative Disorders; Parkinson Disease,"Insel Gruppe AG, University Hospital Bern",OTHER,Boston Scientific Corporation,Deep brain stimulation (DBS) of Globus Pallidus internus (GPi) and Best medical treatment (BMT); Best medical treatment,PROCEDURE,2016-09,2016.0,Switzerland
NCT06782308,Tinnitus Patient Preferences Survey,RECRUITING,NA,OBSERVATIONAL,"Tinnitus, Subjective; Tinnitus, Bilateral; Tinnitus, Noise Induced; Tinnitus, Hearing Loss, Cochlear Implant Users",Nicolas Gninenko,INDUSTRY,,Survey using a questionnaire.,OTHER,2025-01-13,2025.0,United States
NCT02589925,Combined Subthalamic and Nucleus Basalis Meynert Deep Brain Stimulation for Parkinson's Disease With Dementia,UNKNOWN,NA,INTERVENTIONAL,Parkinson Disease; Dementia,Wuerzburg University Hospital,OTHER,,Vercise deep brain stimulation; subthalamic nucleus (STN) stimulation; NBM stimulation; sham stimulation,"DEVICE,PROCEDURE",2016-10,2016.0,Germany
NCT05418374,Effects of Continuous Versus Single Dose Spinal Anesthesia in Octagenerians Undergoing Hip Surgery,UNKNOWN,NA,INTERVENTIONAL,Octagenerian Population Undergoing Hip Surgeries,Ain Shams University,OTHER,,Continous Spinal Anestheisa,PROCEDURE,2022-02-01,2022.0,Egypt
NCT04242680,tRNS Combined to Cognitive Training in Children With Dyscalculia,UNKNOWN,NA,INTERVENTIONAL,Developmental Dyscalculia,Bambino Gesù Hospital and Research Institute,OTHER,,Brainstim DLPFC; Brainstim PPC; Brainstim Sham; Cognitive Training,"BEHAVIORAL,DEVICE",2019-09-02,2019.0,Italy
NCT07544043,Transradial vs Transfemoral Group-Randomized Efficacy and Safety Trial for Cerebral Angiography,NOT_YET_RECRUITING,NA,INTERVENTIONAL,Cerebrovascular Disease,Gansu Provincial Maternal and Child Health Care Hospital,OTHER,,Cerebral Angiography via the Transfemoral Approach; Cerebral Angiography via the Transradial Approach,PROCEDURE,2026-05-01,2026.0,
NCT04068337,Freestyle Prosthesis for Aortic Root-replacement With and Without Hemiarch Replacement,COMPLETED,NA,OBSERVATIONAL,Aortic Aneurysm; Aortic Dissection; Endocarditis; Root Abscess; Valve Heart Disease,Triemli Hospital,OTHER,,Aortic root replacement with Freestyle biological prosthesis with and without hemiarch replacement,PROCEDURE,2018-08-01,2018.0,Switzerland
NCT02401308,Trial Comparing Functional Outcomes of Awake vs. Asleep Deep Brain Stimulation (DBS) for Parkinson's Disease,TERMINATED,NA,INTERVENTIONAL,Parkinson's Disease,"St. Joseph's Hospital and Medical Center, Phoenix",OTHER,,Deep Brain Stimulation surgery,PROCEDURE,2015-01-15,2015.0,United States
NCT07518290,Remotely Supervised Home-based Transcranial Temporal Interference Stimulation on Motor Symptoms in Parkinson's Disease,RECRUITING,NA,INTERVENTIONAL,PARKINSON DISEASE (Disorder); Motor Symptoms,Shanghai University of Sport,OTHER,,Home-based Transcranial Temporal Interference Stimulation (HB-TIS),DEVICE,2026-04-04,2026.0,China
NCT06248970,The Effect of Intermittent Oro-esophageal Tube Feeding on Severe Traumatic Brain Injury Patients With Tracheostomy,TERMINATED,NA,INTERVENTIONAL,Traumatic Brain Injury,Zeng Changhao,OTHER,,Rehabilitation therapy; Intermittent Oro-esophageal Tube Feeding; Nasogastric tube feeding,"BEHAVIORAL,DEVICE",2022-06-01,2022.0,China
NCT01905995,Basal Ganglia Local Field Potentials in Gait and Speech,UNKNOWN,NA,OBSERVATIONAL,Basal Ganglia Diseases,Kai Bötzel,OTHER,Medtronic; Lueneburg Heritage,,,2013-07,2013.0,Germany
NCT05145283,Recombinant Human C1 Esterase Inhibitor (Conestat Alfa) in the Prevention of Acute Ischemic Cerebral and Renal Events After Transcatheter Aortic Valve Implantation,COMPLETED,PHASE2,INTERVENTIONAL,Acute Ischemic Stroke; Acute Renal Injury,"University Hospital, Basel, Switzerland",OTHER,Swiss National Science Foundation; Pharming Technologies B.V.,Conestat alfa (Ruconest®); NaCl 0.9%),DRUG,2022-03-16,2022.0,Switzerland
NCT04406805,TMAO in Patients With Severe Aortic Stenosis,UNKNOWN,NA,OBSERVATIONAL,Aortic Stenosis; Heart Failure,Medical University of Warsaw,OTHER,,Measurement of plasma and urine trimethylamine-N-oxide concentration,DIAGNOSTIC_TEST,2019-01-15,2019.0,Poland
NCT02282072,PINS Stimulator System for Deep Brain Stimulation of the Nucleus Accumbens to Treat Severe Opioid Addiction,UNKNOWN,EARLY_PHASE1,INTERVENTIONAL,Opioid Addiction,"Beijing Pins Medical Co., Ltd",INDUSTRY,Beijing Tiantan Hospital,Deep brain stimulation：PINS Stimulation System,DEVICE,2016-12,2016.0,China
NCT05418894,Mapping and Modulating the Spatiotemporal Dynamics of Socio-Affective Processing,RECRUITING,NA,INTERVENTIONAL,Treatment Resistant Depression; Epilepsy,Baylor College of Medicine,OTHER,,Device: Directional Deep Brain Stimulation,DEVICE,2022-04-01,2022.0,United States
NCT05342883,GammaTile and Stupp in Newly Diagnosed GBM,ACTIVE_NOT_RECRUITING,PHASE4,INTERVENTIONAL,Glioblastoma,"GT Medical Technologies, Inc.",INDUSTRY,,"Surgical tumor resection, GammaTile radiation therapy implantation, Stupp protocol (EBRT and Temozolamide)",DEVICE,2022-08-17,2022.0,United States
NCT07210268,Temporal Interference Methods for Addiction Treatment,RECRUITING,NA,INTERVENTIONAL,Nicotine Use Disorder; Substance Use Disorders,Indiana University,OTHER,National Institute on Drug Abuse (NIDA),TI-NDBS; Sham TI-NDBS,DEVICE,2026-01-22,2026.0,United States
NCT07523191,Validation of Presence-IP1.0 for Detection of Consciousness Using Reduced-Montage TMS-EEG,RECRUITING,NA,INTERVENTIONAL,Sleep,"University of Wisconsin, Madison",OTHER,"National Institute of Neurological Disorders and Stroke (NINDS); Intrinsic Powers, Inc",TMS combined with EEG; Presence-IP1.0,DEVICE,2026-03-18,2026.0,United States
NCT02191618,The WEB-IT Clinical Study,COMPLETED,NA,INTERVENTIONAL,Wide Neck Bifurcation Intracranial Aneurysms; Intracranial Aneurysms,"Microvention-Terumo, Inc.",INDUSTRY,,WEB,DEVICE,2014-08,2014.0,Canada; Denmark; Germany; Hungary; Turkey (Türkiye); United States
NCT05209438,Cereset Research for Caregivers,RECRUITING,NA,INTERVENTIONAL,Caregivers,Wake Forest University Health Sciences,OTHER,"Memory Counseling Program general fund; Heidi Munger-Clary, MD; Hossam Shaltout, PhD; Sean Simpson, PhD; Christina Hugenschmidt, PhD; Mia Yang, MD",Cereset Research,DEVICE,2022-06-16,2022.0,United States
NCT05900908,Post-operative Adjuvant Therapy w/wo GammaTile + Systemic Therapy,WITHDRAWN,PHASE4,INTERVENTIONAL,Glioblastoma,"GT Medical Technologies, Inc.",INDUSTRY,,Gamma Tile-Surgically Targeted Radiation Therapy (STaRT); Stereotactic Radiation Therapy,"DEVICE,RADIATION",2025-05,2025.0,
NCT05095259,Metabolic Adaptation to High-frequent Hypoglycaemia in Type 1 Diabetes,UNKNOWN,NA,INTERVENTIONAL,Type1diabetes,Nordsjaellands Hospital,OTHER,Danish Research Centre for Magnetic Resonance; University of Copenhagen; Steno Diabetes Center Copenhagen,insulin human; Epinephrin; Muscle biopsy; Adipose tissue biopsy; Glucagon; IPRO 2 Medtronic Minimed; 7 Tesla (7T) Magnetic Resonance Imaging; Indirect Calorimetry using Jaeger Oxycon Champion; Core temperature and thermography using Thermovision SC645; Freestyle Libre 2,"DEVICE,DRUG,PROCEDURE",2019-12-16,2019.0,Denmark
NCT02231645,Subthalamic Deep Brain Stimulation Effects on Decision-making Processing in Patients With Parkinson's Disease,COMPLETED,NA,INTERVENTIONAL,Parkinson's Disease,"Fondazione IRCCS Ca' Granda, Ospedale Maggiore Policlinico",OTHER,"IRCCS National Neurological Institute ""C. Mondino"" Foundation",STN DBS,DEVICE,2013-05,2013.0,
NCT03457675,Development of Adaptive Deep Brain Stimulation for OCD (Phase 1a),ACTIVE_NOT_RECRUITING,NA,INTERVENTIONAL,Obsessive-Compulsive Disorder,Baylor College of Medicine,OTHER,University of Pittsburgh; Brown University; Carnegie Mellon University; National Institute of Neurological Disorders and Stroke (NINDS); Medtronic,Activa PC+S DBS implant for OCD; One Month Blinded Discontinuation Period,"DEVICE,OTHER",2018-07-11,2018.0,United States
NCT03868670,Responsive Neurostimulation For Loss Of Control Eating,ACTIVE_NOT_RECRUITING,NA,INTERVENTIONAL,"Loss of Control Eating; Obesity, Morbid",University of Pennsylvania,OTHER,NeuroPace,responsive neurostimulation,DEVICE,2019-04-10,2019.0,United States
NCT02046941,Brain Biomarkers of Response to Treatment for Apraxia of Speech,COMPLETED,NA,INTERVENTIONAL,Aphasia; Stroke,VA Office of Research and Development,FED,,Speech Production Treatment,BEHAVIORAL,2014-03-01,2014.0,United States
NCT07671261,SEEG-Guided DBS for Schizophrenia,RECRUITING,NA,INTERVENTIONAL,Schizophrenia Disorders; Schizo Affective Disorder,Ruijin Hospital,OTHER,,SEEG implantation; Deep brain stimulation,"DEVICE,PROCEDURE",2025-08-17,2025.0,China
NCT01721460,Effects of Dexmedetomidine on Activity in the Subthalamic Nucleus,COMPLETED,PHASE4,INTERVENTIONAL,Parkinson's Disease; Deep Brain Stimulation Surgery,"University of Wisconsin, Madison",OTHER,,Dexmedetomidine,DRUG,2012-11,2012.0,United States
NCT07518927,Mapping LIFU Responses Using iEEG Recordings,ENROLLING_BY_INVITATION,NA,INTERVENTIONAL,"Low Intensity Focussed Ultrasound; Electrodes, Implanted",University of Pennsylvania,OTHER,,Low Intensity Focused Ultrasound,DEVICE,2026-03-04,2026.0,United States
NCT07592611,Deep Brain Stimulation for Treatment-Resistant Schizophrenia,NOT_YET_RECRUITING,NA,INTERVENTIONAL,Treatment Resistant Disorders,Johns Hopkins University,OTHER,,Medtronic Percept with SensSight Deep Brain Stimulation System,DEVICE,2026-09-01,2026.0,United States
NCT06705855,A Comparison of Renal vs Limb NIRS for Predicting Cardiac Surgery Associated Acute Kidney Injury,RECRUITING,NA,OBSERVATIONAL,NIRS; Cardiac Surgery Associated - Acute Kidney Injury; Cardiac Surgery Requiring Cardiopulmonary Bypass; AKI - Acute Kidney Injury,University of Utah,OTHER,,NIRS sensor placement,DEVICE,2025-05-29,2025.0,United States
NCT06867809,Spine and Brain Stimulation for Movement Recovery After Cervical Spinal Cord Injury,RECRUITING,NA,INTERVENTIONAL,Spinal Cord Injury; Spinal Cord Injury Cervical,Jason Carmel,OTHER,National Institute of Neurological Disorders and Stroke (NINDS),Epidural spinal cord stimulation and paired spine and brain stimulation,DEVICE,2026-01-15,2026.0,United States
NCT07771036,Hippocampal Temporal Interference Stimulation for Memory and Dual-Task Postural Control in Older Adults With Mild Cognitive Impairment,RECRUITING,NA,INTERVENTIONAL,Mild Cognitive Impairment (MCI),Shanghai University of Sport,OTHER,,Temporal Interference Stimulation,DEVICE,2026-07-30,2026.0,China
NCT07380477,VentricuLostomy AssoCiaTed InfeCtions (LACTIC): Focus on CSF Lactate and Sampling Site,RECRUITING,NA,OBSERVATIONAL,Acute Brain Injury; Hydrocephalus; External Ventricular Drain; External Ventricular Drainage Associated Infection,"Rigshospitalet, Denmark",OTHER,,Sampling of blood and cerebrospinal fluid,OTHER,2025-01-15,2025.0,Denmark
NCT06532539,Cadonilimab With Chemoradiation for Recurrent and Oligometastatic Endometrial Carcinoma,RECRUITING,PHASE2,INTERVENTIONAL,"Endometrial Neoplasms; Neoplasm Recurrence, Local; Neoplasm Metastasis",Shandong Cancer Hospital and Institute,OTHER,,Paclitaxel and Cisplatin; Cadonilimab; Radiotherapy,"DRUG,RADIATION",2024-06-13,2024.0,China
NCT01210781,Target Planning for Placement of DBS-electrodes and Follow-up of the Clinical Efficacy of Stimulation,UNKNOWN,NA,OBSERVATIONAL,Movement Disorders; Epilepsy,University of Zurich,OTHER,,deep brain stimulation (DBS),PROCEDURE,2009-09,2009.0,Switzerland
NCT05884619,Efficacy and Safety of Dual-target Deep Brain Stimulation for Treatment-resistant Alcohol Use Disorder,UNKNOWN,NA,INTERVENTIONAL,Alcohol Use Disorder; Deep Brain Stimulation,Second Xiangya Hospital of Central South University,OTHER,"Shanghai Mental Health Center; Huashan Hospital; Shanghai 6th People's Hospital; SceneRay Corporation, Limited",Dual-target deep brain stimulation,DEVICE,2023-08-14,2023.0,China
NCT02722720,Carotid Arteries Stenting Complications: Transradial Approach Versus Transfemoral,COMPLETED,NA,INTERVENTIONAL,Carotid Atherosclerosis; Carotid Stenosis; Ischemic Attack; Stroke; Bleeding,Meshalkin Research Institute of Pathology of Circulation,NETWORK,,Transradial carotid artery stenting; Transfemoral carotid artery stenting,PROCEDURE,2015-09,2015.0,Russia
NCT04222582,Effects of Transcranial Direct Current Stimulation (tDCS) on Persistent Auditory Verbal Hallucinations in Schizophrenia,UNKNOWN,NA,INTERVENTIONAL,"Auditory Hallucination, Verbal",University of Ottawa,OTHER,The Royal Ottawa Mental Health Centre,Transcranial direct current stimulation (tDCS),DEVICE,2019-01-01,2019.0,Canada
NCT04131127,Sentinel Low Risk Registry,COMPLETED,NA,OBSERVATIONAL,Aortic Valve Stenosis,CVPath Institute Inc.,OTHER,Boston Scientific Corporation,Sentinel Device,DEVICE,2020-01-07,2020.0,United States
NCT02989610,Clinical Evaluation of the Infinity Deep Brain Stimulation System,COMPLETED,NA,OBSERVATIONAL,Parkinson Disease,Abbott Medical Devices,INDUSTRY,,Omnidirectional stimulation; Directional stimulation,DEVICE,2017-01-31,2017.0,Australia; Belgium; Germany; Italy; Poland; Spain; United Kingdom; United States
NCT03600740,Advancing Pre-operative Targeting for Deep Brain Stimulation in the Globus Pallidus Internus,TERMINATED,NA,INTERVENTIONAL,Parkinson Disease,Mayo Clinic,OTHER,,DBS Programming,DEVICE,2018-08-17,2018.0,United States
NCT07424508,Movement State-dependent Adaptive DBS for PD,ENROLLING_BY_INVITATION,NA,INTERVENTIONAL,Parkinson's Disease (PD),"Doris Wang, MD, PhD",OTHER,Michael J. Fox Foundation for Parkinson's Research; Burroughs Wellcome,Summit RC+S; Summit RC+S,DEVICE,2026-02-04,2026.0,United States
NCT01274832,Prospective Study to Compare Results of STN-DBS Between Early Treated and Late-treated PD Patient,UNKNOWN,NA,OBSERVATIONAL,Parkinson's Disease; DBS; Deep Brain Stimulation; STN,A.O. Ospedale Papa Giovanni XXIII,OTHER,Associazione Italiana Parkinsoniani (AIP)- Sezione Bergamo,Deep Brain Stimulation,DEVICE,2011-02,2011.0,Italy
NCT00004421,Deep Brain Stimulation in Treating Patients With Dystonia,COMPLETED,"PHASE2,PHASE3",INTERVENTIONAL,Dystonia,Icahn School of Medicine at Mount Sinai,OTHER,,implanted pulse generator,DEVICE,1997-09,1997.0,United States
NCT03950492,Feasibility of Deep Brain Stimulation as a Novel Treatment for Refractory Opioid Use Disorder,ACTIVE_NOT_RECRUITING,NA,INTERVENTIONAL,Opioid-Related Disorders,West Virginia University,OTHER,National Institute on Drug Abuse (NIDA); Medtronic,Deep Brain Simulator,DEVICE,2019-09-30,2019.0,United States
NCT02875964,Definition of Links Between Non-invasives Methods and Intracerebral EEG With Simultaneous Recordings.,COMPLETED,NA,INTERVENTIONAL,Epilepsy,Assistance Publique Hopitaux De Marseille,OTHER,,electroencephalogram; magnetoencephalogram,DEVICE,2012-10,2012.0,France
NCT06271421,NanoTherm In Adjuvant Therapy of Glioblastoma Multiforme,RECRUITING,NA,INTERVENTIONAL,Glioblastoma Multiforme,Poznan University of Medical Sciences,OTHER,MagForce USA,NanoTherm therapy; Glioma Resection; radiotherapy according to Stupp protocol; chemotherapy according to Stupp protocol,"DEVICE,DRUG,PROCEDURE,RADIATION",2024-01-01,2024.0,Poland
NCT01973764,Intraventricular Drain Insertion: Comparison of Ultrasound-guided and Landmark-based Puncture of the Ventricular System,TERMINATED,NA,INTERVENTIONAL,Hydrocephalus; Intracranial Hypertension,"Insel Gruppe AG, University Hospital Bern",OTHER,,Ultrasound guided ventricular drain insertion; landmark-based ventricular drain insertion,PROCEDURE,2013-11,2013.0,Switzerland
NCT06201598,"Prospective, Single-Arm, Multicenter Study to Evaluate the Effectiveness and Safety of Endovascular Treatment in Patients With Cerebral Aneurysms Using P64 and P48 Flow-Diverter Stents",RECRUITING,NA,OBSERVATIONAL,Cerebral Aneurysm; Thromboembolic Disease,Hospital Universitario Central de Asturias,OTHER,,Group 1 - Intervention 1,DEVICE,2024-01-12,2024.0,Spain
NCT05864534,Phase 2a Immune Modulation With Ultrasound for Newly Diagnosed Glioblastoma,RECRUITING,PHASE2,INTERVENTIONAL,"Newly Diagnosed Glioblastoma; Glioblastoma, Isocitric Dehydrogenase (IDH)-Wildtype; Gliosarcoma; Glioblastoma Multiforme",Northwestern University,OTHER,Agenus Inc.; CarThera,Balstilimab; Botensilimab; Liposomal Doxorubicin; Sonocloud-9 (SC-9),"DEVICE,DRUG",2024-01-19,2024.0,United States
NCT03767192,"Implant for Augmentation of Cerebral Blood Flow Trial, Effectiveness and Safety in a 24 Hour Window (ImpACT-24A)",TERMINATED,NA,INTERVENTIONAL,Acute Ischemic Stroke,BrainsGate,INDUSTRY,,Active Stimulation; Sham Stimulation,DEVICE,2009-01,2009.0,Germany; Spain; United States
NCT03714854,Study of Motor Control Mechanisms in DBS-implanted Parkinson's Disease Patients,TERMINATED,NA,INTERVENTIONAL,Parkinson Disease,"University Hospital, Grenoble",OTHER,,transcranial magnetic stimulation,DEVICE,2018-12-05,2018.0,France
NCT02940483,Infusion of 5-Azacytidine (5-AZA) Into the Fourth Ventricle in Children With Recurrent Posterior Fossa Ependymoma,COMPLETED,EARLY_PHASE1,INTERVENTIONAL,Brain Tumor Recurrent,"The University of Texas Health Science Center, Houston",OTHER,,5-Azacytidine,DRUG,2017-02-01,2017.0,United States
NCT05204537,The Role of Surgery in Patients With Coronavirus Disease - 19 (COVID-19) Related Thoracic Complications,COMPLETED,NA,OBSERVATIONAL,"Surgical Complication; COVID-19; Pneumothorax; Empyema, Pleural; Abscess; Hemothorax; Thoracic",University of Milano Bicocca,OTHER,Azienda Ospedaliera San Gerardo di Monza,Lung parenchyma resection; Empyemectomy,PROCEDURE,2020-03-01,2020.0,Brazil; India; Italy; United Kingdom; United States
NCT03951272,The Efficacy and Safety of Lyoplant® Onlay in Repairing Cerebral Dura Mater,UNKNOWN,NA,INTERVENTIONAL,Replacement and Extension of Connective Tissue Structure in Neurosurgery,B. Braun Medical International Trading Company Ltd.,INDUSTRY,,Lyoplant® Onlay/DURAFORM™ Dural Graft Implant,DEVICE,2018-07-24,2018.0,China
NCT03086031,Manual-Based Vocational Rehabilitation Program for Patients With Acquired Brain Injury,UNKNOWN,NA,INTERVENTIONAL,Brain Injuries,"Brain Injury Center BOMI, Roskilde, Denmark",OTHER,"University of Copenhagen; Rigshospitalet, Denmark; Hospital de Cruces",Program -based vocational rehabilitation intervention; Conventional vocational rehabilitation (controls),BEHAVIORAL,2017-08,2017.0,
NCT03832712,The Swedish Essential Tremor (SWEET) Trial,RECRUITING,NA,INTERVENTIONAL,Essential Tremor,Karolinska Institutet,OTHER,"Umeå University; Uppsala University; Lund University; University Hospital, Linkoeping; Göteborg University",Deep Brain Stimulation; Best Medical Treatment,"DRUG,PROCEDURE",2018-06-30,2018.0,Sweden
NCT06248892,The Effect of Oral and Nasal Feeding on Cerebral Small Vessel Disease,UNKNOWN,NA,INTERVENTIONAL,Cerebral Small Vessel Diseases,Zeng Changhao,OTHER,,Nasogastric Tube Feeding; Intermittent Oro-esophageal Tube Feeding; comprehensive rehabilitation therapy,"BEHAVIORAL,DEVICE",2024-02-15,2024.0,Thailand
NCT05577598,Glucose Consumption During Deep Brain Stimulation With Functional [18F]FDG-Brain-PET in Obsessive-Compulsive Disorder,RECRUITING,NA,INTERVENTIONAL,Obsessive-Compulsive Disorder; Psychiatric Disorder,Medical University of Vienna,OTHER,,Implantation of a DBS therapy system,DEVICE,2022-04-01,2022.0,Austria
NCT03638284,Non-invasive Brain Stimulation Using Transcranial Direct Current Stimulation for Neuropsychiatric Symptoms of Dementia,COMPLETED,NA,INTERVENTIONAL,"Dementia; Alzheimer, Mixed Type (Etiology)",Centre for Addiction and Mental Health,OTHER,,Transcranial Direct Current Stimulation,DEVICE,2018-07-05,2018.0,Canada
NCT03733236,Safety and Effectiveness Evaluation of the ISS System in Treatment of Acute Ischemic Stroke,COMPLETED,NA,INTERVENTIONAL,Ischemic Stricture of Intestine,BrainsGate,INDUSTRY,,ISS Active Stimulation,DEVICE,2006-07-06,2006.0,India
NCT03834857,SWITCH: Stentrode First-in-Human Study of Implantable BCI for Control of a Digital Device,COMPLETED,NA,INTERVENTIONAL,Neurologic Disorder,Synchron Australia Pty Ltd.,INDUSTRY,,Stentrode,DEVICE,2019-05-27,2019.0,Australia
NCT07543367,INdependence Through Endovascular Neuroprosthetic Technology (INTENT): an Early Feasibility Study,RECRUITING,NA,INTERVENTIONAL,Neurological Disorder; ALS (Amyotrophic Lateral Sclerosis); Motor Neuron Disease; ALS - Amyotrophic Lateral Sclerosis; ALS,"Synchron, Inc.",INDUSTRY,,Stentrode,DEVICE,2026-04,2026.0,United States
NCT05414422,"A Randomized, Placebo-Controlled, Double-Blind Study to Assess Safety and Efficacy of PCN-101 in TRD",COMPLETED,PHASE2,INTERVENTIONAL,Treatment Resistant Depression,Perception Neuroscience,INDUSTRY,Precision For Medicine; IQVIA Biotech,PCN-101; Placebo,DRUG,2022-02-01,2022.0,Germany; Poland; United States
NCT06140706,Feasibility of Home Based Transcutaneous Spinal Cord Stimulation for Persons With SCI,NOT_YET_RECRUITING,NA,INTERVENTIONAL,Tetraplegia,VA Palo Alto Health Care System,FED,"ONWARD Medical, Inc.",transcutaneous Spinal Cord Stimulation (tSCS),BEHAVIORAL,2025-09-01,2025.0,United States
NCT07147296,ARC-IM System to Manage Symptomatic Blood Pressure Instability Secondary to Chronic Spinal Cord Injury,RECRUITING,NA,INTERVENTIONAL,Spinal Cord Injuries; Blood Pressure Disorders,"ONWARD Medical, Inc.",INDUSTRY,,ARC-IM System Implantation; ARC-IM Therapy (Group 1); ARC-IM Therapy (Group 2),"DEVICE,PROCEDURE",2025-10-17,2025.0,Canada; United States
NCT05284201,LIFT Home Study of Non-Invasive ARC Therapy for Spinal Cord Injury,COMPLETED,NA,INTERVENTIONAL,Chronic Spinal Cord Injury,"ONWARD Medical, Inc.",INDUSTRY,,LIFT System,DEVICE,2022-03-03,2022.0,United States
NCT04697472,The Up-LIFT Study of Non-Invasive ARC Therapy for Spinal Cord Injury,COMPLETED,NA,INTERVENTIONAL,Chronic Spinal Cord Injury,"ONWARD Medical, Inc.",INDUSTRY,,LIFT System,DEVICE,2021-01-08,2021.0,Canada; Netherlands; United Kingdom; United States
NCT06494020,Task Practice and Spinal Cord Stimulation,RECRUITING,NA,INTERVENTIONAL,Spinal Cord Injury Cervical; Spastic,University of Miami,OTHER,"ONWARD Medical, Inc.; United States Department of Defense",Task Practice combined with Transcutaneous Spinal Cord Stimulation( TcSCS),OTHER,2024-09-01,2024.0,United States
NCT05941819,ARC Therapy to Restore Hemodynamic Stability and Trunk Control in People With Spinal Cord Injury,UNKNOWN,NA,INTERVENTIONAL,Spinal Cord Injury; Orthostatic Hypotension,"ONWARD Medical, Inc.",INDUSTRY,,ARC-IM Thoracic System implantation,DEVICE,2023-09-05,2023.0,Netherlands
NCT07684794,Regulated Stimulation for Optimized Network Activity and Therapeutic Equilibrium - Maintenance,NOT_YET_RECRUITING,NA,INTERVENTIONAL,Major Depressive Disorder (MDD),"Motif Neurotech, Inc.",INDUSTRY,,Motif XCS System,DEVICE,2026-08-10,2026.0,
NCT00158067,Study of an External Responsive Neurostimulator System on Epileptiform Activity,COMPLETED,PHASE2,INTERVENTIONAL,Epilepsy,NeuroPace,INDUSTRY,,external Responsive Neurostimulator (eRNS) System,DEVICE,2002-03,2002.0,United States
NCT05339126,RNS System LGS Feasibility Study,ACTIVE_NOT_RECRUITING,PHASE2,INTERVENTIONAL,"Epilepsy; Lennox Gastaut Syndrome; Lennox-Gastaut Syndrome, Intractable; Seizures; Seizures, Generalized",NeuroPace,INDUSTRY,National Institute of Neurological Disorders and Stroke (NINDS); University of Florida,RNS System,DEVICE,2022-10-04,2022.0,United States
NCT06228001,Holter of Movement in Patients With Amyotrophic Lateral Sclerosis.,RECRUITING,NA,OBSERVATIONAL,Amyotrophic Lateral Sclerosis,Centre Hospitalier Universitaire de Liege,OTHER,SYSNAV,Actimyo,DEVICE,2023-05-01,2023.0,Belgium; Egypt
NCT07071935,A Clinical Trial of Early Ventilation in Amyotrophic Lateral Sclerosis (EVENT ALS),RECRUITING,PHASE2,INTERVENTIONAL,Amyotrophic Lateral Sclerosis (ALS); Chronic Respiratory Failure; Neuromuscular Disease Patients; Neuromuscular Disease; Respiratory Insufficiency; Respiratory Insufficiency Requiring Mechanical Ventilation; Positive Pressure Ventilation; Non-invasive Ventilation; Non-invasive Ventilation Support; Non-invasive Ventilatory Support,University of Pennsylvania,OTHER,United States Department of Defense,Non-invasive ventilation,DEVICE,2026-06-11,2026.0,United States
NCT07595666,Comparison of NeuroEXPLORER PET/CT Versus Standard-of-care PET/CT of the Head and Neck Region.,ENROLLING_BY_INVITATION,NA,INTERVENTIONAL,Dementia; Movement Disorders; ALS - Amyotrophic Lateral Sclerosis; Epilepsy; Brain Tumors; Pituitary Adenoma; Large Vessel Vasculitis; Head and Neck Tumors; Parathyroid Adenomas; Neuroblastoma; PARKINSON DISEASE (Disorder); Lewy Body Dementia; Alzheimer s Disease; Fronto-temporal Dementia,prof. dr. Koen Van Laere,OTHER,KU Leuven,Standard-of-care PET/CT; NeuroEXPLORER,DEVICE,2025-09-30,2025.0,Belgium
NCT04882904,Continuous Measurement of Activity in Patients With Muscle Pathology and in Control Subjects. ActiSLA Part.,RECRUITING,NA,INTERVENTIONAL,Amyotrophic Lateral Sclerosis,Centre Hospitalier Universitaire de Liege,OTHER,SYSNAV; Centre Hospitalier Régional de la Citadelle,Actimyo°,DEVICE,2020-09-25,2020.0,Belgium
NCT05328492,Volume Mode Non-invasive Ventilation in Amyotrophic Lateral Sclerosis,UNKNOWN,NA,INTERVENTIONAL,"Amyotrophic Lateral Sclerosis; Respiratory Failure; Respiratory Insufficiency; Sleep-Disordered Breathing; Neuro-Degenerative Disease; Neuron Disease, Motor; Nervous System Diseases; Neuromuscular Diseases",University Hospitals Coventry and Warwickshire NHS Trust,OTHER,,iVAPS-AE; ST-mode,DEVICE,2022-03-15,2022.0,United Kingdom
NCT01641965,Impact of Early Non Invasive Ventilation in Amyotrophic Lateral Sclerosis (ALS) Patients,COMPLETED,NA,INTERVENTIONAL,Amyotrophic Lateral Sclerosis,Hospital Universitari de Bellvitge,OTHER,Fondo de Investigacion Sanitaria,Home pressure ventilator model Vivo 40 (BREAS Medical AB),DEVICE,2012-04,2012.0,Spain
NCT06881979,High-Tech Rehabilitation Pathway for Chronic Adult Neuromuscular Diseases - Fit4MedRob-Chronic MND Project,RECRUITING,NA,INTERVENTIONAL,Amyotrophic Lateral Sclerosis; Chronic Inflammatory Demyelinating Neuropathy; Charcot-Marie-Tooth Disease,Istituti Clinici Scientifici Maugeri SpA,OTHER,Ospedale Policlinico San Martino; Azienda Ospedaliero-Universitaria di Modena; Fondazione Don Carlo Gnocchi ETS,High-tech rehabilitative treatment; Rehabilitation,"DEVICE,OTHER",2025-04-28,2025.0,Italy
NCT02313402,A New Eye-based Communication Device for ALS Patients,COMPLETED,NA,INTERVENTIONAL,Amyotrophic Lateral Sclerosis,Assistance Publique - Hôpitaux de Paris,OTHER,"National Research Agency, France",EOL (Eye On Line),DEVICE,2014-06,2014.0,France
NCT01154283,Study of Standard Noninvasive Positive Pressure Ventilation (NIPPV) and Low Expiratory Pressure NIPPV in ALS Patients,COMPLETED,NA,INTERVENTIONAL,Amyotrophic Lateral Sclerosis,Kirsten Gruis,OTHER,ALS Association,"Viasys® Healthcare, Pulmonetic Systems, lap-top ventilator (LTV machine)",DEVICE,2008-01,2008.0,United States
NCT07502677,Diagnostic Accuracy of SleepImage Technology for Detecting Respiratory Failure in Patients With Amyotrophic Lateral Sclerosis,RECRUITING,NA,OBSERVATIONAL,Amyotrophic Lateral Sclerosis,Royal Brompton & Harefield NHS Foundation Trust,OTHER,,SleepImage,DEVICE,2026-03-24,2026.0,United Kingdom
NCT06649955,Controlling Amyotrophic Lateral Sclerosis Motor Neuron Excitability Study,RECRUITING,NA,INTERVENTIONAL,ALS - Amyotrophic Lateral Sclerosis,PathMaker Neurosystems Inc.,INDUSTRY,Beth Israel Deaconess Medical Center; United States Department of Defense,Multi-site direct current stimulation (DCS),DEVICE,2025-02-10,2025.0,United States
NCT07067229,Non-invasive Brain Stimulation and Exercise Intervention for Patients With Motor Neuron Disease,RECRUITING,NA,INTERVENTIONAL,ALS (Amyotrophic Lateral Sclerosis),Chulalongkorn University,OTHER,King Chulalongkorn Memorial Hospital,Personalized rTMS; Standard rTMS; Sham rTMS,DEVICE,2025-08-01,2025.0,Thailand
NCT01605006,Humanitarian Device Exemption Post-Approval Study of NeuRx Diaphragm Pacing System for Amyotrophic Lateral Sclerosis,COMPLETED,NA,INTERVENTIONAL,Amyotrophic Lateral Sclerosis (ALS),Synapse Biomedical,INDUSTRY,,NeuRx Diaphragm Pacing System (DPS),DEVICE,2012-07,2012.0,United States
NCT07006571,At-home Treatment With Cortico-spinal tDCS for Amyotrophic Lateral Sclerosis,RECRUITING,NA,INTERVENTIONAL,ALS; ALS (Amyotrophic Lateral Sclerosis),University of Trieste,OTHER,,Real tDCS; Sham tDCS,DEVICE,2025-05-19,2025.0,Italy
NCT02464852,Assessment of the Effects of Sheffield Support Snood in MND Patients,COMPLETED,NA,INTERVENTIONAL,Motor Neurone Disease,Sheffield Teaching Hospitals NHS Foundation Trust,OTHER,,"Head movements; Activities of daily living (drinking, washing hand and eating); Sheffield Support Snood; sEMG","BEHAVIORAL,DEVICE",2015-04,2015.0,United Kingdom
NCT07413718,Inspiratory Muscle Training in Amiotrophyc Lateral Sclerosis,RECRUITING,NA,INTERVENTIONAL,Amyotrophic Lateral Slerosis,University Ramon Llull,OTHER,,Inspiratory muscle training; Sham training,DEVICE,2025-09-01,2025.0,Spain
NCT04240925,"Tolerability, Safety and Efficacy of Sigh Breaths During NIMV in Motor Neuron Disease",UNKNOWN,NA,INTERVENTIONAL,Motor Neuron Disease; Respiratory Failure; Amyotrophic Lateral Sclerosis,Ospedale San Raffaele,OTHER,,NIMV with sigh breaths; Standard NIMV,DEVICE,2018-05-25,2018.0,Italy
NCT06021938,Alleviating Persistent Dyspnea in Amyotrophic Lateral Sclerosis Patients Treated With Non-Invasive Ventilation Through Immersive Virtual Reality,RECRUITING,NA,INTERVENTIONAL,Amyotrophic Lateral Sclerosis,Assistance Publique - Hôpitaux de Paris,OTHER,,Immersive virtual reality (IVR) & Music therapy,DEVICE,2024-04-04,2024.0,France
NCT03694132,Brain Excitability and Connectivity in Sensory-motor Pathways in ALS,COMPLETED,NA,INTERVENTIONAL,Amyotrophic Lateral Sclerosis,"Institut National de la Santé Et de la Recherche Médicale, France",OTHER_GOV,,functional MRI; structural MRI; EEG/MEG,DEVICE,2018-11-26,2018.0,France
NCT04468191,Fatigue in Patients With Amyotrophic Lateral Sclerosis,WITHDRAWN,NA,INTERVENTIONAL,Amyotrophic Lateral Sclerosis; Dysphagia; Dyspnea; Respiration Disorders,Cara Donohue,OTHER,,Experimental expiratory muscle strength training (EMST); Sham expiratory muscle strength training (EMST),DEVICE,2021-02-10,2021.0,United States
NCT01348451,Human Spinal Cord Derived Neural Stem Cell Transplantation for the Treatment of Amyotrophic Lateral Sclerosis,UNKNOWN,PHASE1,INTERVENTIONAL,Amyotrophic Lateral Sclerosis,Neuralstem Inc.,INDUSTRY,,surgical implantation,DEVICE,2009-01,2009.0,United States
NCT04393467,Transcranial Static Magnetic Field Stimulation (tSMS) in Amyotrophic Lateral Sclerosis (ALS).,UNKNOWN,NA,INTERVENTIONAL,Amyotrophic Lateral Sclerosis,Campus Bio-Medico University,OTHER,,tSMS; sham tSMS,DEVICE,2020-05-31,2020.0,Italy
NCT06215391,Customized Masks in Non-Invasive Mechanical Ventilation,UNKNOWN,NA,INTERVENTIONAL,"COPD, Severe Early-Onset; Ventilatory Failure; Als; Non Invasive Ventilation",Hospital Universitario 12 de Octubre,OTHER,,3d printed mask,DEVICE,2023-12-10,2023.0,Spain
NCT03293394,Rehabilitative Trial With tDCS in Amyotrophic Lateral Sclerosis,COMPLETED,NA,INTERVENTIONAL,Amyotrophic Lateral Sclerosis,Azienda Socio Sanitaria Territoriale degli Spedali Civili di Brescia,OTHER,,Anodal bilateral motor cortex and cathodal spinal tDCS; Sham bilateral motor cortex and sham spinal tDCS,DEVICE,2017-10-02,2017.0,Italy
NCT00537446,Effect of Noninvasive Ventilation on Lung Function in Amyotrophic Lateral Sclerosis,TERMINATED,NA,INTERVENTIONAL,Amyotrophic Lateral Sclerosis; Motor Neuron Disease,Columbia University,OTHER,,noninvasive positive pressure ventilation; noninvasive positive pressure ventilation,DEVICE,2007-09,2007.0,United States
NCT01730716,Dose Escalation and Safety Study of Human Spinal Cord Derived Neural Stem Cell Transplantation for the Treatment of Amyotrophic Lateral Sclerosis,UNKNOWN,PHASE2,INTERVENTIONAL,Amyotrophic Lateral Sclerosis,Neuralstem Inc.,INDUSTRY,,Human spinal cord stem cell implantation,DEVICE,2013-05,2013.0,United States
NCT04889898,Remote Speech and Swallowing Assessment in ALS,COMPLETED,NA,OBSERVATIONAL,Amyotrophic Lateral Sclerosis,Milton S. Hershey Medical Center,OTHER,Penn State University; Congressionally Directed Medical Research Programs,Digital recording of speech and swallow sounds using the Beiwe Digital Health App on a personal smartphone; Modified Barium Swallow Study (MBSS); Speech Intelligibility Test (SIT); SIT Scoring,"BEHAVIORAL,DEVICE,RADIATION",2022-01-01,2022.0,United States
NCT03481348,Pharyngeal Electrical Stimulation in Amyotrophic Lateral Sclerosis,COMPLETED,"PHASE1,PHASE2",INTERVENTIONAL,Amyotrophic Lateral Sclerosis,University of Ulm,OTHER,,Pharyngeal Electrical Stimulation,DEVICE,2018-02-01,2018.0,Germany
NCT07680361,Study of Home Use of the Jaco Robotic Manipulation Device by Individuals With Tetraplegia,COMPLETED,NA,INTERVENTIONAL,Tetraplegia; Functional Tetraplegia; Spinal Cord Injury; Muscular Dystrophy; ALS (Amyotrophic Lateral Sclerosis); Multiple Sclerosis,Association APPROCHE,OTHER,"Centre Bouffard Vercelli - USSAP; CEREMH, Avenue de l'Europe, Vélizy-Villacoublay, France",Use of the JACO robotic arm for a period of 2 months,DEVICE,2022-03-30,2022.0,France
NCT07298486,"Impact of Robotic Glove Use on Quality of Life, Grip Strength and Fine Motor Control in ALS",ENROLLING_BY_INVITATION,NA,INTERVENTIONAL,Amyotrophic Lateral Sclerosis (ALS),Nova Southeastern University,OTHER,,Robotic Glove Use,DEVICE,2026-02-09,2026.0,United States
NCT04226144,Breath Stacking Technique Associated With Expiratory Muscle Training in Amyotrophic Lateral Sclerosis Patients,TERMINATED,NA,INTERVENTIONAL,Amyotrophic Lateral Sclerosis; Neuromuscular Diseases,Escola Superior de Ciencias da Saude,OTHER,,Breath Stacking Group; Breath stacking and EMT,DEVICE,2020-01-06,2020.0,Brazil
NCT03076632,Interactions Between Neurostimulation and Physical Exercise,WITHDRAWN,NA,INTERVENTIONAL,Spinal Cord Injuries; Amyotrophic Lateral Sclerosis,Bronx VA Medical Center,FED,,Cervical plus transcranial stimulation; Cervical stimulation plus hand/wrist exercise; Electromyographic (EMG)-triggered (closed-loop) stimulation,DEVICE,2017-04-01,2017.0,
NCT03150290,Brown Adipose Tissue in ALS,COMPLETED,NA,INTERVENTIONAL,Amyotrophic Lateral Sclerosis,"Institut National de la Santé Et de la Recherche Médicale, France",OTHER_GOV,,Indirect Calorimetry.; 18-FDG-PET,"DEVICE,OTHER",2017-10-26,2017.0,France
NCT00116558,Early Treatment of Amyotrophic Lateral Sclerosis (ALS) With Nutrition and Non-Invasive Positive Pressure Ventilation,COMPLETED,NA,INTERVENTIONAL,Amyotrophic Lateral Sclerosis,Edward Kasaraskis,OTHER,National Institute of Neurological Disorders and Stroke (NINDS),Early NIPPV; Standard NIPPV,DEVICE,2004-08-01,2004.0,United States
NCT02469675,Brain and Nerve Stimulation for Hand Muscles in Spinal Cord Injury and ALS,COMPLETED,NA,INTERVENTIONAL,Spinal Cord Injury (SCI); Amyotrophic Lateral Sclerosis (ALS),Bronx VA Medical Center,FED,,Transcranial magnetic stimulation; Median nerve stimulation; Cervical transcutaneous stimulation,DEVICE,2015-06,2015.0,United States
NCT01938495,Diaphragm Pacing System (DPS) In Participants With Amyotrophic Lateral Sclerosis (ALS),COMPLETED,PHASE2,INTERVENTIONAL,Amyotrophic Lateral Sclerosis (ALS),Barrow Neurological Institute,OTHER,ALS Association; Muscular Dystrophy Association; Synapse Biomedical,NeuRx® Diaphragm Pacing System™ (DPS),DEVICE,2013-08,2013.0,United States
NCT04798378,NuroSleeve Powered Brace & Stimulation System to Restore Arm Function,ACTIVE_NOT_RECRUITING,NA,INTERVENTIONAL,Neurologic Diseases; Hemiparesis; Quadriplegia; Muscular Dystrophies; Arthrogryposis; Spinal Cord Injuries; Charcot-Marie-Tooth; Stroke; Weakness of Extremities as Sequela of Stroke; Weakness Due to Upper Motor Neuron Dysfunction; Amyotrophic Lateral Sclerosis; Spinal Muscular Atrophy; Arm Paralysis; Cerebral Palsy,Thomas Jefferson University,OTHER,,Neurosleeve,DEVICE,2020-04-16,2020.0,United States
NCT04490148,Remote Pulmonary Function Testing and Nurse Coaching in ALS,COMPLETED,NA,INTERVENTIONAL,ALS,Milton S. Hershey Medical Center,OTHER,ALS Association,remote pulmonary function testing; standard pulmonary function testing; Nurse Respiratory Health Coaching (NRHC),"BEHAVIORAL,DEVICE",2020-07-01,2020.0,United States
NCT06719947,HD-tDCS in Amyotrophic Lateral Sclerosis: A Multicenter Randomized Controlled Trial,RECRUITING,"PHASE2,PHASE3",INTERVENTIONAL,Amyotrophic Lateral Sclerosis (ALS),Universidade Federal do Rio Grande do Norte,OTHER,Financiadora de Estudos e Projetos,Active HD-tDCS; Simulated HD-tDCS,DEVICE,2025-11-28,2025.0,Brazil; Chile
NCT06681610,Testing Pulse Stimulation to Improve Motor Function in People With ALS: A Pilot Study,RECRUITING,NA,INTERVENTIONAL,Amyotrophic Lateral Sclerosis (ALS),Parc de Salut Mar,OTHER,,Transcranial Pulse Stimulation,DEVICE,2024-10-24,2024.0,Spain
NCT03034317,NeuRx Diaphram Pacing System (DPS) Use in Amyotrophic Lateral Sclerosis (ALS),WITHDRAWN,NA,INTERVENTIONAL,Amyotrophic Lateral Sclerosis,Synapse Biomedical,INDUSTRY,,NeuRx DPS,DEVICE,2017-02-02,2017.0,
NCT03809845,Serial Fasciculation Measurements in Motor Neurone Disease,COMPLETED,NA,INTERVENTIONAL,Motor Neuron Disease; Benign Fasciculation-Cramp Syndrome,King's College Hospital NHS Trust,OTHER,,High-density surface electromyography,DEVICE,2017-07-06,2017.0,United Kingdom
NCT02710110,Respiratory Strength Training in Persons With Amyotrophic Lateral Sclerosis (ALS),COMPLETED,EARLY_PHASE1,INTERVENTIONAL,Amyotrophic Lateral Sclerosis,University of Florida,OTHER,ALS Association,PowerLung trainer; Micro Mouth Pressure Meter; Pulmonary Function Testing; Videofluoroscopic swallowing study; Swallowing Quality of Life Questionnaire; Iowa Oral Pressure Instrument; Capsaicin,"DEVICE,DRUG,OTHER,PROCEDURE",2016-04,2016.0,United States
NCT03986671,Transmembrane Electromyography (TM-EMG) for the Assessment of Neuromuscular Function in the Oropharynx,COMPLETED,NA,INTERVENTIONAL,Obstructive Sleep Apnea; Amyotrophic Lateral Sclerosis; Muscular Dystrophies; Healthy,Powell Mansfield Inc.,OTHER,,Transmembrane EMG Oropharynx Probe,DEVICE,2019-04-30,2019.0,United States
NCT02710162,Accurate Screening Tools for Dysphagia in Amyotrophic Lateral Sclerosis (ALS),COMPLETED,EARLY_PHASE1,INTERVENTIONAL,Amyotrophic Lateral Sclerosis,University of Florida,OTHER,,Micro Mouth Pressure Meter; Iowa Oral Performance Instrument; Electrical Impedance Myography; Capsaicin; Videofluoroscopic Swallowing Study; Pulmonary Function Testing; Swallowing Related Quality of Life Questionnaire; Functional Oral Intake Scale; Amyotrophic Lateral Sclerosis Functional Rating Scale-Revised; Eating Assessment Tool-10; Communicative Effectiveness Survey; The Center for Neurologic Studies Bulbar Function Scale,"DEVICE,DRUG,OTHER,PROCEDURE",2016-04,2016.0,United States
NCT03545451,Neurofeedback Rehabilitation Based on Motor Imaging in Patients in the Immobilization Phase,UNKNOWN,NA,INTERVENTIONAL,"Healthy Subjects, Patients With Amyotrophic Lateral Sclerosis, Patients With Shoulder Surgery",Assistance Publique - Hôpitaux de Paris,OTHER,,Videogames,DEVICE,2018-10-03,2018.0,France
NCT03411863,Cervical Electrical Stimulation for ALS,COMPLETED,NA,INTERVENTIONAL,Amyotrophic Lateral Sclerosis,VA Office of Research and Development,FED,,CES at rest; CES plus active hand or wrist movements,DEVICE,2018-01-04,2018.0,United States
NCT04800926,Xavier Electromyographic Wheelchair Control for Limited Mobility Patients,COMPLETED,NA,INTERVENTIONAL,Amyotrophic Lateral Sclerosis,Mayo Clinic,OTHER,University of Central Florida,Xavier wheelchair controller,DEVICE,2019-01-11,2019.0,United States
NCT04293484,Cortico-Spinal tDCS as Rehabilitative Intervention in Amyotrophic Lateral Sclerosis,COMPLETED,NA,INTERVENTIONAL,"Motor Neuron Disease, Familial; Amyotrophic Lateral Sclerosis With Dementia",Azienda Socio Sanitaria Territoriale degli Spedali Civili di Brescia,OTHER,,Anodal bilateral motor cortex and cathodal spinal tDCS; Sham bilateral motor cortex and sham spinal tDCS,DEVICE,2018-03-12,2018.0,Italy
NCT03154450,EncoreAnywhere Use in Motor Neurone Disease,COMPLETED,NA,INTERVENTIONAL,Motor Neuron Disease,Sheffield Teaching Hospitals NHS Foundation Trust,OTHER,,EncoreAnywhere with data available to review; EncoreAnywhere with no data available to review,DEVICE,2016-01-21,2016.0,United Kingdom
NCT06256107,Virtual Reality in Motor Neurone Disease,COMPLETED,NA,INTERVENTIONAL,Motor Neuron Disease,Lancashire Teaching Hospitals NHS Foundation Trust,OTHER,,Virtual Reality Headset,DEVICE,2021-01-13,2021.0,United Kingdom
NCT07151950,Obi Medical Robot: Evaluating Effectiveness Related to Usability,ACTIVE_NOT_RECRUITING,NA,OBSERVATIONAL,Upper Extremity Impairments; Cerebral Palsy (CP); ALS - Amyotrophic Lateral Sclerosis; Rett Syndrome,Desin LLC,INDUSTRY,"The Driving Doctor: Adaptive Driving & Rehabilitation Solutions, PC","One-week trial of Obi Medical device, which provides robotic assistance with feeding to persons with upper extremity impairments who are unable to self-feed in the traditional manner using utensils",DEVICE,2025-05-10,2025.0,United States
NCT06363357,"The Effect of a Muscle-mimicking, Fabric-type Shoulder Orthosis on Functional Movements of the Upper Limb in Patients With Neuromuscular Disorder",RECRUITING,NA,INTERVENTIONAL,"Muscular Dystrophy, Duchenne; Orthotic Devices; Upper Extremity; Neuromuscular Diseases (NMD); Fascioscapulohumeral Muscular Dystrophy; Spinal Muscular Atrophy (SMA); ALS (Amyotrophic Lateral Sclerosis); LGMD; SCI - Spinal Cord Injury",Seoul National University Hospital,OTHER,,Shoulder orthosis,DEVICE,2024-04-20,2024.0,South Korea
NCT07193953,Intravenous Immunoglobulin (IVIG) and Blood-Brain Barrier Disruption in Amyotrophic Lateral Sclerosis (ALS),ACTIVE_NOT_RECRUITING,PHASE1,INTERVENTIONAL,Amyotrophic Lateral Sclerosis; ALS,Sunnybrook Health Sciences Centre,OTHER,Focused Ultrasound Foundation,"Next Generation Dome Helmet Focused Ultrasound; Intravenous immunoglobulin (IVIG), 10% solution for infusion; Definity® Vial for (Perflutren Lipid Microsphere) Injectable Suspension","DEVICE,DRUG",2025-04-15,2025.0,Canada
NCT07726563,Plasmapheresis in Amyotrophic Lateral Sclerosis With Autoantibody Against NRIP 2 (PALADIN2),RECRUITING,NA,INTERVENTIONAL,Amyotrophic Lateral Sclerosis (ALS); Autoantibody; Plasmapheresis,National Taiwan University Hospital,OTHER,,plasmapheresis,DEVICE,2026-05-19,2026.0,Taiwan
NCT03519880,A Pilot Study of the Utility of 3D Printed Masks for ALS Subjects,TERMINATED,NA,INTERVENTIONAL,Amyotrophic Lateral Sclerosis,University of Michigan,OTHER,ALS Association,Custom Mask Interface,DEVICE,2017-03-14,2017.0,United States
NCT06119087,Mechanical Insufflation in the Philadelphia Amyotrophic Lateral Sclerosis Cohort (MI-PALS) Study,COMPLETED,NA,INTERVENTIONAL,Amyotrophic Lateral Sclerosis; Chronic Respiratory Failure; Airway Clearance Impairment; Neuromuscular Diseases,University of Pennsylvania,OTHER,,Mechanical insufflation,DEVICE,2024-09-12,2024.0,United States
NCT02682030,The Use of Airway Clearance Devices in ALS,COMPLETED,NA,INTERVENTIONAL,Amyotrophic Lateral Sclerosis,Cedars-Sinai Medical Center,OTHER,,High Frequency Chest Compression Device (HFCC); Cough Assist,DEVICE,2016-03,2016.0,United States
NCT06169696,EMPOWER Early Feasibility Study: Non-invasive BCI to Control a Wheelchair for People With Paralysis,UNKNOWN,NA,INTERVENTIONAL,Neurologic Disorder; Paralysis; Paralysis; Stroke; Amyotrophic Lateral Sclerosis; Spinal Cord Injuries; Cervical Spinal Cord Injury; Tetraplegic; Paralysis; Quadriplegia/Tetraplegia,Synaptrix Labs Inc.,INDUSTRY,,Intervention/Treatment,DEVICE,2024-11,2024.0,United States
NCT02447952,Exploratory Study of Biotelemetry in Amyotrophic Lateral Sclerosis,COMPLETED,NA,INTERVENTIONAL,Amyotrophic Lateral Sclerosis,GlaxoSmithKline,INDUSTRY,,Faros Sensor (FS) and LifeInsight Hub; Fast Fix electrode patch; Quantitative Measure of Speech (Core Phase Only),"DEVICE,PROCEDURE",2015-06-30,2015.0,United Kingdom
NCT01992029,Study of miRNA Expression Pattern as Diagnostic and Prognostic Biomarker in Amyotrophic Lateral Sclerosis,TERMINATED,NA,OBSERVATIONAL,Amyotrophic Lateral Sclerosis; ALS,"University Hospital, Bordeaux",OTHER,,Clinical evaluation; Muscular biopsy; Lumbar puncture; Blood sampling; Neurological assessments; Neuro-muscular biopsy and lumbar puncture; Muscular biopsy; Blood sample; Cervical spinal cord and brain MRI,"DEVICE,OTHER,PROCEDURE",2014-06-17,2014.0,France
NCT03944447,Outcomes Mandate National Integration With Cannabis as Medicine,UNKNOWN,PHASE2,INTERVENTIONAL,Chronic Pain; Chronic Pain Syndrome; Chronic Pain Due to Injury; Chronic Pain Due to Trauma; Fibromyalgia; Seizures; Hepatitis C; Cancer; Crohn Disease; HIV/AIDS; Multiple Sclerosis; Traumatic Brain Injury; Sickle Cell Disease; Post Traumatic Stress Disorder; Tourette Syndrome; Ulcerative Colitis; Glaucoma; Epilepsy; Inflammatory Bowel Diseases; Parkinson Disease; Amyotrophic Lateral Sclerosis; Chronic Traumatic Encephalopathy; Anxiety; Depression; Insomnia; Autism; Opioid-use Disorder; Bipolar Disorder; Covid19; SARS-CoV Infection; COVID-19; Corona Virus Infection; Coronavirus,"OMNI Medical Services, LLC",NETWORK,OMNI Medical Services Inc,"Cannabis, Medical; RYAH-Medtech Inhaler","DEVICE,DRUG",2018-12-01,2018.0,United States
NCT06181526,Safety and Preliminary Efficacy of Aleeto in Amyotrophic Lateral Sclerosis,UNKNOWN,PHASE1,INTERVENTIONAL,Amyotrophic Lateral Sclerosis,Beijing Tiantan Hospital,OTHER,,Aleeto; intravenous injection; intrathecal injection,"DEVICE,DRUG",2023-12-15,2023.0,China
NCT00386464,Noninvasive Ventilation in ALS Patients With Mild Respiratory Involvement,COMPLETED,"PHASE2,PHASE3",INTERVENTIONAL,Amyotrophic Lateral Sclerosis,Johns Hopkins University,OTHER,"National Heart, Lung, and Blood Institute (NHLBI)",noninvasive positive pressure ventilation,DEVICE,2002-04,2002.0,United States
NCT02942953,Diaphragmatic Pacer Placement: Anesthetic Management (DP),COMPLETED,NA,OBSERVATIONAL,Spinal Cord Injuries; Amyotrophic Lateral Sclerosis; Respiratory Paralysis,Institut Guttmann,OTHER,,Diaphragmatic Pacer,DEVICE,2015-06,2015.0,
NCT06491732,EIM Via the Myolex mScan as an ALS Biomarker,RECRUITING,NA,OBSERVATIONAL,Amyotrophic Lateral Sclerosis,Beth Israel Deaconess Medical Center,OTHER,United States Department of Defense,Electrical Impedance Myography,DEVICE,2025-03-01,2025.0,United States
NCT00879593,Nocturnal PtcCO2 Monitoring in Patients With Amyotrophic Lateral Sclerosis (ALS),COMPLETED,NA,INTERVENTIONAL,Amyotrophic Lateral Sclerosis,"Association Nationale pour les Traitements A Domicile, les Innovations et la Recherche",OTHER,,PtcCO2,DEVICE,2009-04,2009.0,France
NCT01583088,Early Stage Amyotrophic Lateral Sclerosis Phrenic Stimulation,TERMINATED,PHASE3,INTERVENTIONAL,Amyotrophic Lateral Sclerosis; Respiratory Insufficiency,Assistance Publique - Hôpitaux de Paris,OTHER,ARSla (Association pour la recherche sur la SLA); Fondation Thierry Latran,phenique nerve stimulation NeurX™ (Synapse Biomedical); sham phrenic nerve stimulation,DEVICE,2012-09,2012.0,France
NCT04809675,Effectiveness of Two Oral Appliances for Managing Oral Self-biting Injuries in Patients With ALS,UNKNOWN,NA,INTERVENTIONAL,Satisfaction,University of Barcelona,OTHER,,Hard occlusal splint; Flexible customized mouthguard,DEVICE,2019-11-29,2019.0,Spain
NCT00560287,Non-Invasive Ventilation in Amyotrophic Lateral Sclerosis,UNKNOWN,PHASE4,INTERVENTIONAL,Amyotrophic Lateral Sclerosis; Chronic Respiratory Failure,Fondazione Salvatore Maugeri,OTHER,,Non invasive ventilation delivered with one of the ventilator specifically designed for NIV and given to the patient by the home care providers; Non invasive ventilation,DEVICE,2008-01,2008.0,Italy
NCT05003167,Effectiveness of Expiratory Muscle Strength Training for Improving Communication in ALS,COMPLETED,NA,INTERVENTIONAL,Amyotrophic Lateral Sclerosis,Purdue University,OTHER,National Institute on Deafness and Other Communication Disorders (NIDCD),Expiratory Muscle Strength Training (EMST-150),DEVICE,2021-01-01,2021.0,United States
NCT03618966,Neuromuscular Magnetic Stimulation in ALS Patients,COMPLETED,PHASE2,INTERVENTIONAL,Amyotrophic Lateral Sclerosis,University of Roma La Sapienza,OTHER,,Neuromuscular magnetic stimulation (NMMS),DEVICE,2014-11-01,2014.0,
NCT05983211,Quantitative and Repetitive TMS in ALS - Recruiting for Stage 2,RECRUITING,NA,INTERVENTIONAL,Amyotrophic Lateral Sclerosis,Sunnybrook Health Sciences Centre,OTHER,,Repetitive Transcranial Magnetic Stimulation,DEVICE,2024-05-01,2024.0,Canada
NCT07491562,Evaluation of a Structurally Suitable Neck Exoskeleton in Patients With Amyotrophic Lateral Sclerosis,RECRUITING,NA,INTERVENTIONAL,ALS - Amyotrophic Lateral Sclerosis,University of Utah,OTHER,,powered neck exoskeleton,DEVICE,2024-09-06,2024.0,United States
NCT03233646,Retinal Imaging in Neurodegenerative Disease,RECRUITING,NA,OBSERVATIONAL,Alzheimer's Disease; Mild Cognitive Impairment; Parkinson's Disease; Multiple Sclerosis; Huntington Disease; Lewy Body Dementia; Frontotemporal Dementia; Amyotrophic Lateral Sclerosis (ALS); APOE-4 Positive; Traumatic Brain Injury; Concussion; Post-Traumatic Stress Disorder; Down Syndrome; Neuro-Degenerative Disease; Normal Cognition,Duke University,OTHER,University of Edinburgh in Scotland; Tan Tock Seng Hospital in Singapore; Queens University of Belfast United Kingdom,Retinal and Choroidal Imaging,DEVICE,2017-07-20,2017.0,United States
NCT02943850,CNS10-NPC-GDNF for the Treatment of ALS,COMPLETED,PHASE1,INTERVENTIONAL,Amyotrophic Lateral Sclerosis,Cedars-Sinai Medical Center,OTHER,California Institute for Regenerative Medicine (CIRM),Stem cell (HPC) implantation; Stereotactic surgical device,"BIOLOGICAL,DEVICE",2017-04-01,2017.0,United States
NCT06819358,"Individualized Functional Imaging-Guided Repetitive Transcranial Magnetic Stimulation (rTMS) for Treating Postural Gait Disorders in Patients with Amyotrophic Lateral Sclerosis (ALS): a Randomized, Crossover, Controlled, Double-Blind Clinical Study",NOT_YET_RECRUITING,EARLY_PHASE1,INTERVENTIONAL,Amyotrophic Lateral Sclerosis (ALS),Peking University Third Hospital,OTHER,Changping Laboratory,Transcranial Magnetic Stimulation,DEVICE,2025-02-14,2025.0,
NCT05292690,An Assistive Powered Wheelchair: Stage 2 Trial,COMPLETED,NA,OBSERVATIONAL,Multiple Sclerosis; Stroke; Cystic Fibrosis; Motor Neurone Disease; Craniocerebral Trauma; Guillain-Barre Syndrome,East Kent Hospitals University NHS Foundation Trust,OTHER_GOV,University of Kent; Sussex Community NHS Foundation Trust; KU Leuven; l'Institut supérieur de l'électronique et du numérique (ISEN) Lille,Powered Wheelchair Obstacle Alerting System,DEVICE,2021-03-29,2021.0,United Kingdom
NCT02665663,Tongue Strength in Amyotrophic Lateral Sclerosis (ALS),UNKNOWN,NA,INTERVENTIONAL,Amyotrophic Lateral Sclerosis,Assistance Publique Hopitaux De Marseille,OTHER,,medical device,DEVICE,2016-02,2016.0,France
NCT03892863,Repetitive Transcranial Magnetic Stimulation as Therapy for Depression in Amyotrophic Lateral Sclerosis,WITHDRAWN,NA,INTERVENTIONAL,Amyotrophic Lateral Sclerosis,Jagiellonian University,OTHER,,active repetitive transcranial magnetic stimulation; sham repetitive transcranial magnetic stimulation,DEVICE,2019-11-15,2019.0,Poland
NCT05297487,Evaluation of the Early Use of the Pressure Relaxer in the Respiratory Impairment of Patients With Amyotrophic Lateral Sclerosis: Multicenter Randomized Controlled Study.,NOT_YET_RECRUITING,NA,INTERVENTIONAL,Amyotrophic Lateral Sclerosis,Centre Hospitalier Universitaire de la Réunion,OTHER,,early use of intermittent positive pressure breathing,DEVICE,2025-07-01,2025.0,
NCT06199284,Atalante Exoskeleton in the Rehabilitation of Patients With Amyotrophic Lateral Sclerosis,SUSPENDED,NA,INTERVENTIONAL,ALS - Amyotrophic Lateral Sclerosis,Institut de Recherche sur la Moelle épinière et l'Encéphale,OTHER,"Association pour la Recherche sur la Sclérose Latérale Amyotrophique et autres Maladies du Motoneurone; Groupe Hospitalier Pitie-Salpetriere; Institut de Myologie, France; Station Debout; Laboratory of Biomedical Imaging",Atalante exoskeleton,DEVICE,2024-01-31,2024.0,France
NCT01945853,Magnetic Resonance Imaging (MRI) in Amyotrophic Lateral Sclerosis (ALS),WITHDRAWN,NA,INTERVENTIONAL,Amyotrophic Lateral Sclerosis (ALS),Johns Hopkins University,OTHER,,7 Tesla MRI,DEVICE,2013-07,2013.0,United States
NCT06834269,Transcranial Static Magnetic Stimulation (tSMS) and Potential Theranostic Biomarkers in Amyotrophic Lateral Sclerosis.,RECRUITING,NA,INTERVENTIONAL,Amyotrophic Lateral Sclerosis (ALS),Campus Bio-Medico University,OTHER,,Transcranial magnetic stimulation (tSMS),DEVICE,2024-12-02,2024.0,Italy
NCT07478172,Effects of Whole-body Electrical Muscle Stimulation Exercise on Adults With Neuromuscular Disease,RECRUITING,NA,INTERVENTIONAL,Neuromuscular Diseases (NMD); Amyotrophic Lateral Sclerosis; Myasthenia Gravis; Lambert-eaton Myasthenic Syndrome; Primary Lateral Sclerosis; Spinal Muscular Atrophy; Charcot Marie Tooth Disease (CMT); Fascioscapulohumeral Muscular Dystrophy; Inclusion Body Myositis; Mitochondrial Myopathy; Nemaline Myopathy; Centronuclear Myopathy; Postpolio Syndrome; Pompe Disease (Late-onset); Chronic Inflammatory Demyelinating Polyneuropathy; Hereditary Spastic Paraplegia; Postural Orthostatic Tachycardia Syndrome (POTS); Progressive Muscular Atrophy,University of Missouri-Columbia,OTHER,,Whole-body Electrical Muscle Stimulation Exercise,DEVICE,2026-03-10,2026.0,United States
NCT04089696,"Validation of the ""ExSpiron©"" in Patients With ALS",UNKNOWN,NA,INTERVENTIONAL,Amyotrophic Lateral Sclerosis; Neuromuscular Diseases,University Medical Center Groningen,OTHER,,ExSprion,DEVICE,2025-09,2025.0,
NCT07187388,"Investigating the Impact of Electrical Stimulation on Facial Pain, Jaw Movement and Oral Health in People With Motor Neuron Disease.",RECRUITING,NA,INTERVENTIONAL,"Amyotrophic Lateral Sclerosis (ALS); Primary Lateral Sclerosis (PLS); Motor Neuron Disease, Amyotrophic Lateral Sclerosis",Nova Southeastern University,OTHER,,Transcutaneous Electrical Nerve Stimulation to reduce facial pain and improve jaw range of motion in ALS and PLS,DEVICE,2026-04-02,2026.0,United States
NCT02011204,Study of Electrical Impedance Myography (EIM) in ALS,COMPLETED,NA,OBSERVATIONAL,Amyotrophic Lateral Sclerosis; Motor Neuron Disease; Charcot-Marie-Tooth Disease; Multiple Sclerosis,"Skulpt, Inc.",INDUSTRY,,Electrical impedance myography (EIM),DEVICE,2013-11,2013.0,United States
NCT00420719,Motor-Point Stimulation for Conditioning the Diaphragm of Patients With Amyotrophic Lateral Sclerosis (ALS),UNKNOWN,NA,INTERVENTIONAL,Amyotrophic Lateral Sclerosis (ALS),Synapse Biomedical,INDUSTRY,University Hospitals Cleveland Medical Center; Johns Hopkins University; Stanford University,Intramuscular diaphragm electrodes,DEVICE,2004-10,2004.0,France; United States
NCT07636538,"Auto-calibrating System for Upper Limb Disability Assessment, Neurological and Occupational Rehabilitation",NOT_YET_RECRUITING,NA,INTERVENTIONAL,Stroke; Amyotrophic Lateral Sclerosis; PARKINSON DISEASE (Disorder); Mild Cognitive Impairment (MCI),University of Pavia,OTHER,Istituti Clinici Scientifici Maugeri SpA,"Auto-calibrating System for Upper Limb disability Assessment, neurological and occupational Rehabilitation; conventional therapy","DEVICE,OTHER",2026-06,2026.0,
NCT03214224,Remote Pulmonary Function Testing in Amyotrophic Lateral Sclerosis (Pilot),COMPLETED,NA,INTERVENTIONAL,ALS,Milton S. Hershey Medical Center,OTHER,,remote pulmonary function testing; standard pulmonary function testing,DEVICE,2017-11-01,2017.0,United States
NCT00580593,Trial of Early Noninvasive Ventilation for Amyotrophic Lateral Sclerosis (ALS),COMPLETED,PHASE1,INTERVENTIONAL,Amyotrophic Lateral Sclerosis,University of Michigan,OTHER,National Institute of Neurological Disorders and Stroke (NINDS),BiPAP® S/T System; sham-NIPPV,"DEVICE,OTHER",2007-04,2007.0,United States
NCT06249412,The Importance of Positive Expiratory Pressure Associated With the In-exsufflator in ALS Patients,RECRUITING,NA,INTERVENTIONAL,Amyotrophic Lateral Sclerosis ALS7,Groupe Hospitalier du Havre,OTHER,French Physiotherapy Society / Société Français de Physiothérapie,MI-E with PEP function activated during the pause; MI-E without PEP function activated during the pause,DEVICE,2024-12-19,2024.0,France
NCT06165172,Early Feasibility Study of the MyoRegulator® for Treatment of ALS,COMPLETED,NA,INTERVENTIONAL,Amyotrophic Lateral Sclerosis,PathMaker Neurosystems Inc.,INDUSTRY,Spaulding Rehabilitation Hospital; Sean M. Healey & AMG Center for ALS; Muscular Dystrophy Association,MyoRegulator®,DEVICE,2023-06-21,2023.0,United States
NCT02962050,Delineating Swallowing Impairment and Decline in ALS,COMPLETED,NA,OBSERVATIONAL,Amyotrophic Lateral Sclerosis,University of Florida,OTHER,National Institute of Neurological Disorders and Stroke (NINDS),Videofluoroscopic Swallowing Study (VFSS); Voluntary Peak Cough Flow Testing; Iowa Oral Performance Instrument; Capsaicin Challenge; Pulmonary Function Testing; Eating Assessment Tool 10; The Center for Neurologic Study Bulbar Function Scale,"DEVICE,DRUG,OTHER,PROCEDURE",2017-05-31,2017.0,United States
NCT07616050,Evaluation of the Impact of Virtual Park on Training Motivation in Adult Patients,NOT_YET_RECRUITING,NA,INTERVENTIONAL,Post-stroke; Parkinson Disease; Amyotrophic Lateral Sclerosis; Mild Cognitive Impairment (MCI); Multiple Sclerosis; Frailty at Older Adults,Marta Mondellini,OTHER,Istituti Clinici Scientifici Maugeri SpA; Villa Beretta Rehabilitation Center; University of Pisa,Dual-task training with Virtual Reality; Cycling training,DEVICE,2026-06,2026.0,Italy
NCT03113630,Virtual Task in Amyotrophic Lateral Sclerosis,COMPLETED,NA,INTERVENTIONAL,Amyotrophic Lateral Sclerosis,University of Sao Paulo,OTHER,,Acquisition on TouchScreen; Acquisition on Kinect; Acquisition on LeapMotion; Acquisition on TouchScreen Control Group; Acquisition on Kinect Control Group; Acquisition on LeapMotion Control Group,DEVICE,2016-02-02,2016.0,Brazil
NCT04956822,Application of Motor Unit Estimation Index in Amyotrophic Lateral Sclerosis and Related Diseases,UNKNOWN,NA,OBSERVATIONAL,Amyotrophic Lateral Sclerosis,Peking University Third Hospital,OTHER,,Basic information; Functional scores; MINUX,"DEVICE,OTHER",2018-06-01,2018.0,China
NCT04947436,ALS and Airway Clearance (ALSAC) Therapy,COMPLETED,NA,INTERVENTIONAL,Amyotrophic Lateral Sclerosis; Respiratory Muscle Weakness,The University of Texas Health Science Center at San Antonio,OTHER,ALS Association,High Frequency Chest Wall Oscillation; Mechanical insufflation/exsufflation,DEVICE,2012-01-25,2012.0,United States
NCT05744310,Effects of Long Term Ventilation Support on the Quality of Life of ALS Patients and Their Families,RECRUITING,NA,INTERVENTIONAL,Amyotrophic Lateral Sclerosis; Motor Neuron Disease; Nervous System Diseases; Spinal Cord Diseases; Neurodegenerative Diseases; TDP-43 Proteinopathies,Haukeland University Hospital,OTHER,"Oslo University Hospital; University Hospital, Akershus; Helse Stavanger HF; University Hospital of North Norway; St. Olavs Hospital; Nordland Hospital, Bodø; Hospital of Southern Norway Kristiansand; Østfold Hospital Kalnes",Long term mechanical ventilation support; No long term mechanical ventilation support,DEVICE,2023-04-21,2023.0,Norway
NCT00958048,Effects of Nocturnal Non-invasive Ventilation in Patients With Amyotrophic Lateral Sclerosis,COMPLETED,NA,INTERVENTIONAL,Amyotrophic Lateral Sclerosis,National Taiwan University Hospital,OTHER,"Taipei Veterans General Hospital, Taiwan",non-invasive ventilation,DEVICE,2009-01,2009.0,Taiwan
NCT03892382,Repetitive Transcranial Magnetic Stimulation as Therapy for Apathy in Amyotrophic Lateral Sclerosis,WITHDRAWN,NA,INTERVENTIONAL,Amyotrophic Lateral Sclerosis,Jagiellonian University,OTHER,,rTMS,DEVICE,2019-11-15,2019.0,Poland
NCT03321487,Blood-Brain Barrier Opening Using MR-Guided Focused Ultrasound in Patients With Amyotrophic Lateral Sclerosis,COMPLETED,NA,INTERVENTIONAL,Amyotrophic Lateral Sclerosis,InSightec,INDUSTRY,,Blood-Brain Barrier opening with MRgFUS,DEVICE,2018-04-13,2018.0,Canada
NCT01803386,Noninvasive Assessment of Neuromuscular Disease Using Electrical Impedance Myography,COMPLETED,NA,OBSERVATIONAL,Amyotrophic Lateral Sclerosis (ALS),"Skulpt, Inc.",INDUSTRY,National Institutes of Health (NIH); National Institute of Neurological Disorders and Stroke (NINDS),EIM Measurements,DEVICE,2013-01,2013.0,United States
NCT07656714,HFCWO Vest Plus Mechanical Cough Assist Versus Cough Assist Alone on Respiratory Infections in ALS: a Pilot Trial,COMPLETED,NA,INTERVENTIONAL,Amyotrophic Lateral Sclerosis; Respiratory Infection,Hospital Universitario Virgen Macarena,OTHER,,High-frequency chest wall oscillation (HFCWO) vest; Mechanical cough assist,DEVICE,2021-04-15,2021.0,Spain
NCT04607044,Lower Extremity Fixation In Neuropathic Patients Study,TERMINATED,NA,OBSERVATIONAL,Neuropathy; Charcot; Disease (Etiology),Stryker Trauma and Extremities,INDUSTRY,,SALVATION™ EXTERNAL FIXATION,DEVICE,2021-02-03,2021.0,United States
NCT00839033,Evaluation of a Mechanical Device During Acute Respiratory Failure in Patients With Neuromuscular Disorders,TERMINATED,PHASE3,INTERVENTIONAL,Duchenne Muscular Dystrophy; Amyotrophic Lateral Sclerosis; Neuromuscular Diseases,Assistance Publique - Hôpitaux de Paris,OTHER,,mechanical insufflation - exsufflation; Standard respiratory physiotherapy,DEVICE,2009-06,2009.0,France
NCT02891629,Safety and Feasibility of the EyeControl Device,COMPLETED,NA,INTERVENTIONAL,ALS (Amyotrophic Lateral Sclerosis),Eyefree Assisting Communication Ltd,INDUSTRY,,EyeControl device,DEVICE,2016-09,2016.0,
NCT04051333,The E-health Application To Modify ORal Energy Intake and Measure Outcomes REmotely in ALS Clinical Trial (EAT MORE2),COMPLETED,NA,OBSERVATIONAL,Amyotrophic Lateral Sclerosis,Massachusetts General Hospital,OTHER,ALS Association,ALS Nutrition App (MyDataHelps platform),DEVICE,2020-03-30,2020.0,United States
NCT07257302,Lung Insufflation Capacity Training and Respiratory Function in Amyotrophic Lateral Sclerosis,RECRUITING,NA,INTERVENTIONAL,Amyotrophic Lateral Sclerosis (ALS),"National Center of Neurology and Psychiatry, Japan",OTHER,,LIC Trainer (Lung Insufflation Capacity Trainer),DEVICE,2025-11-01,2025.0,Japan
NCT05819931,Breathing With Amyotrophic Lateral Sclerosis,RECRUITING,NA,INTERVENTIONAL,Amyotrophic Lateral Sclerosis,"University Hospital, Toulouse",OTHER,,Mechanical In-Exsufflator treatment,DEVICE,2023-08-29,2023.0,France
NCT01746381,Non-invasive Ventilation in Amyotrophic Lateral Sclerosis (ALS) Using the iVAPS Mode,COMPLETED,NA,INTERVENTIONAL,Amyotrophic Lateral Sclerosis (ALS),Marta Kaminska,OTHER,ResMed,Non-invasive home ventilation,DEVICE,2014-02,2014.0,Canada
NCT06351111,Vagus Nerve Stimulation (VNS) in Spinal Cord Injury (SCI) Adaptive Follow-On Study,ENROLLING_BY_INVITATION,NA,INTERVENTIONAL,SCI - Spinal Cord Injury,The University of Texas at Dallas,OTHER,National Institute of Neurological Disorders and Stroke (NINDS),Active VNS,DEVICE,2024-08-29,2024.0,United States
NCT01781065,The Effects of Transcranial Direct Current Stimulation on Central Pain in Patients With Spinal Cord Injury,COMPLETED,PHASE2,INTERVENTIONAL,Neuropathic Pain; Spinal Cord Injury,Seoul National University Bundang Hospital,OTHER,,transcranial direct current stimulation,DEVICE,2008-03,2008.0,South Korea
NCT06841198,Cardiovascular Function and Response to Stimulation Within the First Year After Spinal Cord Injury,RECRUITING,NA,INTERVENTIONAL,"Spinal Cord Injuries (SCI); Orthostatic Hypotension, Dysautonomic; Cardiovascular; Transcutaneous Spinal Stimulation",Kessler Foundation,OTHER,,spinal cord transcutaneous stimulation; Ice testing,"DEVICE,PROCEDURE",2025-04-01,2025.0,United States
NCT04855812,The Efficacy of Upper Extremity Wearable Robotic Orthosis on Improving Upper Extremity Motor Function and Activities of Daily Living in Persons With Spinal Cord Injury,COMPLETED,NA,INTERVENTIONAL,SCI - Spinal Cord Injury,Kessler Foundation,OTHER,United States Department of Defense,MyoMo; Myo-SB; Control,"DEVICE,OTHER",2019-10-27,2019.0,United States
NCT06154122,Virtual Reality Upper Limb Therapy for People With Spinal Cord Injury,COMPLETED,NA,INTERVENTIONAL,Tetraplegia; Spinal Cord Injuries; Upper Extremity Paralysis,Glasgow Caledonian University,OTHER,,Virtual Reality Upper Limb Rehabilitation Games; Upper Limb Rehabilitation,"DEVICE,OTHER",2024-03-15,2024.0,United Kingdom
NCT05590065,"Clinical Investigation on the Impact on Safety, Feasibility and Usability of the Design Changes Performed on ABLE Exoskeleton Device With Spinal Cord Injured Patients in a Hospital Setting",COMPLETED,NA,INTERVENTIONAL,Spinal Cord Injuries,ABLE Human Motion S.L.,INDUSTRY,Hospital ASEPEYO Sant Cugat,ABLE Exoskeleton,DEVICE,2022-10-19,2022.0,Spain
NCT01599767,Spaulding-Harvard Model System: Effects of Transcranial Direct Current Stimulation (tDCS) on Chronic Pain in Spinal Cord Injury,COMPLETED,NA,INTERVENTIONAL,Spinal Cord Injury; Chronic Pain; Neuropathic Pain,Spaulding Rehabilitation Hospital,OTHER,U.S. Department of Education,Transcranial direct current stimulation (tDCS),DEVICE,2011-12,2011.0,United States
NCT05605912,Myosuit in Incomplete Spinal Cord Injury,COMPLETED,NA,INTERVENTIONAL,Incomplete Spinal Cord Injury,Sint Maartenskliniek,OTHER,,Control; Myosuit,"DEVICE,OTHER",2022-10-03,2022.0,Netherlands
NCT03483766,Robotic Rehabilitation for Spinal Cord Injury,COMPLETED,NA,INTERVENTIONAL,Spinal Cord Injury,The University of Hong Kong,OTHER,,Robotic Functional Rehabilitation system,DEVICE,2017-09-01,2017.0,Hong Kong
NCT05122325,Treatment for Sexual Dysfunction in Women with Spinal Cord Injury,ENROLLING_BY_INVITATION,NA,INTERVENTIONAL,Spinal Cord Injuries,Cristina Lirio,OTHER,,Transcutaneous tibial nerve stimulation TENS® EMS NMS60 device; Genital vibration with Ferticare 2.0® vibrator; TENS® EMS NMS60 device_sham intervention,DEVICE,2026-06,2026.0,Spain
NCT03405285,Connected Catheter Clinical Feasibility Study( CFS),COMPLETED,NA,INTERVENTIONAL,"Urinary Bladder, Neurogenic",Spinal Singularity,INDUSTRY,,Connected Catheter,DEVICE,2018-02-28,2018.0,United States
NCT02998021,"Effect of Vibration Exercise on Upper Limb Strength, Function, and Pain",COMPLETED,NA,INTERVENTIONAL,Spinal Cord Injuries,Alicia Koontz,OTHER,,Vibrating Dumbbell; Standard Dumbbell,DEVICE,2017-03-15,2017.0,United States
NCT04641793,BoMI for Muscle Control,UNKNOWN,NA,INTERVENTIONAL,Spinal Cord Injury Cervical; Stroke,Shirley Ryan AbilityLab,OTHER,"National Institute on Disability, Independent Living, and Rehabilitation Research",Motion and Emg Control,DEVICE,2020-01-20,2020.0,United States
NCT05952700,inContAlert: Machine Learning Algorithms for Individual Bladder Filling Level Prediction,COMPLETED,NA,OBSERVATIONAL,Monitoring of the Bladder Filling,inContAlert GmbH,INDUSTRY,University of Bayreuth,inContAlert,DEVICE,2023-03-01,2023.0,Germany
NCT05619146,Arm and Leg Cycling for Accelerated Recovery From SCI,ACTIVE_NOT_RECRUITING,NA,INTERVENTIONAL,Spinal Cord Injuries,Shirley Ryan AbilityLab,OTHER,,Motor-assisted arms and legs cycling,DEVICE,2023-01-23,2023.0,United States
NCT04132596,Spinal Stimulation in Chronic Spinal Cord Injury,COMPLETED,NA,INTERVENTIONAL,Spinal Cord Injuries,The Neurokinex Charitable Trust,OTHER,International Spinal Research Trust,Transcutaneous spinal cord stimulation; Activity Based Therapy,"DEVICE,OTHER",2019-11-11,2019.0,United Kingdom
NCT06540859,Spinal Cord Stimulation for Autonomic Recovery in Inpatient Rehabilitation After Acute SCI,RECRUITING,NA,INTERVENTIONAL,Spinal Cord Injuries,University of Washington,OTHER,The Craig H. Neilsen Foundation,Transcutaneous Spinal Cord Stimulation; Sham Stimulation,DEVICE,2024-12-01,2024.0,United States
NCT06521723,Low Oxygen Therapy to Enhance Walking Recovery After SCI.,RECRUITING,NA,INTERVENTIONAL,Spinal Cord Injuries,Spaulding Rehabilitation Hospital,OTHER,United States Department of Defense; Brooks Rehabilitation; Congressionally Directed Medical Research Programs,Daily acute intermittent hypoxia; Walking + tSTIM,"DEVICE,OTHER",2025-06-06,2025.0,United States
NCT06971510,Exoskeleton Training on Balance Control and Turning in Ambulation in Individuals With Incomplete Spinal Cord Injury,ACTIVE_NOT_RECRUITING,NA,INTERVENTIONAL,Spinal Cord Injuries,Hong Kong Metropolitan University,OTHER,Nanjing Medical University,Exoskeleton Training; Conventional Physical Therapy,"DEVICE,OTHER",2024-06-01,2024.0,China
NCT04458324,Hybrid Functional Electrical Stimulation Exercise to Prevent Cardiopulmonary Declines in High-level Spinal Cord Injury,ACTIVE_NOT_RECRUITING,PHASE2,INTERVENTIONAL,Spinal Cord Injuries,Spaulding Rehabilitation Hospital,OTHER,,Buspirone Hydrochloride; Buspirone placebo; Noninvasive Ventilation (NIV); Sham Non-invasive ventilation (NIV); Functional Electrical Stimulation Row Training (FESRT),"DEVICE,DRUG,OTHER",2020-12-22,2020.0,United States
NCT05003999,Time Needed to Perform Intermittent Catheterization in Adults With Spinal Cord Injuries,COMPLETED,NA,INTERVENTIONAL,Spinal Cord Injuries; Neurogenic Lower Urinary Tract Dysfunction,Andrei Krassioukov,OTHER,University of British Columbia; International Collaboration on Repair Discoveries; Vancouver Coastal Health; Coloplast A/S,HPC - SpeediCath ®; Non-HPC - Self-Cath ®,DEVICE,2018-12-01,2018.0,Canada
NCT06489106,Noninvasive Spinal Stimulation to Restore Hand Function in Children With Spinal Cord Injury,ENROLLING_BY_INVITATION,NA,INTERVENTIONAL,Spinal Cord Injury Cervical,University of Louisville,OTHER,The Craig H. Neilsen Foundation,Activity based upper extremity training with and without stimulation,DEVICE,2025-06-13,2025.0,United States
NCT03077204,BIO4 Clinical Case Study: Cervical Spine,COMPLETED,PHASE4,INTERVENTIONAL,Degenerative Disc Disease; Trauma (Including Fractures); Spondylolisthesis,Seton Healthcare Family,OTHER,,1 or 2-Level ACDF utilizing BIO4 with Bio AVS Cervical Allograft (with graft window).; Aviator Anterior Cervical Plating System,"BIOLOGICAL,DEVICE",2017-04-06,2017.0,United States
NCT06195878,Sleep Apnea in Paralympic Ontario-Resident aThletes With Spinal Cord Injury (SPORTS) Study,UNKNOWN,NA,INTERVENTIONAL,Sleep Apnea; Breathing Disorder During Sleeping; Sleep Disorder; Spinal Cord Injuries; Spine Disease,"University Health Network, Toronto",OTHER,Sunnybrook Health Sciences Centre,CPAP Therapy,DEVICE,2024-02-20,2024.0,Canada
NCT00458354,Use of Spinal Sealant System During Spinal Surgery,COMPLETED,PHASE3,INTERVENTIONAL,Spine Surgery; Excessive Repair; Spinal Cord Injuries; Complication of Surgical Procedure,M.D. Anderson Cancer Center,OTHER,Confluent Surgical,Spinal Sealant; Standard Methods of Closing of the Dura,"DEVICE,PROCEDURE",2006-01,2006.0,United States
NCT06765070,Efficacy and Usability of the EXPLORER Exoskeleton in Children With Neurodevelopmental Disorders in Natural Environments,ACTIVE_NOT_RECRUITING,NA,INTERVENTIONAL,Neuromuscular Disorders; Neurodevelopmental Disorders,MarsiBionics,INDUSTRY,"Hospital Infantil Universitario Niño Jesús, Madrid, Spain; Hospital General Universitario Gregorio Marañon; Hospital Universitario La Paz; Hospital Universitario 12 de Octubre; Universidad Rey Juan Carlos",EXPLORER,DEVICE,2025-03-01,2025.0,Spain
NCT07735702,ZEPU-AI5 Strength Training Study (ZEPUAI5RCT),NOT_YET_RECRUITING,NA,INTERVENTIONAL,Stroke; Incomplete Spinal Cord Injury; Gait Impairment Following Orthopedic Surgery,Bangladesh Medical University,OTHER,,Robotic lower-limb gait training (ZEPU-AI5); Standard-of-care rehabilitation (conventional physiotherapy),"BEHAVIORAL,DEVICE",2026-07,2026.0,Bangladesh
NCT04247828,Adaptive and Individualized AAC,COMPLETED,NA,INTERVENTIONAL,Communication Disorders,Altec Inc.,INDUSTRY,Madonna Rehabilitation Hospital,Experimental AAC; Generic AAC,DEVICE,2020-01-06,2020.0,United States
NCT05178056,Spinal Cord Stimulation and Respiration After Injury,RECRUITING,NA,INTERVENTIONAL,Spinal Cord Injuries; Spinal Cord Stimulation; Breathing Exercises; Rehabilitation,University of Louisville,OTHER,"National Heart, Lung, and Blood Institute (NHLBI)",Spinal Cord Epidural Stimulation; Respiratory Training,"DEVICE,OTHER",2021-12-31,2021.0,United States
NCT02065830,Safety Study of Outdoor and Indoor Mobility in People With Spinal Cord Injury (ROBOtics Spinal Cord Injury EKSO).,TERMINATED,NA,INTERVENTIONAL,Spinal Cord Injury,IRCCS San Raffaele Roma,OTHER,,EKSO,DEVICE,2014-03,2014.0,Italy
NCT04578665,Human-like Robotic Controllers for Enhanced Motor Learning,SUSPENDED,NA,INTERVENTIONAL,Stroke; Spinal Cord Injuries,Shirley Ryan AbilityLab,OTHER,U.S. National Science Foundation,Behavioral Interaction Conditions; Haptic Impedance Level; Skill Level of Partner; Robot Controller Showcase,"BEHAVIORAL,DEVICE",2021-07-13,2021.0,United States
NCT00004445,Study of an Implantable Functional Neuromuscular Stimulation System for Patients With Spinal Cord Injuries,COMPLETED,NA,INTERVENTIONAL,Spinal Cord Injury,Case Western Reserve University,OTHER,,Surgery; IRS-8,"DEVICE,PROCEDURE",1996-09,1996.0,United States
NCT07062575,Exoskeleton Training at Home to Assist Participants With Spinal Cord Injuries to Perform Ambulatory Functions.,RECRUITING,NA,INTERVENTIONAL,Spinal Cord Injury,ABLE Human Motion S.L.,INDUSTRY,Sint Maartenskliniek; Universitat Politècnica de Catalunya,ABLE Daily,DEVICE,2025-06-19,2025.0,Netherlands
NCT01882257,Home-Based Diagnosis and Management of Sleep-Related Breathing Disorders in Spinal Cord Injury,COMPLETED,NA,INTERVENTIONAL,Obstructive Sleep Apnea; Hypercapnia; Spinal Cord Injury,University of Michigan,OTHER,,BiPAP; BiPAP/AVAPS (Phillips Respironics),DEVICE,2011-10,2011.0,United States
NCT06553469,"Efficacy of Sacral Nerve Modulation on Urinary and Defecation Dysfunction After Spinal Cord Injury：A Prospective, Single-arm Study",RECRUITING,NA,OBSERVATIONAL,Cystometry; Sacral Neuromodulation; Ultrasound,Qilu Hospital of Shandong University,OTHER,,sacral neuromodulation,DEVICE,2023-12-01,2023.0,China
NCT06321172,Muscle and Bone Changes After 6 Months of FES Cycling,COMPLETED,NA,INTERVENTIONAL,Spinal Cord Injuries,IRCCS Eugenio Medea,OTHER,Politecnico di Milano; Villa Beretta Rehabilitation Center; National Research Council,FES Bike,DEVICE,2022-09-09,2022.0,Italy
NCT06213012,Harnessing Neuroplasticity of Postural Sensorimotor Networks Using Non-Invasive Spinal Neuromodulation to Maximize Functional Recovery After Spinal Cord Injury,RECRUITING,NA,INTERVENTIONAL,Spinal Cord Injuries; Neuromodulation,The Methodist Hospital Research Institute,OTHER,National Institute of Neurological Disorders and Stroke (NINDS),Transcutaneous Spinal cord Stimulation; Epidural Spinal Stimulation (ESS),DEVICE,2023-12-06,2023.0,United States
NCT04288245,Targeted Plasticity Therapy for Upper Limb Rehabilitation in Spinal Cord Injuries,ACTIVE_NOT_RECRUITING,NA,INTERVENTIONAL,Spinal Cord Injuries; Upper Extremity Paresis,Baylor Research Institute,OTHER,Defense Advanced Research Projects Agency; The University of Texas at Dallas; University of Texas Southwestern Medical Center; Wings for Life,Active Vagus Nerve Stimulation; Placebo Vagus Nerve Stimulation,DEVICE,2021-02-15,2021.0,United States
NCT05921175,Transcutaneous Spinal Cord Stimulation With Robotic Gait Training in Chronic SCI,RECRUITING,NA,INTERVENTIONAL,Spinal Cord Injury,"National University Hospital, Singapore",OTHER,Alexandra Hospital,RGT+ tSCS + conventional physiotherap; RGT+ conventional physiotherapy,DEVICE,2024-11-13,2024.0,Singapore
NCT00886145,Effect of Vibration Therapy on Bone in Persons With Sub-acute Spinal Cord Injury,COMPLETED,NA,INTERVENTIONAL,Spinal Cord Injuries,"William A. Bauman, M.D.",FED,Kessler Foundation,Vibration: Right Leg and No Vibration: Left Leg.,DEVICE,2009-06,2009.0,United States
NCT02324322,Non-Ambulatory SCI Walk Using a Robotic Exoskeleton: Effect on Bone and Muscle,UNKNOWN,NA,INTERVENTIONAL,Spinal Cord Injury,Kessler Foundation,OTHER,New Jersey Commission on Spinal Cord Research,Exoskeleton Training; Muscle Biopsies; MRI,"DEVICE,OTHER",2013-10,2013.0,United States
NCT03962582,Supportive Wheelchair Back Compared to Fabric Back,COMPLETED,NA,INTERVENTIONAL,Spinal Cord Injuries,Shirley Ryan AbilityLab,OTHER,Craig Hospital; Motion Concepts; The Craig H. Neilsen Foundation,Matrix back,DEVICE,2017-12-01,2017.0,United States
NCT05906056,Continuous Passive Motion Versus Heterotopic Ossification,RECRUITING,NA,INTERVENTIONAL,Traumatic Brain Injury; Spinal Cord Injuries; Stroke,University of Ioannina,OTHER,,Continuous Passive Motion (CPM); Conventional physiotherapy (PT); Zoledronic Acid Injection,"DEVICE,DRUG,OTHER",2023-05-12,2023.0,Greece
NCT06225245,Augmenting Rehabilitation Outcomes and Functional Neuroplasticity Using Epidural Stimulation of Cervical Spinal Cord,RECRUITING,NA,INTERVENTIONAL,Spinal Cord Injuries; Cervical Spinal Cord Injury,The Methodist Hospital Research Institute,OTHER,,Epidural Spinal Stimulation (ESS),DEVICE,2024-08-06,2024.0,United States
NCT03843073,Connected Catheter- Safety and Effectiveness Study,TERMINATED,NA,INTERVENTIONAL,Urinary Retention; Neurogenic Bladder; Urologic Diseases,Spinal Singularity,INDUSTRY,,Connected Urinary Catheter,DEVICE,2020-10-16,2020.0,United States
NCT02720341,"VIT-ARMin Virtual, Intensified and Patient-tailored Robotic Arm Therapy With the Exoskeleton Robot ARMin",TERMINATED,NA,INTERVENTIONAL,Stroke; Spinal Cord Injury; Healthy,Swiss Federal Institute of Technology,OTHER,"Klinik Lengg, Zurich",ARMin,DEVICE,2015-04-10,2015.0,Switzerland
NCT07404761,Safety and Effectiveness of Spatial StimelMD (SSMD) in Subjects With Upper Limb Neuromotor Impairments,RECRUITING,NA,INTERVENTIONAL,Stroke; Upper-limb Motor Impairment; Hemiparesis; Spinal Cord Injury; Traumatic Brain Injury,Motion Informatics LTD,INDUSTRY,,Spatial StimelMD (SSMD); Functional Electrical Stimulation (FES),DEVICE,2025-12-22,2025.0,Israel
NCT07645027,Low Volume Nose Resistance Breathing Exercise With Incentive Spirometer in Patient With Cervical Spinal Cord Injuries,RECRUITING,NA,INTERVENTIONAL,Cervical Spinal Cord Injury; Cervical Cord Injuries Spinal,Riphah International University,OTHER,,Acapella device plus Incentive Spirometry; conventional respiratory physiotherapy,"BEHAVIORAL,DEVICE",2026-05-01,2026.0,Pakistan
NCT02132702,Performance Attributes and User Progression While Using Ekso,COMPLETED,NA,INTERVENTIONAL,Spinal Cord Injury,Ekso Bionics,INDUSTRY,"Glostrup University Hospital, Copenhagen",Ekso,DEVICE,2014-08,2014.0,Denmark; Germany; Netherlands; Norway; Spain; Sweden; Switzerland
NCT01385384,Diaphragmatic Pacemaker in Tetraplegic Patients With Spinal Cord Injuries,COMPLETED,NA,INTERVENTIONAL,Respiratory Paralysis; Diaphragmatic Paralysis; Spinal Cord Injury,University of Sao Paulo,OTHER,Synapse Biomedical,NeuRx RA/4 diaphragmatic pacemaker,DEVICE,2011-06,2011.0,Brazil
NCT02339233,Epi Stim to Facilitate Standing and Stepping,COMPLETED,NA,INTERVENTIONAL,Spinal Cord Injury,University of Louisville,OTHER,"University of California, Los Angeles; Christopher Reeve Paralysis Foundation; Kessler Foundation; The Leona M. and Harry B. Helmsley Charitable Trust; National Institute for Biomedical Imaging and Bioengineering (NIBIB)",Standing and Stepping with spinal cord Epidural Stimulation,DEVICE,2010-01-01,2010.0,United States
NCT01974635,Proprioception Testing in Persons With Sensorimotor Impairment,TERMINATED,NA,INTERVENTIONAL,Spinal Cord Injury; Stroke; Acquired Brain Injury,Oregon Health and Science University,OTHER,,AMES Therapy,DEVICE,2013-10,2013.0,United States
NCT05094752,Assessment of the Effects of Early Proprioceptive Stimulations in Patients With Spinal Cord Injury,UNKNOWN,NA,INTERVENTIONAL,Spinal Cord Injuries,Assistance Publique - Hôpitaux de Paris,OTHER,,Proprioceptive stimulations; Sham stimulations,DEVICE,2021-10-20,2021.0,France
NCT07147816,Cervical Transcutaneous SCS for TBI,TERMINATED,NA,INTERVENTIONAL,Traumatic Brain Injury; TBI (Traumatic Brain Injury),Roberto de Freitas,OTHER,Chuck Noll Foundation,Transcutaneous electrical stimulation of the cervical spinal cord (tSCS),DEVICE,2025-11-26,2025.0,United States
NCT04568928,Powered Exoskeleton Combined With Functional Electrical Stimulation in Clinical Practice,UNKNOWN,NA,INTERVENTIONAL,Incomplete Spinal Cord Injury,Laval University,OTHER,Praxis Spinal Cord Institute,OLTP/PE + FES,DEVICE,2020-12-10,2020.0,Canada
NCT04105114,Transformation of Paralysis to Stepping,ACTIVE_NOT_RECRUITING,EARLY_PHASE1,INTERVENTIONAL,Spinal Cord Injuries,University of Louisville,OTHER,National Institutes of Health (NIH); National Institute of Neurological Disorders and Stroke (NINDS),Buspirone; Non-invasive Spinal Cord Stimulation; Overground stepping; Gravity Neutral Device; Body Weight Supported Treadmill Training; Rolling Walker,"DEVICE,DRUG",2019-09-30,2019.0,United States
NCT04372134,The Effect of rTMS in Patients With Spinal Cord Injury (rTMS:Repetetive Transcranial Magnetic Stimulation),COMPLETED,NA,INTERVENTIONAL,Spinal Cord Injury,Gaziler Physical Medicine and Rehabilitation Education and Research Hospital,OTHER,,repetitive transcranial magnetic stimulation therapy,DEVICE,2015-10-01,2015.0,
NCT04193709,Recovery of Bladder and Sexual Function After Human Spinal Cord Injury,COMPLETED,NA,INTERVENTIONAL,"Urinary Bladder, Neurogenic; Blood Pressure; Autonomic Dysreflexia; Bowel Incontinence",University of Louisville,OTHER,National Institutes of Health (NIH),Spinal Cord Epidural Stimulation,DEVICE,2021-01-04,2021.0,United States
NCT04075812,High Definition Neuromuscular Stimulation in Tetraplegia,COMPLETED,NA,INTERVENTIONAL,Spinal Cord Injury at C4-C6 Level,Ohio State University,OTHER,,Neuromuscular Stimulator,DEVICE,2013-04-25,2013.0,United States
NCT06818604,Comparing CPAP and BiPAP for Sleep-Disordered Breathing in People with Cervical Spinal Cord Injuries,NOT_YET_RECRUITING,NA,INTERVENTIONAL,Spinal Cord Injuries (SCI); Sleep Disordered Breathing (SDB); Sleep Apnea; Cervical Spinal Cord Injruy,University of British Columbia,OTHER,,CPAP; BiPAP,DEVICE,2025-08-01,2025.0,Canada
NCT03877432,Non-invasive Nerve Stimulation for Inhibition of Bladder Incontinence in Spinal Cord Injured Subjects.,UNKNOWN,NA,INTERVENTIONAL,Spinal Cord Injuries,Taipei Medical University,OTHER,,Dermatome stimulation,DEVICE,2016-10-21,2016.0,
NCT03664479,"Assess the Safety and Efficacy of the 4 Channel NMES, Pilot Study",TERMINATED,NA,INTERVENTIONAL,Dysphagia,Seoul National University Hospital,OTHER,,4 channel Electrical Stimulation Device,DEVICE,2018-03-01,2018.0,South Korea
NCT06159946,Access-H20 Faucet for Spinal Cord Injury,COMPLETED,NA,INTERVENTIONAL,Spinal Cord Injury Cervical,Old Dominion University,OTHER,,Access-H2O faucet,DEVICE,2022-08-15,2022.0,United States
NCT04032990,Transcutaneous Spinal Stimulation: Safety and Feasibility for Upper Limb Function in Children With Spinal Cord Injury,UNKNOWN,NA,INTERVENTIONAL,Spinal Cord Injuries,University of Louisville,OTHER,The Jewish Heritage Foundation for Excellence,Biostim-5 transcutaneous spinal stimulator,DEVICE,2019-11-14,2019.0,United States
NCT04627168,Trancutaneous Abdominal Stimulation on Bowel Function.,UNKNOWN,NA,INTERVENTIONAL,Spinal Cord Injuries; Constipation,"Amol Soin, M.D., MBA",OTHER,,"Non-invasive, surface electrical stimulation device, DS5 Digitimer",DEVICE,2020-10-07,2020.0,United States
NCT04699474,Protocol for Rapid Onset of Mobilization in Patients With Traumatic Spinal Cord Injury,COMPLETED,NA,INTERVENTIONAL,Spinal Cord Injuries,Centre Integre Universitaire de Sante et Services Sociaux du Nord de l'ile de Montreal,OTHER,University of Louisville; Université de Montréal; The Craig H. Neilsen Foundation; École de technologie supérieure,Leg ergometer,DEVICE,2021-04-01,2021.0,Canada
NCT05255679,Early FES Cycling in Acute Spinal Cord Injury for Neuromuscular Preservation and Neurorecovery,COMPLETED,NA,INTERVENTIONAL,Acute Spinal Cord Injury,University of Alberta,OTHER,Royal Alexandra Hospital; Glenrose Foundation,Early FES; Delayed FES,DEVICE,2021-04-21,2021.0,Canada
NCT04532723,Exoskeleton-Assisted Walking ExoAtlet II,WITHDRAWN,NA,INTERVENTIONAL,Spinal Cord Injuries,Craig Hospital,OTHER,"COSMO ROBOTICS CO., Ltd",ExoAtlet II,DEVICE,2021-06,2021.0,
NCT04165395,Evaluate the Incidence of Sacral and Heel Pressure Ulcers During Acute Care After SCI,UNKNOWN,NA,INTERVENTIONAL,Spinal Cord Injuries,Centre Integre Universitaire de Sante et Services Sociaux du Nord de l'ile de Montreal,OTHER,Medline Industries,Five-layer foam dressing; Heelmedix boot,DEVICE,2019-08-19,2019.0,Canada
NCT03240601,Spinal Cord Stimulation to Augment Activity Based Therapy,COMPLETED,NA,INTERVENTIONAL,Transcutaneous Spinal Stimulation; Walking; Spasticity; Human; Spinal Cord Injuries,"Shepherd Center, Atlanta GA",OTHER,Foundation Wings For Life,Transcutaneous spinal stimulation,DEVICE,2017-07-01,2017.0,United States
NCT05575674,Retrospective Study on Myoelectric Elbow-Wrist-Hand Orthosis User Outcomes,COMPLETED,NA,OBSERVATIONAL,Stroke; Brachial Plexus Injury; Spinal Cord Injuries; Neurological Disease,Myomo,INDUSTRY,"Orthocare Innovations, LLC; Geauga Rehabilitation Engineering, Inc.",Myoelectric Elbow-Wrist-Hand Orthosis,DEVICE,2022-10-05,2022.0,United States
NCT01432990,Robotic Gait Training VS.Conventional Rehabilitation in SCI,UNKNOWN,PHASE3,INTERVENTIONAL,Spinal Cord Injury,Prasat Neurological Institute,OTHER_GOV,Mahidol University,Robot gait training; control,"DEVICE,OTHER",2013-01,2013.0,Thailand
NCT01943656,Eyegaze Systems for Spinal Cord Injury: A Feasibility Study,UNKNOWN,PHASE4,INTERVENTIONAL,Spinal Cord Injury,Buckinghamshire Healthcare NHS Trust,OTHER,,Tobii™ Eyegaze System,DEVICE,2013-08,2013.0,United Kingdom
NCT05249595,Ultrasound Imaging Based Sensing of Human Ankle Motion Intent and Control Strategies for Ankle Assistance,UNKNOWN,NA,INTERVENTIONAL,Incomplete Spinal Cord Injury; Transverse Myelitis,North Carolina State University,OTHER,"University of North Carolina, Chapel Hill; U.S. National Science Foundation",Surface electromypgraphy-based interface to predict human ankle joint motion intent and use in ankle assistive devices; Ultrasound imaging-based interface to predict human ankle joint motion intent and use in ankle assistive devices; Surface electromypgraphy and ultrasound imaging-based interface to predict human ankle joint motion intent and use in ankle assistive devices,DEVICE,2020-02-10,2020.0,United States
NCT00645567,Biomechanics of Wheelchair Transfers,COMPLETED,NA,OBSERVATIONAL,Spinal Cord Injury,VA Office of Research and Development,FED,,Unassisted Manual Transfer; Standard Transfer Board; Glide n' Go; Easy Reach lift; Ryno lift,DEVICE,2010-01,2010.0,United States
NCT05644522,Nomad P-KAFO Study,RECRUITING,NA,INTERVENTIONAL,Cerebrovascular Accident; Post-polio Syndrome; Spinal Cord Injuries; Multiple Sclerosis; Muscular Dystrophy; Paralysis,Shirley Ryan AbilityLab,OTHER,,"Indego Nomad® Powered Knee-Ankle-Foot Orthosis (P-KAFO) (Parker Hannifin Corp., Cleveland, OH)",DEVICE,2024-03-01,2024.0,United States
NCT00256672,Effectiveness of Bracing in Preventing Scoliosis in Children With Spinal Cord Injury,UNKNOWN,NA,INTERVENTIONAL,Scoliosis,Shriners Hospitals for Children,OTHER,,Thoraco-Lumbar-Sacral-Orthoses (TLSO) / Flex-Foam,DEVICE,2005-06,2005.0,United States
NCT05333770,Repetitive Transcranial Magnetic Stimulation to Promote Regeneration in Persons With SCI,UNKNOWN,NA,INTERVENTIONAL,Spinal Cord Injuries,Kessler Foundation,OTHER,,High-frequency repetitive transcranial magnetic stimulation,DEVICE,2022-08-20,2022.0,United States
NCT05473676,Robotic Walking for Children Who Cannot Walk,COMPLETED,NA,INTERVENTIONAL,Cerebral Palsy; Mobility Limitation; Brain Injuries; Spinal Cord Injuries; Spina Bifida,University of Calgary,OTHER,,Robotic Training Period,DEVICE,2022-07-04,2022.0,Canada
NCT02983955,UPNRIDE Powered Wheelchair for Individuals With Walking Impairment: Evaluation of Safety and Usability,UNKNOWN,NA,INTERVENTIONAL,Spinal Cord Injury Cervical,UPnRIDE Robotics Ltd.,INDUSTRY,Sheba Medical Center,UPnRIDE Powered Wheelchair,DEVICE,2016-11,2016.0,Israel
NCT00990093,"A Randomised, Cross-over, Open-labelled Test Catheter Acceptance Study",COMPLETED,NA,INTERVENTIONAL,Spinal Cord Injuries,Coloplast A/S,INDUSTRY,,test intermittent catheter; Intermittent catheterization,DEVICE,2009-11,2009.0,Denmark
NCT03504826,Walking Rehabilitation After Spinal Cord Injury: Locomotor Training Using Adaptive Robotics,UNKNOWN,NA,INTERVENTIONAL,Spinal Cord Injuries,Brooks Rehabilitation,OTHER,University of Florida,Hybrid Assistive Limb (HAL),DEVICE,2018-11-29,2018.0,United States
NCT04241250,Neuromodulation Techniques After SCI,COMPLETED,PHASE2,INTERVENTIONAL,Spinal Cord Injury,VA Office of Research and Development,FED,Virginia Commonwealth University,EAW+SCES (exoskelton and spinal cord epidural stimulation); EAW+TS (exoskelton and transspinal stimulation),DEVICE,2020-06-01,2020.0,United States
NCT03026816,Epidural Stimulation After Neurologic Damage,RECRUITING,NA,INTERVENTIONAL,"Spinal Cord Injuries; Paraplegia, Complete",University of Minnesota,OTHER,"Minnesota Office of Higher Education; Hennepin Healthcare Research Institute; Hennepin County Medical Center, Minneapolis",Epidural Spinal Cord Stimulation,DEVICE,2017-08-07,2017.0,United States
NCT05429736,"Activating Spinal Circuits to Improve Walking, Balance, Strength, and Reduce Spasticity",ACTIVE_NOT_RECRUITING,NA,INTERVENTIONAL,"Incomplete Spinal Cord Injury; Spasticity, Muscle","Shepherd Center, Atlanta GA",OTHER,"National Institute on Disability, Independent Living, and Rehabilitation Research",Motor Skill Training (MST); Transcutaneous Spinal Stimulation (TSS),"BEHAVIORAL,DEVICE",2022-03-01,2022.0,United States
NCT01800409,Abdominal Functional Electrical Stimulation Training and Its Effect on Mechanical Insufflation-Exsufflation,UNKNOWN,NA,INTERVENTIONAL,Cervical Spinal Cord Injury,NHS Greater Glasgow and Clyde,OTHER,University of Glasgow,AFES,DEVICE,2013-02,2013.0,United Kingdom
NCT06805500,Robotic Assisted Balance and Exoskeleton Training (REACTION) in Neurorehabilitation: a Feasibility Study,COMPLETED,NA,INTERVENTIONAL,Stroke; Spinal Cord Injury,Roessingh Research and Development,OTHER,Sint Maartenskliniek,REACTION; ABLE Regain; GABLE Core,DEVICE,2025-05-07,2025.0,Netherlands
NCT01962675,Skilled Motor Training and tDCS to Improve Leg Function After Spinal Cord Injury,TERMINATED,NA,INTERVENTIONAL,Spinal Cord Injury,University of Miami,OTHER,,Transcranial direct current stimulation + step training; Sham transcranial direct current stimulation + step training,"BEHAVIORAL,DEVICE",2013-07,2013.0,United States
NCT05433064,Spinal Cord Stimulation for Spinal Cord Injury Patients - Regain Walk and Alleviate Pain,COMPLETED,NA,INTERVENTIONAL,Spinal Cord Injury,Buddhist Tzu Chi General Hospital,OTHER,,Epidural Stimulator,DEVICE,2020-05-01,2020.0,Taiwan
NCT03048357,Effectiveness of Freedom Bed Compared to Manual Turning in Prevention of Pressure Injuries in Persons With Limited Mobility Due to Traumatic Brain Injury and/or Spinal Cord Injury.,UNKNOWN,NA,INTERVENTIONAL,Pressure Ulcer,Northeast Center for Rehabilitation and Brain Injury,OTHER,Probed Medical USA,Freedom Bed; Standard hospital bed,"DEVICE,OTHER",2016-09-01,2016.0,
NCT04144972,Closed-Loop Deep Brain Stimulation for Refractory Chronic Pain,RECRUITING,NA,INTERVENTIONAL,"Spinal Cord Injuries; Nerve Injury; Pain, Postoperative; Post Herpetic Neuralgia; Complex Regional Pain Syndromes; Post-Stroke Pain; Post Radiation Brain Injury; Post Radiation Plexopathy; Nerve Root Avulsion","University of California, San Francisco",OTHER,National Institute of Neurological Disorders and Stroke (NINDS),Medtronic Summit RC+S or Percept RC,DEVICE,2019-10-24,2019.0,United States
NCT03447509,Grasping Function After Spinal Cord Injury,TERMINATED,NA,INTERVENTIONAL,Spinal Cord Injury,VA Office of Research and Development,FED,,iTMS; Motor Task; Sham iTMS; Training,"DEVICE,OTHER",2020-03-17,2020.0,United States
NCT02991248,Improve Dynamic Lateral Balance of Humans With SCI,RECRUITING,NA,INTERVENTIONAL,Spinal Cord Injury,Shirley Ryan AbilityLab,OTHER,,robotic training; spinal cord electrical stimulation; treadmill,DEVICE,2018-11-01,2018.0,United States
NCT02351921,Repetitive Transcranial Magnetic Stimulation in Individuals With Spinal Cord Injury: A Pilot Study,COMPLETED,NA,INTERVENTIONAL,Spinal Cord Injury,McMaster University,OTHER,,Transcranial magnetic stimulation,DEVICE,2015-02,2015.0,Canada
NCT04800523,"""UroMonitor Trial"" in Spinal Cord Injury.",WITHDRAWN,NA,INTERVENTIONAL,Spinal Cord Injuries,University of British Columbia,OTHER,United States Department of Defense,UroMonitor System,DEVICE,2021-10,2021.0,Canada
NCT07738978,Understanding and Enhancing Human Health and Movement,RECRUITING,NA,INTERVENTIONAL,Spinal Cord Injury; Stroke (CVA) or Transient Ischemic Attack; Multiple Sclerosis,Louis Stokes VA Medical Center,FED,,Neural Prosthesis,DEVICE,2021-03-21,2021.0,United States
NCT07090473,Safety of Transcutaneous Electrical Stimulation Potentiating Recovery in Acute Spinal Cord Injury Syndromes,RECRUITING,NA,INTERVENTIONAL,Acute Spinal Cord Injury (SCI); Acute Spinal Cord Injury of Traumatic Origin (tSCI),"University of California, San Francisco",OTHER,Congressionally Directed Medical Research Programs,transcutaneous spinal cord stimulation; sham transcutaneous spinal cord stimulation,DEVICE,2026-04-10,2026.0,United States
NCT07501429,Shockwave for Elbow and Wrist Spasticity in People With Spinal Cord Injury,RECRUITING,PHASE1,INTERVENTIONAL,Spinal Cord Injury; Spasticity; Shockwave Therapy,Kessler Foundation,OTHER,,Focused extracorporeal shockwave therapy,DEVICE,2026-04,2026.0,United States
NCT06948175,Abdominal Electrical Stimulation for Bowel Dysfunction in SCI,ENROLLING_BY_INVITATION,NA,INTERVENTIONAL,Chronic Spinal Cord Injury,University of Alberta,OTHER,Praxis Spinal Cord Institute; Glenrose Foundation,Abdominal transcutaneous electrical stimulation (TES),DEVICE,2025-07-14,2025.0,Canada
NCT07674927,Pilot Study Exploring the Effects of Rhythmic Auditory Stimulation on Gait in People With Motor Incomplete Spinal Cord Injury,RECRUITING,NA,INTERVENTIONAL,Spinal Cord Injury,"University of California, Davis",OTHER,,rhythmic auditory stimulation,DEVICE,2026-06-01,2026.0,United States
NCT05615766,Assessment of a Robotic Exoskeleton for Upper Limb Rehabilitation,RECRUITING,NA,INTERVENTIONAL,Spinal Cord Injuries,University of Liverpool,OTHER,"Robert Jones and Agnes Hunt Orthopaedic and District NHS Trust; The Queen Elizabeth National Spinal Injuries Unit, Scotland; Stoke Mandeville Spinal Research",Experimental: Device Intervention,DEVICE,2022-09-01,2022.0,United Kingdom
NCT02943915,The WISE Trial - Walking Improvement for SCI With Exoskeleton,COMPLETED,NA,INTERVENTIONAL,"Injuries, Spinal Cord",Ekso Bionics,INDUSTRY,Burke Medical Research Institute,Ekso GT Rehabilitation Therapy; Body Weight Supported (BWS) Treadmill Training,DEVICE,2016-09,2016.0,United States
NCT07659743,BreEStim in Managing Neuropathic Pain After Spinal Cord Injury (SCI),NOT_YET_RECRUITING,NA,INTERVENTIONAL,Pain Management,"The University of Texas Health Science Center, Houston",OTHER,National Institutes of Health (NIH); National Institute of Neurological Disorders and Stroke (NINDS),Active BreEStim Treatment; Sham BreEStim Treatment; The TENS Treatment,DEVICE,2026-10-01,2026.0,United States
NCT04097015,Using NI-ES to Treat Spinal Cord Injury (SCI),UNKNOWN,NA,INTERVENTIONAL,"Spinal Cord Injuries; Pain, Neuropathic",SCI Research Advancement,OTHER,DuBois Vision Clinic,Alpha-Stim M,DEVICE,2019-09-20,2019.0,United States
NCT00245726,Functional Electrical Stimulation (FES) Cycling for Children With Spinal Cord Injuries (SCI),COMPLETED,NA,INTERVENTIONAL,Spinal Cord Injury,Shriners Hospitals for Children,OTHER,,FES Cycle; ES therapy; Passive (Motor Assist) Cycle,DEVICE,2004-03,2004.0,United States
NCT03014999,Corticospinal Excitability After rTMS in Spinal Cord Injury Patients,COMPLETED,NA,INTERVENTIONAL,Spinal Cord Injury,Universidade Federal de Pernambuco,OTHER,,High frequency rTMS (repetitive Transcranial Magnetic Stimulation); Low frequency rTMS (repetitive Transcranial Magnetic Stimulation); sham rTMS (repetitive Transcranial Magnetic Stimulation),DEVICE,2016-12,2016.0,Brazil
NCT02973438,"Effects of Intermittent Hypoxia (IH) on Metabolism and Dysglycemia, in Overweight/Obese Persons SCI",COMPLETED,NA,INTERVENTIONAL,Spinal Cord Injuries; Obesity; Insulin Resistance,University of Miami,OTHER,,Intermittent Hypoxia (IH); SHAM,DEVICE,2016-12,2016.0,United States
NCT00594178,Palliative Strategies in Spinal Cord Injury (SCI),COMPLETED,NA,INTERVENTIONAL,Spinal Cord Injury,University of Arkansas,OTHER,,Motorized bicycle exercise training,DEVICE,2003-10,2003.0,United States
NCT06836739,At-Home Genital Nerve Stimulation for SCI Bowel,RECRUITING,NA,INTERVENTIONAL,Spinal Cord Injury,MetroHealth Medical Center,OTHER,Congressionally Directed Medical Research Programs,Genital nerve stimulation,DEVICE,2025-03-01,2025.0,United States
NCT01491789,Virtual Sailing Simulator in Individuals With Spinal Cord Injury,COMPLETED,NA,INTERVENTIONAL,Spinal Cord Injury,"Hugo W. Moser Research Institute at Kennedy Krieger, Inc.",OTHER,,The VSail-Access simulator,DEVICE,2011-05,2011.0,United States
NCT05253989,Pilot Study of EMG-Directed Virtual-Reality Experience Training for Motor Stroke Rehabilitation,UNKNOWN,NA,INTERVENTIONAL,Stroke; Spinal Cord Injuries,Imperial College London,OTHER,,VR Intervention; FES,DEVICE,2022-05-01,2022.0,
NCT04315389,SG Healthcare and Assistive Robotics Programme (SHARP) - Proof of Concept Study,COMPLETED,NA,OBSERVATIONAL,Stroke; Joint Replacement Surgery; Acquired Brain Injury; Spinal Cord Injuries; Traumatic Brain Injury With Loss of Consciousness,Tan Tock Seng Hospital,OTHER,Nanyang Technological University,(1) Mobile Assistant Balance Robot; (2) Transfer Assistive Cobot,DEVICE,2020-12-02,2020.0,Singapore
NCT06019949,Spinal Cord Stimulation for Respiratory Rehabilitation in Patients With Chronic Spinal Cord Injury,RECRUITING,NA,INTERVENTIONAL,Spinal Cord Injuries; Respiration Disorders,University of Louisville,OTHER,"National Heart, Lung, and Blood Institute (NHLBI)",Transcutaneous spinal cord stimulator; Respiratory Training,DEVICE,2023-09-10,2023.0,United States
NCT07583576,"Effects of Functional Electrical Stimulation on Spasticity, Quadriceps Muscle Strength and Functional Mobility in Individuals With Paraplegia",NOT_YET_RECRUITING,NA,INTERVENTIONAL,Spinal Cord Injury; Paraplegia; Spasticity; Neurorehabilitation,Istanbul Medipol University Hospital,OTHER,,Conventional Neurorehabilitation; Functional Electrical Stimulation (FES) of Quadriceps Muscle,"DEVICE,OTHER",2026-05-10,2026.0,
NCT06838975,"Virtual Reality Rehabilitation for Cognitive, Emotional, and Motor Recovery in Neurological Disorders",ACTIVE_NOT_RECRUITING,NA,INTERVENTIONAL,Acquired Brain Injuries; Spinal Cord Injury; Multiple Sclerosis; Parkinson Disease,IRCCS Centro Neurolesi Bonino Pulejo,OTHER,,VR Training; traditional cognitive and motor rehabilitation following standard clinical practices,"DEVICE,OTHER",2025-01-16,2025.0,Italy
NCT03834324,Functional Electrical Stimulation During Cycling in People With Spinal Cord Injury,COMPLETED,NA,INTERVENTIONAL,Spinal Cord Injuries,University of Southampton,OTHER,"University College, London",FES,DEVICE,2013-05-03,2013.0,
NCT05801536,TCES for Upper Limb Function in Cervical SCI,COMPLETED,NA,INTERVENTIONAL,Spinal Cord Injuries,University of Leeds,OTHER,International Spinal Research Trust,SCONE,DEVICE,2022-06-13,2022.0,United Kingdom
NCT07204184,Multisite Transspinal Stimulation for Augmenting Recovery in Spinal Cord Injury,RECRUITING,NA,INTERVENTIONAL,Spinal Cord Injuries (Complete and Incomplete),"Maria Knikou, PT, MBA, PhD",OTHER,,Multisite transspinal stimulation at rest; Multisite transspinal stimulation during robotic gait training,DEVICE,2026-02-19,2026.0,United States
NCT06845904,Study on Preliminary Safety and Efficacy of Epidural Electrical Stimulation to Manage Lower Urinary Tract Dysfunction After Spinal Cord Injury,RECRUITING,NA,INTERVENTIONAL,Spinal Cord Injuries (SCI); Spinal Cord Injury,Ecole Polytechnique Fédérale de Lausanne,OTHER,,WaveWriter Alpha™ neurostimulation system,DEVICE,2025-03-10,2025.0,Switzerland
NCT07615491,PMCF Study on the Effectiveness and Safety of METROSAN Spinal Systems and BONEGRAFT Filling Materials,RECRUITING,NA,OBSERVATIONAL,Degenerative Disc Disease (DDD); Spinal Stenosis; Spondylolisthesis; Spinal Deformities; Spinal Tumors; Spinal Infections; Spinal Trauma; Vertebral Fractures,Metrosan End. ve Elk. Mek. Cihazlar ve Tibbi Malz. San. Tic. Ltd. Co.,INDUSTRY,Bonegraft Biyolojik Malzemeler San. ve Tic. A.S.,Titania® Cervical Interbody Fusion Cage (Titanium); Titania® Cervical Interbody Fusion Cage (PEEK); Titania® Posterior Cervical Stabilization System; Titania® Cervical Plate System; Titania® Cervical Dynamic Stabilization System (Elastic Rod); Titania® Cervical Disc Prosthesis (Titanium); Titania® Cervical Disc Prosthesis (PEEK); Titania® Lumbar Interbody Fusion Cages (Titanium); Titania® Lumbar Interbody Fusion Cages (PEEK); Titania® Interspinous Fusion Device (Titanium); Titania® Posterior Thoracolumbar Stabilization Systems; Titania® Posterior Thoracolumbar Clamp Systems; Titania® Thoracolumbar Dynamic Stabilization System (Elastic Rod); Bonegraft® Synthetic Bone Grafts; Bonegraft® Bone Cement,DEVICE,2026-04-27,2026.0,Turkey (Türkiye)
NCT04241003,"Effects of the SmartDrive on Mobility, Activity and Shoulder Pain Among People With SCI Using Manual Wheelchairs",COMPLETED,NA,INTERVENTIONAL,Spinal Cord Injuries,"Permobil, Inc.",INDUSTRY,,SmartDrive Mx2+,DEVICE,2019-06-11,2019.0,Sweden
NCT05863754,Grasp-Release Assessment of a Networked Neuroprosthesis Device,RECRUITING,NA,INTERVENTIONAL,Spinal Cord Injury at C5-C7 Level; Spinal Cord Injuries; Spinal Cord Injury Cervical,MetroHealth Medical Center,OTHER,National Institute of Neurological Disorders and Stroke (NINDS); Case Western Reserve University,Networked Neuroprosthesis Device,DEVICE,2022-01-23,2022.0,United States
NCT00262457,"BIONs, for Improved Tissue Health and Pressure Sore Prevention",WITHDRAWN,NA,INTERVENTIONAL,Pressure Ulcers; Spinal Cord Injury,US Department of Veterans Affairs,FED,,Implanted gluteal electrical stimulation system,DEVICE,2004-04,2004.0,United States
NCT02562001,Association Between tDCS and Lokomat Training in Patients With Incomplete Spinal Cord Injury,COMPLETED,NA,INTERVENTIONAL,Spinal Cord Injuries,University of Sao Paulo General Hospital,OTHER,,Outpatient active group; Outpatient placebo group; Inpatient active group; Inpatient placebo group,DEVICE,2015-05-06,2015.0,Brazil
NCT07745712,Clinical Investigation to Validate the Safety and Performance of the ABLE Kids Device in Pediatric Patients With Neurological Gait Disorders in a Clinical Setting,NOT_YET_RECRUITING,NA,INTERVENTIONAL,Gait Impairment; Aquired Brain Injury; Cerebral Palsy (CP); Neuromuscular Diseases (NMD); Spinal Cord Injuries (SCI); Spina Bifida; Muscular Weakness,ABLE Human Motion S.L.,INDUSTRY,Som·hi Rehab,ABLE Kids,DEVICE,2026-09-01,2026.0,Spain
NCT04309864,CMAP Refinement for Pressure Injury Prevention,COMPLETED,NA,INTERVENTIONAL,Pressure Ulcer,VA Office of Research and Development,FED,,Use of CMAP app for education (in-hospital); Use of CMAP app (in-home),DEVICE,2020-06-01,2020.0,United States
NCT07588711,Transcutaneous Auricular Vagus Nerve Stimulation as a Treatment for Neuropathic Pain Following Spinal Cord Injury,NOT_YET_RECRUITING,NA,INTERVENTIONAL,Spinal Cord Injury; Neuropathic Pain,London Health Sciences Centre Research Institute OR Lawson Research Institute of St. Joseph's,OTHER,,Active Transcutaneous Auricular Vagus Nerve Stimulation; Sham Transcutaneous Auricular Vagus Nerve Stimulation,DEVICE,2026-10-01,2026.0,Canada
NCT01124292,Evaluation of a Tongue Operated Assistive Technology for Individuals With Severe Paralysis,COMPLETED,PHASE1,INTERVENTIONAL,Quadriplegia; Spinal Cord Injury; ALS,Georgia Institute of Technology,OTHER,"Shepherd Center, Atlanta GA; Northwestern University; Shirley Ryan AbilityLab; University of Arizona",Tongue Piercing; Usability assessment,"DEVICE,PROCEDURE",2010-05,2010.0,United States
NCT01740128,Multimodal Exercises to Improve Leg Function After Spinal Cord Injury,COMPLETED,NA,INTERVENTIONAL,Spinal Cord Injuries; Paraplegia; Paraparesis,VA Office of Research and Development,FED,,Robotic body weight supported treadmill training; Harness-supported multimodal balance training,"DEVICE,OTHER",2013-01-01,2013.0,United States
NCT07062796,Access-H20: Sensor-driven Smart Faucet,COMPLETED,PHASE2,INTERVENTIONAL,Spinal Cord Injury Cervical,Old Dominion University,OTHER,Eunice Kennedy Shriver National Institute of Child Health and Human Development (NICHD),Water Faucet,DEVICE,2025-06-03,2025.0,United States
NCT04171375,Restorative Neuromodulation for Lower Extremity Functions,COMPLETED,NA,INTERVENTIONAL,Spinal Cord Injuries; Stroke; Paralysis,The Hong Kong Polytechnic University,OTHER,"University of California, Los Angeles; Hospital Authority, Hong Kong",trans-spinal Electrical Stimulation (tsES),DEVICE,2019-04-01,2019.0,Hong Kong
NCT03702842,Stimulation to Enhance Walking Post-SCI,COMPLETED,NA,INTERVENTIONAL,SCI - Spinal Cord Injury; Incomplete Spinal Cord Injury,University of Florida,OTHER,National Institutes of Health (NIH); Eunice Kennedy Shriver National Institute of Child Health and Human Development (NICHD); Brooks Rehabilitation,Soterix Medical tsDCS stimulator; Locomotor training,"DEVICE,OTHER",2019-04-01,2019.0,United States
NCT03083366,Sacral Nerve Stimulation in Improving Bladder Function After Acute Traumatic Spinal Cord Injury,TERMINATED,NA,INTERVENTIONAL,"Spinal Cord Injury, Acute; Neurogenic Bladder; Incontinence; Urinary Tract Infections",University of Utah,OTHER,"Rancho Research Institute, Inc.","PrimeAdvanced Surescan 97702 Neurostimulator - Medtronic (Minneapolis, MN)",DEVICE,2019-08-07,2019.0,United States
NCT05756894,Neurostimulation for Respiratory Function After Spinal Cord Injury,RECRUITING,NA,INTERVENTIONAL,Spinal Cord Injuries; Cervical Spinal Cord Injury; Respiratory Function Impaired,Shirley Ryan AbilityLab,OTHER,,Neurostimulation; Repiratory training,"DEVICE,OTHER",2023-02-28,2023.0,United States
NCT01701388,EKSO Trial: Powered Exoskeleton for Ambulation in Subjects With Spinal Cord Injury (SCI),ACTIVE_NOT_RECRUITING,NA,INTERVENTIONAL,Spinal Cord Injuries or Similar Neurological Weakness,Shirley Ryan AbilityLab,OTHER,United States Department of Defense,Ekso exoskeleton,DEVICE,2012-05,2012.0,United States
NCT06349434,The Utilization Effects of Powered Wearable Orthotics in Improving Upper Extremity Function and ADL in Persons With SCI,RECRUITING,NA,INTERVENTIONAL,SCI - Spinal Cord Injury; Upper Extremity Dysfunction; Upper Extremity Problem,Kessler Foundation,OTHER,,MyoMo; conventional therapy,"DEVICE,OTHER",2023-10-15,2023.0,United States
NCT03340792,Effects of Ambulation Training Utilizing an Exoskeleton Robot on Subjects With Spinal Cord Injury,UNKNOWN,NA,INTERVENTIONAL,Spinal Cord Injuries,China Medical University Hospital,OTHER,,Ambulation training utilizing an exoskeleton robot,DEVICE,2017-11-23,2017.0,Taiwan
NCT07668063,Device for Bladder Control for Men With SCI,NOT_YET_RECRUITING,"PHASE1,PHASE2",INTERVENTIONAL,Neurogenic Bladder,VA Office of Research and Development,FED,,Noninvasive electrical stimulation device to improve bladder control,DEVICE,2028-06-01,2028.0,United States
NCT07007884,Effect of Transauricular Vagal Stimulation on Cardiac Function After Spinal Cord Injury,RECRUITING,NA,INTERVENTIONAL,Spinal Cord Injury (SCI),Gaziler Physical Medicine and Rehabilitation Education and Research Hospital,OTHER,,Active Transauricular Vagus Nerve Stimulation; Sham Transauricular Vagus Nerve Stimulation,DEVICE,2024-03-20,2024.0,Turkey (Türkiye)
NCT05502614,Dorsal Genital Nerve Stimulation for Bladder Management After SCI,UNKNOWN,NA,INTERVENTIONAL,Spinal Cord Injuries; Neurogenic Bladder; Neurogenic Detrusor Overactivity; Neurogenic Bladder Dysfunction,"University College, London",OTHER,Royal National Orthopaedic Hospital NHS Trust,Neuromodulation,DEVICE,2023-01-23,2023.0,United Kingdom
NCT04453943,"Modeling, Optimization, and Control Methods for a Personalized Hybrid Walking Exoskeleton",UNKNOWN,NA,INTERVENTIONAL,"Spinal Cord Injuries; Paraplegia, Spinal; Paraplegia, Incomplete",North Carolina State University,OTHER,"U.S. National Science Foundation; University of North Carolina, Chapel Hill",Exoskeleton Walking - with or without FES; Exoskeleton Sitting to Standing - with or without FES,DEVICE,2020-07-01,2020.0,United States
NCT01023269,Efficacy Study of Pudendal Neuromodulation for the Treatment of Neurogenic Overactive Bladder,TERMINATED,NA,INTERVENTIONAL,Neurogenic Overactive Bladder; Urinary Incontinence; Detrusor Overactivity,MedtronicNeuro,INDUSTRY,,InterStim Therapy,DEVICE,2009-12,2009.0,Belgium; France; Germany; Italy; Netherlands; United Kingdom
NCT04887688,Exciflex Electroceutical Banadage for Chronic Wound Therapy,RECRUITING,NA,INTERVENTIONAL,Chronic Wound; Diabetes; Spinal Cord Injury; Ischemic Wound,VA Office of Research and Development,FED,,exciflex,DEVICE,2022-10-05,2022.0,United States
NCT03267810,TENS Trial to Prevent Neuropathic Pain in SCI,TERMINATED,NA,INTERVENTIONAL,Spinal Cord Injuries,University of Miami,OTHER,"National Institute on Disability, Independent Living, and Rehabilitation Research",TENS; Sham TENS,"DEVICE,OTHER",2017-08-14,2017.0,United States
NCT03071393,Intermittent Hypoxia to Enhance Motor Function After Spinal Cord Injury,COMPLETED,NA,INTERVENTIONAL,Spinal Cord Injuries,University of Florida,OTHER,,Hypoxia via Hypoxico Hyp-123; Sham via Hypoxico Hyp-123,DEVICE,2017-07-10,2017.0,United States
NCT03509558,Transcutaneous Spinal Stimulation and Exercise for Locomotion,RECRUITING,NA,INTERVENTIONAL,Spinal Cord Injuries,University of Washington,OTHER,,Transcutaneous spinal stimulation; Physical Therapy,"DEVICE,OTHER",2018-02-28,2018.0,United States
NCT07586644,Combined rTMS and tSCS for Upper Limb Recovery in Cervical SCI,NOT_YET_RECRUITING,NA,INTERVENTIONAL,Spinal Cord Injuries (SCI),"National University Hospital, Singapore",OTHER,,Transcranial Magnetic Stimulation; Transcutaneous Spinal Cord Stimulation,DEVICE,2027-03-30,2027.0,Singapore
NCT04700033,Immersive Virtual Reality for Chronic Neuropathic Pain After Spinal Cord Injury: A Feasibility Trial,COMPLETED,NA,INTERVENTIONAL,Neuralgia; Spinal Cord Injuries; Chronic Pain,Icahn School of Medicine at Mount Sinai,OTHER,,Somatic IVR (sIVR); Distractive IVR (dIVR); Control IVR (cIVR),DEVICE,2019-07-17,2019.0,United States
NCT04523636,Evaluation of Splinting in Tetraplegia,COMPLETED,NA,INTERVENTIONAL,Spinal Cord Injury Cervical; Splints,Thomas Jefferson University,OTHER,"University of Maryland, Baltimore; The Craig H. Neilsen Foundation",Splinting,DEVICE,2018-01-04,2018.0,United States
NCT07674511,Impact of Transcutaneous Spinal Stimulation on Blood Pressure and Orthostasis in Spinal Cord Injury,NOT_YET_RECRUITING,NA,INTERVENTIONAL,"Spinal Cord Injuries; Hypotension; Orthostatic Hypotension; Spinal Cord Diseases; Cardiovascular Diseases; Trauma, Nervous System; Central Nervous System Disease; Nervous System Diseases; Blood Pressure",Kessler Foundation,OTHER,Montclair State University,Tilt test with stimulation (real-time effects): Intervention 1; 20 sessions of stimulation (Intervention 2),DEVICE,2026-09,2026.0,United States
NCT03975634,Transcutaneous Spinal Stimulation: Safety and Feasibility for Trunk Control in Children With Spinal Cord Injury,UNKNOWN,NA,INTERVENTIONAL,Spinal Cord Injuries,University of Louisville,OTHER,National Center of Neuromodulation for Rehabilitation,Transcutaneous Spinal Stimulation,DEVICE,2019-08-12,2019.0,United States
NCT04906928,Evaluation of New MRI Sequences Including 3D-FGAPSIR for the Optimization of Inflammatory Spinal Cord Lesions Research,RECRUITING,NA,OBSERVATIONAL,Spinal Cord Injuries,Fondation Ophtalmologique Adolphe de Rothschild,NETWORK,,MRI,DEVICE,2023-10-25,2023.0,France
NCT04736849,Epidural and Dorsal Root Stimulation in Humans With Spinal Cord Injury,COMPLETED,NA,INTERVENTIONAL,Spinal Cord Injuries; Paraplegia; Tetraplegia; Paralysis,"Peter J. Grahn, Ph.D.",OTHER,National Institute of Neurological Disorders and Stroke (NINDS),Percutaneous epidural and dorsal root stimulation,DEVICE,2021-09-24,2021.0,United States
NCT07264868,Home Neuromodulation for Neurogenic Bladder Management in Spinal Cord Injury,RECRUITING,NA,INTERVENTIONAL,Spinal Cord Injury (SCI); Neurogenic Bladder (NB),"The University of Texas Health Science Center, Houston",OTHER,Congressionally Directed Medical Research Programs,iTNS; Sham iTNS,DEVICE,2026-05-07,2026.0,United States
NCT02592291,Mobile Health Self-Management and Support System for Chronic and Complex Health Conditions,RECRUITING,NA,INTERVENTIONAL,Spinal Cord Injuries; Cerebral Palsy; Spinal Dysraphism; Brain Injuries; Spina Bifida; Traumatic Brain Injury,University of Pittsburgh,OTHER,Department of Health and Human Services,MHealth,DEVICE,2019-10-01,2019.0,United States
NCT05296889,Post-Market Clinical Follow-Up Study on the Safety and Performance of Ennovate® Cervical,RECRUITING,NA,OBSERVATIONAL,Spine Fracture; Degenerative Disc Disease; Spinal Instability; Spinal Tumor; Degenerative Myelopathy,Aesculap AG,INDUSTRY,Raylytic GmbH,posterior stabilization for the cervical spine,DEVICE,2021-07-21,2021.0,Germany
NCT05994846,Non-Invasive Electrical and Magnetic Neuromodulation in Persons With Chronic Spinal,SUSPENDED,NA,INTERVENTIONAL,Spinal Cord Injuries; Spinal Cord Diseases,Thomas Jefferson University,OTHER,,RISES-T System,DEVICE,2023-06-23,2023.0,United States
NCT00010374,Electrical Activation of The Diaphragm for Ventilatory Assist,COMPLETED,NA,INTERVENTIONAL,Spinal Cord Injury; Quadriplegia,Synapse Biomedical,INDUSTRY,"University Hospitals Cleveland Medical Center; Shepherd Center, Atlanta GA",NeuRx DPS,DEVICE,2000-02,2000.0,Canada; United States
NCT01803919,Efficacy Study of Antimicrobial Catheters to Avoid Urinary Infections in Spinal Cord Injured Patients,TERMINATED,NA,INTERVENTIONAL,Urinary Tract Infection,Fundació Institut de Recerca de l'Hospital de la Santa Creu i Sant Pau,OTHER,Asociacion Colaboracion Cochrane Iberoamericana; European Clinical Research Infrastructure Network,Silver Alloy-Coated Urinary Catheters; Conventional Urinary Catheter,DEVICE,2012-11,2012.0,Chile; Italy; Portugal; Spain; Turkey (Türkiye)
NCT03441256,"Motor, Sensory, and Autonomic Function in Traumatic Spinal Cord Injury After the LION Procedure.",COMPLETED,NA,INTERVENTIONAL,Spinal Cord Injuries,Spinal Cord Injury Centre of Western Denmark,OTHER,"Aarhus University Hospital; Regionshospitalet Viborg, Skive; University of Southern Denmark",LION procedure; NMES,DEVICE,2018-01-01,2018.0,Denmark
NCT04530955,Transitioning to a Valve-Gated Intrathecal Drug Delivery System (IDDS),UNKNOWN,NA,INTERVENTIONAL,"Injuries, Spinal Cord; CVA (Cerebrovascular Accident); Traumatic Brain Injury; MS (Multiple Sclerosis); Muscle Spasticity; Cerebral Palsy, Spastic",Culicchia Neurological Clinic,OTHER,Flowonix Medical,Prometra II Programmable Pump - Flowonix Medical,DEVICE,2020-09-24,2020.0,United States
NCT05305118,TSCS for Acute SCI,RECRUITING,NA,INTERVENTIONAL,Acute Spinal Cord Injury; Blood Pressure; Hypotension,Icahn School of Medicine at Mount Sinai,OTHER,James J. Peters Veterans Affairs Medical Center,TSCS Mapping; Transcutaneous spinal cord stimulation,"DEVICE,PROCEDURE",2022-01-01,2022.0,United States
NCT02556125,Diaphragm Pacing After Spinal Cord Injury,COMPLETED,NA,OBSERVATIONAL,"Injuries, Spinal Cord",University of Florida,OTHER,Brooks Rehabilitation; The Craig H. Neilsen Foundation,Diaphragm pacing,DEVICE,2015-12,2015.0,United States
NCT02978638,Electrical Stimulation for Continence After Spinal Cord Injury,ACTIVE_NOT_RECRUITING,NA,INTERVENTIONAL,Spinal Cord Injury; Neurogenic Bladder; Incontinence,Palo Alto Veterans Institute for Research,OTHER,VA Palo Alto Health Care System; Stanford University; Case Western Reserve University; Santa Clara Valley Medical Center; University of New Mexico,Finetech Vocare Bladder System,DEVICE,2014-09,2014.0,United States
NCT01349478,The Effects of Passive Gait Training in Complete Motor Spinal Cord Injury (SCI),COMPLETED,"PHASE1,PHASE2",INTERVENTIONAL,Motor Complete Spinal Cord Injury,Dr. Gabriel Zeilig,OTHER_GOV,,LOKOMAT,DEVICE,2011-05,2011.0,Israel
NCT05110053,Spinal Cord sTimulation thEraPy for Parkinson's Disease Patients With Gait Problems,COMPLETED,NA,INTERVENTIONAL,"Parkinson Disease; Gait Disorders, Neurologic; Fall Injury",University of Aarhus,OTHER,,Spinal Cord Stimulation,DEVICE,2021-09-01,2021.0,Denmark
NCT05187650,Effectiveness of a Powered Exoskeleton Combined With FES for Patients With Chronic SCI: a RCT,RECRUITING,NA,INTERVENTIONAL,"Spinal Cord Injuries; Gait Disorders, Neurologic",Mario Widmer,NETWORK,,"Ekso (EksoNR, Ekso Bionics); FES (RehaMove2, Hasomed)",DEVICE,2022-03-18,2022.0,Switzerland
NCT05044923,Restoring Hemodynamic Stability Using Targeted Epidural Spinal Stimulation Following Spinal Cord Injury,UNKNOWN,NA,INTERVENTIONAL,Spinal Cord Injuries,Aaron Phillips,OTHER,,Targeted Epidural Spinal Stimulation,DEVICE,2021-12,2021.0,Canada
NCT01570816,Improving Ambulatory Community Access After Paralysis,UNKNOWN,PHASE1,INTERVENTIONAL,Stroke; Partial Paralysis; Spinal Cord Injury; Tetraplegia; Quadriplegia,Louis Stokes VA Medical Center,FED,,IRS-8 (8 channel implanted receiver stimulator),DEVICE,2012-04,2012.0,United States
NCT04074616,Reducing Anticholinergic Bladder Medication Use in Spinal Cord Injury With Home Neuromodulation,COMPLETED,NA,INTERVENTIONAL,Chronic Spinal Cord Injury; Neurogenic Bladder,"The University of Texas Health Science Center, Houston",OTHER,National Center for Advancing Translational Sciences (NCATS),High Dose; Low dose,DEVICE,2019-11-19,2019.0,United States
NCT07722429,Exploration of the Effectiveness and Mechanism of Personalized Epidural Electrical Stimulation in Improving Upper Limb Function in Participants With Spinal Cord Injury,RECRUITING,NA,INTERVENTIONAL,Spinal Cord Injury(SCI),Buddhist Tzu Chi General Hospital,OTHER,,Epidural electrical stimulation (EES),DEVICE,2025-11-17,2025.0,Taiwan
NCT02658656,Powered Exoskeletons in Persons With SCI,COMPLETED,NA,INTERVENTIONAL,Spinal Cord Injury,VA Office of Research and Development,FED,,ReWalk 6.0,DEVICE,2016-08-01,2016.0,United States
NCT02573402,The Effects Upon the Bladder of Transcutaneous Tibial Nerve Stimulation in Acute Traumatic Spinal Cord Injury,COMPLETED,NA,INTERVENTIONAL,Spinal Cord Injury; Neurogenic Bladder,"The University of Texas Health Science Center, Houston",OTHER,The Institute for Rehabilitation and Research (TIRR); Baylor College of Medicine; Case Western Reserve University; University of Houston,Transcutaneous Tibial Nerve Stimulation; Control,DEVICE,2016-07-12,2016.0,United States
NCT06437548,Epidural Stimulation for Upper Extremity Function,NOT_YET_RECRUITING,NA,INTERVENTIONAL,Spinal Cord Injury Cervical; Tetraplegia,Brigham and Women's Hospital,OTHER,,Percutaneous spinal cord stimulation,DEVICE,2024-09,2024.0,
NCT04179799,Diaphragm Pacing in Individuals With Spinal Cord Injuries,COMPLETED,NA,OBSERVATIONAL,Cervical Spinal Cord Injury,University of Florida,OTHER,National Institutes of Health (NIH),Diaphragm Pacing,DEVICE,2020-01-10,2020.0,United States
NCT05301335,"Spinal COrd NeuromodulaTor by SpIneX and ScoNE to Treat NeurogeniC BladdEr - SCONE ""CONTINENCE"" Clinical Study",COMPLETED,NA,INTERVENTIONAL,Neurogenic Bladder; Spinal Cord Injuries (Complete and Incomplete); Stroke; Multiple Sclerosis,SpineX Inc.,INDUSTRY,"Rancho Los Amigos National Rehabilitation Center, Downey, California, United States; Atrium Health, Charlotte, North Carolina, United States; MedStar National Rehabilitation Network, Washington, District of Columbia, United States; University of California, San Diego; Craig Hospital, Englewood, Colorado, United States; Columbia University; Institute of Brain and Spine (IBS Hospital), New Delhi, India; International Collaboration On Repair Discoveries (ICORD), Vancouver, British Columbia, Canada; University of Miami, Miami, United States; Mayo Clinic, Rochester, Minnesota, United States; Shepherd Center, Atlanta GA; Spaulding Rehabilitation Hospital, Charlestown, Massachusetts, United States",SCONE,DEVICE,2022-05-25,2022.0,Canada; India; United States
NCT02473614,Efficacy Study of the Music Glove Patients With Spinal Cord Injuries,COMPLETED,NA,INTERVENTIONAL,Spinal Cord Injuries,"University of California, Irvine",OTHER,,Music Glove; Conventional Hand Exercise Program,"DEVICE,OTHER",2015-03,2015.0,United States
NCT05008484,Effects of Electrical Stimulation and Vitamin D Supplementation on Bone Health Following Spinal Cord Injury.,COMPLETED,"PHASE2,PHASE3",INTERVENTIONAL,Spinal Cord Injury,VA Office of Research and Development,FED,Virginia Commonwealth University; NYU Langone Health,NMES; Vitamin D; Passive movement,"BEHAVIORAL,DEVICE,DRUG",2021-10-01,2021.0,United States
NCT02202538,Indego® Exoskeleton; Assessing Mobility for Persons With Spinal Cord Injury (SCI).,COMPLETED,NA,INTERVENTIONAL,Spinal Cord Injury,Parker Hannifin Corporation,INDUSTRY,,Indego,DEVICE,2014-08,2014.0,United States
NCT06531837,Electroencephalographic Characteristics of Chronic Pain in Patients With Spinal Cord Injury,NOT_YET_RECRUITING,NA,INTERVENTIONAL,Chronic Pain,Beijing Tiantan Hospital,OTHER,,Esketamine(Continuous infusion); Remifentanil (Target-Controlled Infusion); Flurbiprofen (Single intravenous injection); Spinal Cord Stimulation; No intervention,"DEVICE,DRUG,OTHER",2024-08-25,2024.0,China
NCT05386537,Combining Wearable Robotic Orthosis With Visual and Haptic Feedback to Enhance the Recovery of Upper Extremity Motor Function and ADL in Persons With Acute SCI,UNKNOWN,EARLY_PHASE1,INTERVENTIONAL,SCI - Spinal Cord Injury,Kessler Foundation,OTHER,,MyoMo orthosis and VR games; MyoPro robot only; Games only; Control,"COMBINATION_PRODUCT,DEVICE,OTHER",2021-04-01,2021.0,United States
NCT03567902,C-MAC Videolaryngoscope Intubation and Cervical Spine Motion,UNKNOWN,NA,INTERVENTIONAL,Intubation;Difficult; Cervical Spinal Cord Injury,Seoul National University Hospital,OTHER,,C-MAC videolaryngoscope intubation; Direct laryngoscope intubation,DEVICE,2018-06,2018.0,
NCT03443700,Randomized Controlled Trial on Robotic Exoskeleton in Spinal Cord Injury: Clinical Outcomes and Cortical Plasticity,UNKNOWN,NA,INTERVENTIONAL,Spinal Cord Injuries,Azienda Usl di Bologna,OTHER_GOV,"IRCCS Istituto delle Scienze Neurologiche di Bologna; University of Bologna; Montecatone Rehabilitation Institute S.p.A., Imola (Italy); IRCCS Fondazione S. Lucia, Roma (Italy); IRCCS Fondazione Ospedale S. Camillo, Venezia (Italy)",EKSO-GT; Standard neurorehabilitation locomotor training,"DEVICE,PROCEDURE",2020-12-10,2020.0,Italy
NCT04047992,Seated Balance Using the Indego™,RECRUITING,NA,INTERVENTIONAL,Spinal Cord Injuries,James J. Peters Veterans Affairs Medical Center,FED,,Indego™ Exoskeleton,DEVICE,2018-02-01,2018.0,United States
NCT04440709,Brain/Neural Hand Exoskeleton Control for Restoration of Bimanual Tasks,UNKNOWN,NA,INTERVENTIONAL,Spinal Cord Injury; Stroke,University Hospital Tuebingen,OTHER,"Charite University, Berlin, Germany; Reutlingen University; Hochschule der Medien; University of Stuttgart",Brain/neural hand exoskeleton (B/NHE),DEVICE,2020-06,2020.0,Germany
NCT04624607,Transspinal-Transcortical Paired Stimulation for Neuroplasticity and Recovery After SCI,COMPLETED,NA,INTERVENTIONAL,"Spinal Cord Injuries; Paraplegia, Spinal; Tetraplegia/Tetraparesis","College of Staten Island, the City University of New York",OTHER,,Transspinal-transcortical paired-associative stimiulation combined with robotic gait training; Transcortical-transspinal paired-associative stimiulation combined with robotic gait training,DEVICE,2018-01-05,2018.0,United States
NCT03394560,rTMS and Body Weight-support Treadmill Training After Incomplete Spinal Cord Injury,UNKNOWN,PHASE2,INTERVENTIONAL,Spinal Cord Injuries,Universidade Federal de Pernambuco,OTHER,,High frequency repetitive transcranial magnetic stimulation; Sham High frequency repetitive transcranial magnetic stimulation,DEVICE,2018-01-30,2018.0,Brazil
NCT05926310,Safety and Feasibility of TWIICE Rise,UNKNOWN,NA,INTERVENTIONAL,"Spinal Cord Injuries; Gait Disorders, Neurologic",TWIICE,INDUSTRY,"Swiss Paraplegic Research, Nottwil",TWIICE Rise,DEVICE,2023-07-25,2023.0,Switzerland
NCT03364660,Task-specific Epidural Stimulation Study,RECRUITING,NA,INTERVENTIONAL,Spinal Cord Injuries,University of Louisville,OTHER,Christopher Reeve Paralysis Foundation,Acute epidural stimulation for cardiovascular stability; Long Term Epidural Stimulation for Cardiovascular Stability; Participants undergo approximately 4 months of epidural stimulation for voluntary movement.; Long Term Epidural Stimulation for Cardiovascular Stability plus Stand Training; Participants undergo approximately 4 months of epidural stimulation for voluntary movement plus stand training.,DEVICE,2017-11-08,2017.0,United States
NCT06104982,"The Effect of Superimposed Electrical Stimulation on Sitting Balance, Respiratory Functions, and Abdominal Muscle Thickness in Complete Spinal Cord Injury",COMPLETED,NA,INTERVENTIONAL,Spinal Cord Injury Thoracic,Ankara City Hospital Bilkent,OTHER,,NeuroTrac MyoPlus Pro single-channel electromyography biofeedback electrotherapy devices; Isometric strengthening exercises,"DEVICE,OTHER",2022-02-06,2022.0,Turkey (Türkiye)
NCT02025179,12 Month Extension Study of the Effect of Teriparatide on Bone in People With Chronic Spinal Cord Injury (SCI),COMPLETED,PHASE2,INTERVENTIONAL,Spinal Cord Injury; Bone Loss; Osteoporosis,Northwestern University,OTHER,United States Department of Defense,Teriparatide; Vibration,"DEVICE,DRUG",2013-01,2013.0,United States
NCT02808078,Gait Adaptation for Stroke Patients With Augmented Reality,UNKNOWN,NA,INTERVENTIONAL,Stroke; Traumatic Brain Injury; Spinal Cord Injury,Philippe Terrier,NETWORK,Swiss Heart Foundation,Gait training with augmented reality; Standard training,DEVICE,2016-06,2016.0,Switzerland
NCT03989752,Overground Walking Program With Robotic Exoskeleton in Long-term Manual Wheelchair Users With Spinal Cord Injury,TERMINATED,NA,INTERVENTIONAL,Spinal Cord Injuries,Centre for Interdisciplinary Research in Rehabilitation of Greater Montreal,OTHER,Université de Montréal; Université du Québec a Montréal,Wearable Robotic Exoskeleton for Ambulation,DEVICE,2019-03-14,2019.0,Canada
NCT02098135,ArmeoSenso - Home Therapy and Assessment for Patients With Arm Impairments Based on Wearable Movement Sensors,COMPLETED,NA,INTERVENTIONAL,Stroke; Spinal Cord Injury,University of Zurich,OTHER,,ArmeoSenso,DEVICE,2013-11,2013.0,Switzerland
NCT02252185,A Clinical Study of a Spine Fusion System in Vertebral Body Fusion Surgery,COMPLETED,NA,INTERVENTIONAL,Disc Degenerative Disease; Spondylolisthesis; Spinal Fracture; Spinal Deformity; Spinal Stenosis; Spinal Tumor,Johnson & Johnson Medical (Suzhou) Ltd.,INDUSTRY,,Johnson&Johnson Medical Suzhou made Spine Fusion System; Imported EXPEDIUM screws and OPAL cage,DEVICE,2014-07,2014.0,China
NCT03806023,EMG Triggered Closed-Loop Stimulation for Spinal Cord Injury Individuals,TERMINATED,NA,INTERVENTIONAL,Spinal Cord Injuries,Bronx VA Medical Center,FED,,hand movements (signals from thumb muscle) triggered PNS and TMS,DEVICE,2018-02-01,2018.0,United States
NCT03104803,Long-term Paired Associative Stimulation as a Treatment for Incomplete Spinal Cord Injury of Non-traumatic Origin,COMPLETED,NA,INTERVENTIONAL,Spinal Cord Diseases; Spinal Cord Injuries,Helsinki University Central Hospital,OTHER,Validia Rehabilitation Center; University of Helsinki,long-term paired associative stimulation,DEVICE,2017-03-31,2017.0,Finland
NCT00583804,Implanted Myoelectric Control for Restoration of Hand Function in Spinal Cord Injury,ACTIVE_NOT_RECRUITING,NA,INTERVENTIONAL,Spinal Cord Injury; Tetraplegia,MetroHealth Medical Center,OTHER,Case Western Reserve University; VA Office of Research and Development; FDA Office of Orphan Products Development,IST-12,DEVICE,1989-04-01,1989.0,United States
NCT00004415,Study of Combined Intercostal and Diaphragm Pacing for Artificial Respiration in Quadriplegic Patients,TERMINATED,NA,INTERVENTIONAL,Quadriplegia,Case Western Reserve University,OTHER,,Medlink spinal cord electrode,DEVICE,1991-05,1991.0,
NCT05267951,Closed-loop Spinal Stimulation for Restoration of Upper Extremity Function After Spinal Cord Injury,RECRUITING,NA,INTERVENTIONAL,Spinal Cord Injuries,University of Washington,OTHER,Congressionally Directed Medical Research Programs,Open-loop Stimulation; Close-loop Stimulation; Functional Task Practice,"DEVICE,OTHER",2022-10-12,2022.0,United States
NCT05942339,Study on Preliminary Safety and Efficacy of the ARC Therapy Using the ARC-IM Lumbar System to Support Mobility in People With Chronic Spinal Cord Injury (BoxSwitch),RECRUITING,NA,INTERVENTIONAL,Spinal Cord Injuries,Ecole Polytechnique Fédérale de Lausanne,OTHER,,Procedure/Surgery,DEVICE,2023-08-30,2023.0,Switzerland
NCT05888714,Pilot Study for Peripheral Neuromuscular Electrical Stimulation of the Quadriceps Muscle,UNKNOWN,NA,INTERVENTIONAL,Spinal Cord Injuries; Brain Injuries; Muscle Atrophy,University of Sao Paulo General Hospital,OTHER,Agência Brasileira de Desenvolvimento Industrial (Brazilian Agency For Industrial Development),Experimental FES cycling; Comparator FES cycling; Conventional physical therapy,"DEVICE,OTHER",2023-06-01,2023.0,Brazil
NCT05265377,Safety and Usability of the STELO Exoskeleton in People With Acquired Brain Injury and Spinal Cord Injury,COMPLETED,NA,INTERVENTIONAL,Spinal Cord Injury; Acquired Brain Injury,MarsiBionics,INDUSTRY,"Centro de Referencia Estatal de Atención Al Daño Cerebral; National Research Council, Spain; Centro Lescer",Stelo,DEVICE,2022-09-21,2022.0,Spain
NCT04017767,"Motor Plasticity, Intermittent Hypoxia and Sleep Apnea",COMPLETED,NA,INTERVENTIONAL,"Sleep Apnea, Obstructive; Spinal Cord Injuries; Hypoxia",University of Miami,OTHER,The Craig H. Neilsen Foundation,Induced Acute Intermittent Hypoxia (AIH); AIH mask,"DEVICE,PROCEDURE",2021-07-16,2021.0,United States
NCT02417532,Safety and Feasibility Evaluation of Robot Assisted Physiotherapy Exercises With REX,COMPLETED,NA,INTERVENTIONAL,Spinal Cord Injury,Rex Bionics Plc,INDUSTRY,"Generic Devices Consulting, Inc.",Rehabilitation using REX,DEVICE,2015-05,2015.0,Australia; New Zealand; United Kingdom
NCT05659121,Improving Mobility Via Robotic Exoskeletons in Local Rehabilitation Settings in Singapore,COMPLETED,NA,INTERVENTIONAL,Stroke; Spinal Cord Injuries; Spinal Cord Diseases,"National University Hospital, Singapore",OTHER,Temasek Foundation Cares,robotic exoskeleton training,DEVICE,2018-11-15,2018.0,Singapore
NCT07750808,ZEPU AI9 Exoskeleton Rehabilitation Robot,NOT_YET_RECRUITING,NA,INTERVENTIONAL,"Stroke; Gait Disorders, Neurologic; Spinal Cord Injuries, Incomplete; Postoperative Complication",Bangladesh Medical University,OTHER,,ZEPU-AI9 Lower Limb Exoskeleton Gait Training; Standard-of-Care Rehabilitation,"BEHAVIORAL,DEVICE",2026-08,2026.0,Bangladesh
NCT06260735,Non-invasive Spinal Cord Stimulation After Spinal Cord Injury,UNKNOWN,NA,INTERVENTIONAL,Spinal Cord Injuries; Spinal Cord Diseases,University of Manitoba,OTHER,,Trans-spinal electrical stimulation; Electrical muscle activation; Treadmill walking,"DEVICE,OTHER",2023-06-15,2023.0,Canada
NCT01989806,Robotic-assisted Locomotor Training on Mobility and Cardiopulmonary Function in Patients Suffering From Spinal Cord Injury,COMPLETED,NA,INTERVENTIONAL,Spinal Cord Injury,"Kowloon Hospital, Hong Kong",OTHER,The Hong Kong Polytechnic University,"Robotic-assisted body weight supported treadmill training (Lokomat V6, Hocoma AG, Switzerland); Passive lower limbs mobilization training (Motomed Vivo 2, RECK, Germany)",DEVICE,2013-12,2013.0,China
NCT00623389,Evaluation of an Advanced Lower Extremity Neuroprostheses,RECRUITING,NA,INTERVENTIONAL,Spinal Cord Injuries; Stroke; Paralysis; Tetraplegia; Paraplegia,Case Western Reserve University,OTHER,,IST (Implanted Stimulator-Telemeter),DEVICE,2018-06-01,2018.0,United States
NCT02317640,TRT in Combination With Electrical Stimulation and Standing: Effect on Muscle and Bone in Spinal Cord Injured Males,UNKNOWN,"PHASE1,PHASE2",INTERVENTIONAL,Spinal Cord Injury,Kessler Foundation,OTHER,United States Department of Defense,Testosterone Gel applied by a pump; Stand Training; Electrical Stimulation,"DEVICE,DRUG,OTHER",2017-03-15,2017.0,United States
NCT03548649,The Efficacy and Safety of a New Power Exoskeleton Robot for Improving Walking Ability in Spinal Cord Injury Patients,UNKNOWN,NA,INTERVENTIONAL,Spinal Cord Injuries; Complete Spinal Cord Injury; Incomplete Spinal Cord Injury,"Taipei Veterans General Hospital, Taiwan",OTHER_GOV,The Industrial Technology Research Institute,exoskeleton robot training,DEVICE,2017-08-30,2017.0,Taiwan
NCT06588608,Auricular Vagus Nerve Stimulation (aVNS) in Chronic Spinal Cord Injuries (SCI),COMPLETED,NA,INTERVENTIONAL,Spinal Cord Injuries,University of Miami,OTHER,United States Department of Defense,auricular nerve stimulation (aVNS); sham aVNS,DEVICE,2025-02-04,2025.0,United States
NCT03669302,Activity-Dependent Transspinal Stimulation in SCI,TERMINATED,NA,INTERVENTIONAL,"Spinal Cord Injuries; Paraplegia, Spinal; Tetraplegia/Tetraparesis; Paraplegia, Spastic",City University of New York,OTHER,"Bronx Veterans Medical Research Foundation, Inc",Robotic gait training; Robotic gait training and low-frequency transspinal stimulation; Robotic gait training and high-frequency transspinal stimulation,"DEVICE,OTHER",2018-08-01,2018.0,United States
NCT04843137,Acute Mechanisms of Cervical Transcutaneous Electrical Stimulation of the Spinal Cord,WITHDRAWN,NA,OBSERVATIONAL,Spinal Cord Injuries,University of Louisville,OTHER,,Cervical Transcutaneous Electrical Spinal Cord Stimulation,DEVICE,2021-04-06,2021.0,United States
NCT04383873,Effectiveness Analysis of Armeo Spring Device as a Rehabilitation Treatment in Spinal Cord Injured Patients,COMPLETED,NA,INTERVENTIONAL,Spinal Cord Injury Cervical,Hospital Nacional de Parapléjicos de Toledo,OTHER,,Training by means of Armeo Spring device; Current treatment based on conventional therapy; Additional treatment based on conventional therapy,"DEVICE,OTHER",2016-06-18,2016.0,Spain
NCT00201968,Functional Electrical Stimulation-Assisted Walking: Reduction of Secondary Complications Due to Spinal Cord Injury,UNKNOWN,PHASE4,INTERVENTIONAL,Spinal Cord Injury,Ontario Neurotrauma Foundation,OTHER,,Compex Motion Stimulator; Compex Motion Stimulator; Conventional Exercise,"DEVICE,OTHER",2005-04,2005.0,Canada
NCT04577573,Cognitive-based Prosthetics to Improve Grasp and Reaching After SCI,COMPLETED,NA,INTERVENTIONAL,Spinal Cord Injuries; Hand Weakness,VA Office of Research and Development,FED,Stevens Institute of Technology,Cognition glove; Sensory brace,DEVICE,2021-05-17,2021.0,United States
NCT06247904,NIBS Therapy in Subacute Spinal Cord Injury,ENROLLING_BY_INVITATION,NA,INTERVENTIONAL,Traumatic Spinal Cord Injury; Tetraplegia/Tetraparesis,Albert Einstein Healthcare Network,OTHER,Pennsylvania Department of Health; University of Mississippi Medical Center; University of Sao Paulo; Massachusetts General Hospital; Weill Medical College of Cornell University; Burke Medical Research Institute,Active rTMS; sham rTMS,DEVICE,2025-04-09,2025.0,United States
NCT04194099,Effects of Paired Associative Nerve Stimulation on Spinal Cord Injury Subjects,UNKNOWN,NA,INTERVENTIONAL,Spinal Cord Injuries,Taipei Medical University Hospital,OTHER,,20 Hz rTMS (Brain); iTBS rTMS (Brain); Anode tsDCS (Spinal); 20 Hz current square-wave pulses (Spinal); iTBS (Spinal); sham,DEVICE,2019-12-09,2019.0,Taiwan
NCT07299734,Feasibility and Safety of a Combined Augmented Reality and Functional Electrical Stimulation System,RECRUITING,EARLY_PHASE1,INTERVENTIONAL,Cervical Spinal Cord Injury,"University Health Network, Toronto",OTHER,Canadian Training Platform for Trials Leveraging Existing Networks,AR + FES,DEVICE,2026-01,2026.0,Canada
NCT05966896,Epidural Stimulation to Restore Voluntary Movement Following Spinal Cord Injury,ENROLLING_BY_INVITATION,NA,INTERVENTIONAL,Spinal Cord Injuries,"University of Colorado, Denver",OTHER,Eunice Kennedy Shriver National Institute of Child Health and Human Development (NICHD),implanted epidural stimulator,DEVICE,2026-04-22,2026.0,United States
NCT03998527,Non-Invasive Spinal Cord Stimulation After Injury,ACTIVE_NOT_RECRUITING,NA,INTERVENTIONAL,Spinal Cord Injuries,University of Louisville,OTHER,,Transcutaneous Electrical Spinal Cord Stimulation (TcESCS),DEVICE,2018-05-17,2018.0,United States
NCT04059159,Connected Catheter - Safety and Effectiveness Study,TERMINATED,NA,INTERVENTIONAL,Neurogenic Bladder; Urinary Retention; Urologic Diseases,Spinal Singularity,INDUSTRY,National Institute of Diabetes and Digestive and Kidney Diseases (NIDDK),Connected Catheter,DEVICE,2020-10-01,2020.0,United States
NCT06538974,Adherence to Long-term Exoskeleton Rehabilitation to Treat Lower Limb Weakness and / or Deficiencies in Adult Population,RECRUITING,NA,INTERVENTIONAL,"Motor Disorders; Gait Disorders, Neurologic; Neurodegenerative Diseases; Spinal Cord Injuries; Weakness, Muscle; Cerebrovascular Accident",Wandercraft,INDUSTRY,,Hands-free exoskeleton,DEVICE,2023-02-16,2023.0,France
NCT07397559,Spatiotemporal tSCS in Spinal Cord Injury,RECRUITING,NA,INTERVENTIONAL,Spinal Cord Injuries (SCI),Washington University School of Medicine,OTHER,,No Stimulation; Conventional tSCS; Spatiotemporal tSCS,"DEVICE,OTHER",2026-01-19,2026.0,United States
NCT05470751,GentleCath™ for Men Intermittent Catheter With FeelClean™ Technology,COMPLETED,NA,OBSERVATIONAL,Bladder Outlet Obstruction; Multiple Sclerosis; Cauda Equina Syndrome; Enlarged Prostate With Lower Urinary Tract Symptoms; Parkinson Disease; Lower Urinary Tract Symptoms; Detrusor Underactivity; Spinal Cord Injuries,ConvaTec Inc.,INDUSTRY,,Intermittent self-catheterisation,DEVICE,2023-02-02,2023.0,France; United Kingdom; United States
NCT07030322,Health and Financial Impact on the Use of a Personal Exoskeleton in the Home and Community: a Case Study,ENROLLING_BY_INVITATION,NA,OBSERVATIONAL,Spinal Cord Injury,Ekso Bionics,INDUSTRY,,Overground Robotic Exoskeleton,DEVICE,2025-08-04,2025.0,United States
NCT04221373,Exoskeletal-Assisted Walking in SCI Acute Inpatient Rehabilitation,COMPLETED,NA,INTERVENTIONAL,Spinal Cord Injuries; Inpatient,Icahn School of Medicine at Mount Sinai,OTHER,New York State Department of Health,Ekso™ powered exoskeleton; Standard of care,"DEVICE,OTHER",2019-09-30,2019.0,United States
NCT05095454,Short-Term Transcutaneous or Epidural Spinal Stimulation for Enabling Motor Function in Humans With SCI,COMPLETED,NA,INTERVENTIONAL,Paraplegia; Tetraplegia; Paralysis; Quadraplegia,"Kristin Zhao, PhD",OTHER,,Percutaneous epidural electrical spinal stimulation; Transcutaneous electrical spinal stimulation,DEVICE,2022-03-04,2022.0,United States
NCT07343583,Effects of Sacral and Tibial Stimulation on Bladder Function in Subacute Suprasacral Spinal Cord Injury,RECRUITING,NA,INTERVENTIONAL,Spinal Cord Injury; Detrusor Overacitivity,Ankara City Hospital Bilkent,OTHER,,Transcutaneous Tibial Nerve Stimulation; Transcutaneous Sacral Nerve Stimulation,DEVICE,2025-08-05,2025.0,Turkey (Türkiye)
NCT07293780,Effect of TMS on Neuropathic Pain for Patients With Sci,RECRUITING,NA,INTERVENTIONAL,Spinal Cord Injury; Neuropathic Pain,Ankara Etlik City Hospital,OTHER_GOV,,active TMS; sham TMS,DEVICE,2025-12-15,2025.0,Turkey (Türkiye)
NCT07704268,Combined Magnetic Stimulation and Ultrasound for Detrusor Overactivity in SCI,NOT_YET_RECRUITING,NA,INTERVENTIONAL,Spinal Cord Injuries,Shengjing Hospital,OTHER,,Transcranial Magnetic Stimulation (TMS) Device /Ultrasound therapy device,DEVICE,2026-07-10,2026.0,China
NCT03626324,Connected Catheter (C2P) Study for Bladder Management,COMPLETED,NA,INTERVENTIONAL,Urinary Retention; Neurogenic Bladder,Spinal Singularity,INDUSTRY,,C2P,DEVICE,2018-07-25,2018.0,United States
NCT07289191,Development of a Novel Strategy to Analyze the Effect on Gait Using Transcutaneous Spinal Current Stimulation in Incomplete Spinal Cord Injured Patients,RECRUITING,NA,INTERVENTIONAL,"Spinal Cord Injuries; Non Invasive Spinal Stimulation; Gait Disorders, Neurologic; Motor Function; Retardation; Stimulation Charecteristic",Institut Guttmann,OTHER,,transcutaneous spinal cord stimulation,DEVICE,2021-01-01,2021.0,Spain
NCT06920524,Interest of a Musical Intervention on Stress Induced During Botulinum Toxin Injections in Spasticity (MUSIBOT),RECRUITING,NA,INTERVENTIONAL,Stroke; Multiple Sclerosis; Spinal Cord Injury; Head Trauma Injury,"University Hospital, Clermont-Ferrand",OTHER,,Intervention group IM-IM,DEVICE,2025-04-25,2025.0,France
NCT04581525,Modulating Neuropathic Pain With Transcranial Direct Current Stimulation,TERMINATED,NA,INTERVENTIONAL,"Pain, Neuropathic; Complex Regional Pain Syndromes; Phantom Limb Pain; Spinal Cord Injuries",Susan McDowell,OTHER,Foundation for Physical Medicine and Rehabilitation,transcranial direct current stimulation,DEVICE,2012-06-07,2012.0,United States
NCT00385918,Robotically Assisted Treadmill Training in Spinal Cord Injury (SCI),COMPLETED,NA,INTERVENTIONAL,Paraplegia; Quadriplegia; Spinal Cord Injury; Tetraplegia,US Department of Veterans Affairs,FED,University of Maryland; Kernan Orthopaedics and Rehabilitation Hospital,Lokomat Training; Home stretching then Lokomat training,"DEVICE,OTHER",2006-10,2006.0,United States
NCT02322125,Restoring Walking With a Powered Exoskeleton After Spinal Cord Injury,COMPLETED,NA,INTERVENTIONAL,Spinal Cord Injury,University of Alberta,OTHER,,ReWalk,DEVICE,2014-06,2014.0,Canada
NCT03477123,Evaluation of Robotic Exoskeletons Therapy for Gait Rehabilitation in Patients With Incomplete Spinal Cord Injury.,COMPLETED,NA,INTERVENTIONAL,Spinal Cord Injury; Incomplete Spinal Cord Injury,Hospital Nacional de Parapléjicos de Toledo,OTHER,Institut Guttmann,Walking therapy with Exo-H2 exoskeleton,DEVICE,2016-01-01,2016.0,Spain
NCT01834417,Preliminary Study Leading to Prevention of Pressure Ulcers by the Use of an On-board Device : Ergonomic Assessment of Wheelchair-seat Pressures in Spinal Cord Injured (SCI) Patients ( PRESDIE),COMPLETED,NA,INTERVENTIONAL,Pressure Ulcer,Nantes University Hospital,OTHER,,TexiMat,DEVICE,2013-04-18,2013.0,France
NCT05822297,SCED Myokines and Cognition in SCI,COMPLETED,NA,INTERVENTIONAL,Spinal Cord Injuries; Cognitive Decline,"Adelante, Centre of Expertise in Rehabilitation and Audiology",OTHER,,Neuromuscular electrical stimulation,DEVICE,2024-01-24,2024.0,Netherlands
NCT06379711,Cardiopulmonary Changes Following Spinal Cord Stimulation in Individuals With Spinal Cord Injury,NOT_YET_RECRUITING,NA,INTERVENTIONAL,Spinal Cord Injuries; Cardiovascular Diseases; Cardiopulmonary Diseases,University of British Columbia,OTHER,,Transcutaneous Spinal Cord Stimulation (tSCS),DEVICE,2024-08-01,2024.0,Canada
NCT07423949,Using Non-invasive Brain and Spinal Cord Stimulation to Improve Arm and Hand Function After Spinal Cord Injury,NOT_YET_RECRUITING,NA,INTERVENTIONAL,Spinal Cord Injuries and Disorders (SCI/D),University of British Columbia,OTHER,,Cerebellar theta burst stimulation; Cervical transcutaneous spinal cord stimulation; Functional task practice,"BEHAVIORAL,DEVICE",2026-03-01,2026.0,Canada
NCT03459885,PAS for Lower Extremity Rehabilitation in Tetraplegic Patients,COMPLETED,NA,INTERVENTIONAL,Spinal Cord Injuries; Spinal Cord Diseases,Helsinki University Central Hospital,OTHER,Validia Rehabilitation Centre,Paired associative stimulation (with eXimia magnetic stimulator and Dantec Keypoint® electroneuromyography device),DEVICE,2018-02-28,2018.0,Finland
NCT05462925,Prediction of Muscle Responsiveness to FES Therapy,COMPLETED,NA,INTERVENTIONAL,Spinal Cord Injury Cervical,"University Health Network, Toronto",OTHER,Wings for Life,Functional electrical stimulation therapy.,DEVICE,2022-07-20,2022.0,Canada
NCT03249454,Effects of Transcutaneous Spinal Direct Current Stimulation in Incomplete Spinal Cord Injury,COMPLETED,NA,INTERVENTIONAL,Incomplete Spinal Cord Injury,"The University of Texas Health Science Center, Houston",OTHER,TIRR/Mission Connect,Anodal tsDCS; Cathodal tsDCS; Sham tsDCS,DEVICE,2017-08-11,2017.0,United States
NCT01659541,Stimulation With Wire Leads to Restore Cough,COMPLETED,NA,INTERVENTIONAL,"Spinal Cord Injuries; Spinal Cord Diseases; Paralysis; Central Nervous System Diseases; Cough; Trauma, Nervous System; Wounds and Injuries",MetroHealth Medical Center,OTHER,National Institute of Neurological Disorders and Stroke (NINDS),Expiratory muscle stimulator; Implantation of device,"DEVICE,PROCEDURE",2015-04,2015.0,United States
NCT07524491,taVNS During Exercise and Recovery in Chronic Spinal Cord Injury,COMPLETED,NA,INTERVENTIONAL,"Spinal Cord Injury, Chronic",University of the Balearic Islands,OTHER,"Health Research Institute of the Balearic Islands (IdISBa, Spain); University of the Balearic Islands - Institute for Health Sciences Research (UNICS)",Transcutaneous Auricular Vagus Nerve Stimulation; Sham Stimulation,DEVICE,2024-10-31,2024.0,Spain
NCT01498991,Spinal Cord Injury Leg Rehabilitation,TERMINATED,"PHASE1,PHASE2",INTERVENTIONAL,Spinal Cord Injury; Paraplegia; Quadriplegia; Tetraplegia,Oregon Health and Science University,OTHER,"Shepherd Center, Atlanta GA; National Institute of Neurological Disorders and Stroke (NINDS)",AMES Treatment,DEVICE,2011-11,2011.0,United States
NCT04821635,Effects of FES-Rowing in Neurological Disorders (FES-ROW),WITHDRAWN,NA,INTERVENTIONAL,Spinal Cord Injuries,UGECAM Rhône-Alpes,OTHER,University of Franche-Comté; Hospices Civils de Lyon; University of Lyon,Rower assisted by electrostimulation (FES-ROW),DEVICE,2024-04,2024.0,France
NCT04231474,Urodynamic Evaluation in Patients After Spinal Cord Injury,UNKNOWN,NA,OBSERVATIONAL,Spinal Cord Injuries; Neurogenic Bladder; Urodynamics,Poznan University of Medical Sciences,OTHER,,Urodynamic testing,DEVICE,2020-01-20,2020.0,Poland
NCT05643313,Clinical Investigation on Feasibility and Usability of the ABLE Exoskeleton Device for Individuals With Spinal Cord Injury to Perform Skills for Home and Community Environments,COMPLETED,NA,INTERVENTIONAL,Spinal Cord Injuries,ABLE Human Motion S.L.,INDUSTRY,University Hospital Heidelberg; Institut Guttmann,ABLE Exoskeleton,DEVICE,2022-11-25,2022.0,Germany; Spain
NCT04319679,ESWT for UE Pain in Patients With Cervical Spinal Cord Injury,TERMINATED,NA,INTERVENTIONAL,Spastic Tetraplegia; Pain; Myelopathy Cervical,Bundang CHA Hospital,OTHER,,Extracorporeal shockwave therapy; Sham therapy,DEVICE,2020-06-05,2020.0,South Korea
NCT06520020,Evaluating Safety and Feasibility of Transcutaneous Spinal Cord Stimulation Following Traumatic and Non-Traumatic Spinal Cord Injury: A Pilot Study,RECRUITING,NA,INTERVENTIONAL,Spinal Cord Stimulation; Electric Stimulation Therapy; Traumatic Spinal Cord Injury; Cervical Myelopathy,Francis Farhadi,OTHER,,Transcutaneous Spinal Cord Stimulation (Tc-SCS),DEVICE,2024-10-23,2024.0,United States
NCT03819062,Sacral Neuromodulation as Treatment for Chronic Constipation,RECRUITING,NA,INTERVENTIONAL,Chronic Constipation,McMaster University,OTHER,,Low Level Laser Therapy,DEVICE,2019-09-08,2019.0,Canada
NCT04304976,Clinical Trial ROBERT® - Project Active Training,COMPLETED,NA,INTERVENTIONAL,Apoplexy; Stroke; Spinal Cord Injuries; Safety; Usability,Lifescience-Robotics,INDUSTRY,,ROBERT®,DEVICE,2019-11-27,2019.0,Denmark
NCT04858178,Transcutaneous Spinal Cord Neuromodulation to Normalize Autonomic Phenotypes,COMPLETED,NA,INTERVENTIONAL,"Spinal Cord Injuries; Autonomic Imbalance; Autonomic Dysreflexia; Orthostatic; Hypotension, Neurogenic",Spaulding Rehabilitation Hospital,OTHER,Medical University of South Carolina,Tests of sympathetic inhibition; Tests of sympathetic activation; Testing of autonomic dysreflexia; Transcutaneous spinal cord stimulation,"DEVICE,DIAGNOSTIC_TEST",2022-02-17,2022.0,United States
NCT06197113,Teta Burst Versus 10 Hz Repetitive Transcranial Magnetic Stimulation İn Neuropathic Pain: A Sham Controlled Comparison,COMPLETED,NA,INTERVENTIONAL,Neuropathic Pain,Ankara City Hospital Bilkent,OTHER,,Magstim Rapid2 Magnetic Stimulator,DEVICE,2022-07-01,2022.0,Turkey (Türkiye)
NCT00890916,Hand Function for Tetraplegia,COMPLETED,NA,INTERVENTIONAL,Spinal Cord Injury; Tetraplegia,VA Office of Research and Development,FED,,FIRSTHAND System,DEVICE,2012-01-01,2012.0,United States
NCT04811235,Optical Monitoring With Near-Infrared Spectroscopy for Spinal Cord Injury Trial,UNKNOWN,NA,INTERVENTIONAL,Acute Spinal Cord Injury; Spinal Cord Injuries,University of British Columbia,OTHER,United States Department of Defense,Near Infra-Red Spectroscopy (NIRS) Sensor,DEVICE,2022-09-24,2022.0,Canada
NCT04592679,Cost-Effectiveness Analysis of a Rehabilitation Protocol With FES Cycling in Persons With Complete SCI,COMPLETED,NA,INTERVENTIONAL,FESD; Rehabilitation; Spinal Cord Injuries; Complete Spinal Cord Injury,"Azienda Ospedaliero, Universitaria Pisana",OTHER,,FES-C; Standard Treatment,"DEVICE,OTHER",2015-01-01,2015.0,
NCT04900896,Outcome Measures Study on an Adult Myoelectric Elbow-Wrist-Hand Orthosis,UNKNOWN,NA,OBSERVATIONAL,Stroke; Brachial Plexus Injury; Spinal Cord Injuries; Neurological Disease,Myomo,INDUSTRY,"Orthocare Innovations, LLC; Geauga Rehabilitation Engineering, Inc.",Myoelectric Elbow-Wrist-Hand Orthosis,DEVICE,2021-05-11,2021.0,United States
NCT05740527,Ambulatory Closed-loop Stimulation for Bladder Control,COMPLETED,NA,INTERVENTIONAL,"Urinary Bladder, Neurogenic",MetroHealth Medical Center,OTHER,The Craig H. Neilsen Foundation,Noninvasive electrical stimulation of genital nerves,DEVICE,2021-03-01,2021.0,United States
NCT07208188,tESCS for Upper Limb Rehab in Spinal Cord Injury,NOT_YET_RECRUITING,EARLY_PHASE1,INTERVENTIONAL,Spinal Cord Injuries (SCI),NHS Greater Glasgow and Clyde,OTHER,University of Glasgow; The Queen Elizabeth Hospital,Transcutaneous spinal cord stimulation (tESCS) active group; Sham transcutaneous spinal cord stimulation (tESCS),DEVICE,2025-11,2025.0,United Kingdom
NCT03696927,Active Powered Prosthesis (APEX) for Spinal Cord Injury,COMPLETED,NA,INTERVENTIONAL,Spinal Cord Injuries,AbiliTech Medical Inc.,INDUSTRY,Allina Health System; Eunice Kennedy Shriver National Institute of Child Health and Human Development (NICHD),Active Powered Prosthesis (APEX) for Spinal Cord Injury,DEVICE,2018-08-29,2018.0,United States
NCT00629850,Respiratory Resistance Training on Sleep Quality in Persons With Spinal Cord Injury,TERMINATED,NA,INTERVENTIONAL,Spinal Cord Injury,"Texas State University, San Marcos",OTHER,,Powerlung Performer,DEVICE,2008-02,2008.0,United States
NCT05700942,AMPLIFY Study: Transcutaneous Spinal Direct Current Stimulation to Enhance Locomotor Rehabilitation After SCI,ACTIVE_NOT_RECRUITING,NA,INTERVENTIONAL,Spinal Cord Injuries,University of Florida,OTHER,Brooks Rehabilitation; The Craig H. Neilsen Foundation,High Dose Intervention-tsDCS; Low Dose Intervention-tsDCS,DEVICE,2023-03-10,2023.0,United States
NCT02926391,UNiD 3D VBR Register,COMPLETED,NA,OBSERVATIONAL,"Spinal Cord Compression; Spondylosis; Ossification of Posterior Longitudinal Ligament; Spinal Neoplasms; Bone Disease, Infectious",Medicrea International,INDUSTRY,,UNiD 3D VBR,DEVICE,2016-10,2016.0,France
NCT02034669,Transplantation of Autologous Adipose Derived Stem Cells (ADSCs) in Spinal Cord Injury Treatment,UNKNOWN,"PHASE1,PHASE2",INTERVENTIONAL,Acute Spinal Cord Injury,"Tri Phuoc Biotechnology., JSC",OTHER,,Laminectomy; Intradural space; Intrathecal; Intravenous,DEVICE,2013-02,2013.0,Vietnam
NCT01943669,Exoskeletons for Spinal Cord Injury: A Feasibility Study,UNKNOWN,PHASE4,INTERVENTIONAL,Spinal Cord Injury,Buckinghamshire Healthcare NHS Trust,OTHER,,ReWalk™ device,DEVICE,2013-06,2013.0,United Kingdom
NCT03111277,MR Guided Focused Ultrasound for Treatment of Neuropathic Pain,COMPLETED,NA,INTERVENTIONAL,Severe Neuropathic Pain Due to Radiculopathy or Radicular Injury; Spinal Cord Injuries; Phantom Limb Pain,"University of Maryland, Baltimore",OTHER,Focused Ultrasound Foundation; InSightec,Experimental: ExAblate Transcranial treatment,DEVICE,2017-09-15,2017.0,United States
NCT03469141,Interactive Telehealth for Pressure Ulcer Prevention After SCI,UNKNOWN,NA,INTERVENTIONAL,Spinal Cord Injuries; Pressure Ulcer,"Rancho Research Institute, Inc.",OTHER,,Pressure Relief Monitoring System,DEVICE,2018-05-01,2018.0,United States
NCT06726954,Repetitive Transcranial Magnetic Stimulation Therapy in Spinal Cord Injury Related Neuropathic Pain,RECRUITING,NA,INTERVENTIONAL,Spinal Cord Injuries; Neuropathic Pain,Afyonkarahisar Health Sciences University,OTHER,,High-frequency real-time rTMS DLPF cortex protocol; High-frequency real-time rTMS M1 motor cortex protocol; Sham rTMS Protocol,DEVICE,2024-12-16,2024.0,Turkey (Türkiye)
NCT07153536,Spinal Cord Stimulation Combined With Physical Therapy in Post-Stroke Upper-Limb Motor Hemiparesis,RECRUITING,NA,INTERVENTIONAL,Stroke; Spinal Cord Injuries and Disorders; Hemiparesis After Stroke,Marco Capogrosso,OTHER,National Institutes of Health (NIH); National Institute of Neurological Disorders and Stroke (NINDS),Spinal Cord Stimulator (Medtronic Inceptiv™ System); Physical Therapy,"DEVICE,OTHER",2026-01-06,2026.0,United States
NCT04101916,PAS in Subacute SCI,COMPLETED,NA,INTERVENTIONAL,Spinal Cord Injuries; Spinal Cord Diseases,Helsinki University Central Hospital,OTHER,,Paired associative stimulation; Sham paired associative stimulation,DEVICE,2019-10-10,2019.0,Finland
NCT02633306,Transcranial Magnetic Stimulation for Facial Pain,COMPLETED,NA,INTERVENTIONAL,Trigeminal Nerve Injuries; Post-herpetic Neuralgia; Facial Pain; Nervus Intermedius Neuralgia,University of Minnesota,OTHER,,transcranial magnetic stimulation,DEVICE,2016-08-01,2016.0,United States
NCT00512148,Study of Autologous Neo-Bladder Construct in Subjects With Neurogenic Bladder Following Spinal Cord Injury,TERMINATED,PHASE2,INTERVENTIONAL,Neurogenic Bladder,Tengion,INDUSTRY,,Autologous neobladder construct,DEVICE,2007-07,2007.0,United States
NCT05744271,Evaluation of FES+VFBT With Individuals With Lived Experience,COMPLETED,NA,INTERVENTIONAL,Spinal Cord Injuries; Stroke,"University Health Network, Toronto",OTHER,,FES+VFBT,DEVICE,2023-04-01,2023.0,Canada
NCT03410550,Exoskeleton and Spinal Cord Injury,COMPLETED,PHASE2,INTERVENTIONAL,Spinal Cord Injuries,McGuire Research Institute,OTHER,,Exoskeleton Training,DEVICE,2018-07-01,2018.0,United States
NCT06161168,Bootle Blast: Understanding the Family Experience,UNKNOWN,NA,INTERVENTIONAL,Cerebral Palsy; Developmental Coordination Disorder; Developmental Disability; Autism Spectrum Disorder; Spinal Cord Injuries; Stroke; Acquired Brain Injury; Motor Skills Disorders,Holland Bloorview Kids Rehabilitation Hospital,OTHER,Canadian Institutes of Health Research (CIHR),Bootle Blast Play Phase (B),DEVICE,2022-07-07,2022.0,Canada
NCT02506712,Evaluation of Physiological and Biomechanical Efficiency of the PAPAW,COMPLETED,NA,INTERVENTIONAL,Spinal Cord Injuries,Centre d'Investigation Clinique et Technologique 805,OTHER,Fondation Garches,SmartDrive assisting device; Standard manuel wheelchair,DEVICE,2015-07-15,2015.0,France
NCT07359677,High-frequency Alternating Current Stimulation for Neurophatic Pain in Spinal Cord Injury,COMPLETED,NA,INTERVENTIONAL,Neuropathic Pain; Spinal Cord Injuries (SCI),University of Castilla-La Mancha,OTHER,Hospital Nacional de Parapléjicos de Toledo,Active group 40 kHz; Sham intervention,DEVICE,2026-01-30,2026.0,Spain
NCT06543277,Safety and Feasibility of Paired Transcutaneous Auricular Vagus Nerve Stimulation (taVNS) With Upper Limb Rehabilitation in Incomplete Spinal Cord Injury,RECRUITING,NA,INTERVENTIONAL,Chronic Incomplete Cervical Spinal Cord Injury (SCI),"The University of Texas Health Science Center, Houston",OTHER,Mission Connect,Transcutaneous Auricular Vagus Nerve Stimulation (taVNS),DEVICE,2025-08-15,2025.0,United States
NCT03533400,Effectiveness of Jamboxx Respiratory Therapy Device: Study 1,WITHDRAWN,NA,INTERVENTIONAL,Spinal Cord Injuries; Respiratory Complication,My Music Machines Inc.,INDUSTRY,"Albany Medical College; National Heart, Lung, and Blood Institute (NHLBI)",Jamboxx Respiratory Therapy Device; Jamboxx Musical Device,DEVICE,2019-12-01,2019.0,United States
NCT02560506,Development of Low Cost Devices to Increase Access to Treadmill Training,COMPLETED,NA,INTERVENTIONAL,Spinal Cord Injury,Shirley Ryan AbilityLab,OTHER,,Elastic assisted treadmill walking,DEVICE,2008-01,2008.0,United States
NCT06097000,A Study of the Safety and Efficacy of Intelligent Powered Exoskeletons in Postoperative Spinal Rehabilitation,RECRUITING,NA,INTERVENTIONAL,Exoskeleton Device,"Xuanwu Hospital, Beijing",OTHER,BEIJING DNSYS INNOVATION Co. Ltd; Beijing Haidian Hospital,powered exoskeletons,DEVICE,2023-10-20,2023.0,China
NCT02833428,Spinal Cord and Artificial Intelligence,UNKNOWN,NA,INTERVENTIONAL,Spinal Cord Injuries,Fondation Hôpital Saint-Joseph,OTHER,,"Biomedical equipment (Eclipse Nim, Medtronic®)",DEVICE,2018-01-20,2018.0,France
NCT06587841,Noninvasive Spinal Cord Stimulation for Early SCI,RECRUITING,NA,INTERVENTIONAL,Spinal Cord Injuries; Bowel Dysfunction; Sexual Dysfunction; Autonomic Dysfunction; Urologic Disorders,University of British Columbia,OTHER,"United States Department of Defense; Rivne Regional War Veterans Hospital, Spinal Cord Injury Rehabilitation Center; Congressionally Directed Medical Research Programs",Spinal COrd NEuromodulation™ (SCONE™) for transcutaneous spinal cord stimulation (TSCS),DEVICE,2024-10-01,2024.0,Canada
NCT03439319,Restoration of Reaching and Grasping Function in Individuals With Spinal Cord Injury Using MyndMove® Neuromodulation Therapy,COMPLETED,NA,INTERVENTIONAL,"Spinal Cord Injuries; Trauma, Nervous System",MyndTec Inc.,INDUSTRY,U.S. Army Medical Research Acquisition Activity; United States Department of Defense; Programs for Assessment of Technology in Health Research Institute; McMaster University,MyndMove®; Conventional Therapy,"DEVICE,OTHER",2019-06-03,2019.0,Canada; United States
NCT03430375,Wheelchair Cushion Comparison Study: SAFETY,COMPLETED,NA,INTERVENTIONAL,Spinal Cord Injuries; Stroke; Healthy Adults,University of Michigan,OTHER,JRD Enterprises LLC; Michigan Corporate Relations Network Small Company Innovation Program,Alternating air wheelchair cushion; Static air cushion,DEVICE,2018-05-31,2018.0,United States
NCT04149769,Mobility and Therapeutic Benefits Resulting From Exoskeleton Use in a Home and Community Setting (SC140121 Study 3),WITHDRAWN,NA,INTERVENTIONAL,Spinal Cord Injury,Vanderbilt University,OTHER,,Indego Exoskeleton,DEVICE,2020-05-01,2020.0,United States
NCT02307526,Acetylcholinesterase Inhibition and Orthostatic Hypotension in SCI,COMPLETED,PHASE2,INTERVENTIONAL,"Hypotension, Postural",James J. Peters Veterans Affairs Medical Center,FED,,Pyridostigmine Bromide; Tilt table test,"DEVICE,DRUG",2011-01,2011.0,United States
NCT02865343,Ventilatory Support to Improve Exercise Training in High Level Spinal Cord Injury,COMPLETED,NA,INTERVENTIONAL,Spinal Cord Injury,Spaulding Rehabilitation Hospital,OTHER,,Non-invasive Ventilation(NIV); Sham Non-invasive ventilation(NIV),DEVICE,2017-02-22,2017.0,United States
NCT01932905,Deep rTMS in Central Neuropathic Pain Syndromes,COMPLETED,NA,INTERVENTIONAL,Pain; Spinal Cord Injury; Post Stroke Pain,University of Sao Paulo,OTHER,,deep rTMS,DEVICE,2011-03,2011.0,Brazil
NCT00204113,Control of Unsupported Paraplegic Standing,UNKNOWN,NA,INTERVENTIONAL,Spinal Cord Injury; Stroke,University of Glasgow,OTHER,,Multi-purpose rehabilitation frame; Surface Functional Electrical Stimulation,DEVICE,2002-06,2002.0,United Kingdom
NCT03949660,Improving Bowel Function and Quality of Life After Spinal Cord Injury,UNKNOWN,NA,INTERVENTIONAL,Neurogenic Bowel,University of Louisville,OTHER,,Stimulation for blood pressure without stand; Stimulation for blood pressure with stand; Stimulation for trunk and core without stand; Stimulation for trunk or core with stand,DEVICE,2018-09-15,2018.0,United States
NCT03721861,Use of Neural Functional Electrical Stimulation for the Recovery of Grasping Movements for Patient With Quadriplegia.,TERMINATED,NA,INTERVENTIONAL,Spinal Cord Injuries,Clinique Beau Soleil,OTHER,"Institut National de Recherche en Informatique et en Automatique; University Hospital, Montpellier; Mxm-Obelia",Intra-operative neural cuff stimulation,DEVICE,2016-02-09,2016.0,France
NCT07705256,EMG-Directed Virtual-Reality Training for Motor Stroke Rehabilitation,NOT_YET_RECRUITING,NA,INTERVENTIONAL,Stroke; Spinal Cord Injuries (Complete and Incomplete),Imperial College London,OTHER,,Visual EMG feedback with vibrotactile feedback; Visual EMG feedback,DEVICE,2026-07-27,2026.0,United Kingdom
NCT04384172,Effect of Peripheral Neuromodulation on Vaginal Blood Flow,COMPLETED,NA,INTERVENTIONAL,Female Sexual Dysfunction; Spinal Cord Injuries,University of Michigan,OTHER,International Society for the Study of Women's Sexual Health; The Craig H. Neilsen Foundation,Transcutaneous electrical nerve stimulation - Tibial Nerve; Transcutaneous electrical nerve stimulation - Genital Nerve,DEVICE,2020-11-11,2020.0,United States
NCT03592394,Virtual Reality for Chronic Neuropathic Pain,UNKNOWN,PHASE3,INTERVENTIONAL,Spinal Cord Injuries; Neuropathic Pain,Kathleen Friel,OTHER,,Immersive Virtual Reality (Gear VR),DEVICE,2016-07,2016.0,United States
NCT02749357,Robotic Gait Training in Spinal Cord Injury,COMPLETED,NA,INTERVENTIONAL,Spinal Cord Injuries,Instituto Nacional de Rehabilitacion,OTHER_GOV,"National Council of Science and Technology, Mexico",30 minutes Lokomat; 60 minutes Lokomat,DEVICE,2016-05,2016.0,Mexico
NCT03966794,Functional Scaffold Transplantation Combined With Epidural Electrical Stimulation for Spinal Cord Injury Repair,UNKNOWN,"PHASE1,PHASE2",INTERVENTIONAL,Spinal Cord Injury,Chinese Academy of Sciences,OTHER_GOV,Affiliated Hospital of Logistics University of CAPF,Epidural Electrical Stimulation; Functional scaffold & Epidural Electrical Stimulation,"COMBINATION_PRODUCT,DEVICE",2019-08-01,2019.0,China
NCT00116337,Spinal Cord Stimulation to Restore Cough,COMPLETED,NA,INTERVENTIONAL,"Spinal Cord Injuries; Spinal Cord Diseases; Paralysis; Central Nervous System Diseases; Cough; Trauma, Nervous System; Wounds and Injuries",MetroHealth Medical Center,OTHER,,Spinal Cord Stimulation to restore cough; Expiratory Muscle Stimulator,"DEVICE,PROCEDURE",2004-09-30,2004.0,United States
NCT02899637,Effects of Transcranial Magnetic Stimulation in Incomplete Spinal Cord Injury,UNKNOWN,NA,INTERVENTIONAL,Spinal Cord Injury,University of Sao Paulo,OTHER,Universidade Estadual da Paraiba,Active high-frequency Transcranial Magnetic Stimulation; Sham high-frequency Transcranial Magnetic Stimulation,DEVICE,2016-10,2016.0,Brazil
NCT02425332,Validation of a Novel Robot-aided Assessment of Gait Ability,COMPLETED,NA,INTERVENTIONAL,Spinal Cord Injury,University of Zurich,OTHER,,Lokomat gait trainer,DEVICE,2015-05,2015.0,Switzerland
NCT05976087,Improving Grasp Function in People With Sensorimotor Impairments by Combining Electrical Stimulation With a Robotic Hand Orthosis,ACTIVE_NOT_RECRUITING,NA,INTERVENTIONAL,Stroke; Spinal Cord Injuries; Traumatic Brain Injury,Andrea Cimolato,OTHER,,SensoExo,DEVICE,2023-07-01,2023.0,Switzerland
NCT05745298,The Use of Functional Electrical Stimulation in Conjunction With Respiratory Muscle Training to Improve Unaided Cough in Individuals With Acute Spinal Cord Injury,RECRUITING,NA,INTERVENTIONAL,Acute Spinal Cord Injury,University of Miami,OTHER,,Xcite Clinical Station,DEVICE,2023-07-21,2023.0,United States
NCT07042815,Long-term Follow-up for Epidural Stimulation in SCI,ENROLLING_BY_INVITATION,NA,INTERVENTIONAL,SCI - Spinal Cord Injury,Kessler Foundation,OTHER,,Epidural Stimulation Programs,DEVICE,2025-01-13,2025.0,United States
NCT04080687,Effect of Ankle-foot Orthoses on Balance Confidence,COMPLETED,NA,OBSERVATIONAL,Peripheral Nerve Disease; Peripheral Nerve Injury Lower Limb; Poliomyelitis; Cerebral Palsy; Multiple Sclerosis,"University Rehabilitation Institute, Republic of Slovenia",OTHER,,Ankle-foot orthosis,DEVICE,2020-02-06,2020.0,Slovenia
NCT00150683,Effectiveness of Vibration and Standing Versus Standing Alone for the Treatment of Osteoporosis for People With Spinal Cord Injury.,COMPLETED,NA,INTERVENTIONAL,Spinal Cord Injury.; Osteoporosis.,Toronto Rehabilitation Institute,OTHER,Ontario Neurotrauma Foundation,vibration and passive standing versus passive standing alone,DEVICE,1999-03,1999.0,Canada
NCT01086930,Early Intensive Hand Rehabilitation After Spinal Cord Injury,COMPLETED,PHASE3,INTERVENTIONAL,Spinal Cord Injury,University of Melbourne,OTHER,"Austin Hospital, Melbourne Australia; Hampstead Rehabilitation Centre Adelaide; Shenton Park Rehabilitation Centre Perth; Princess Alexandra Hospital, Brisbane, Australia; Royal Rehabilitation Centre Sydney; Prince of Wales Hospital, Sydney; Burwood Hospital, Christchurch, New Zealand",ReJoyce Workstation; Standard Care,"DEVICE,OTHER",2009-09,2009.0,Australia; New Zealand
NCT04586777,Effects of Transvertebral Direct Current Stimulation in Humans,TERMINATED,NA,INTERVENTIONAL,Spinal Cord Injuries; Paraplegia and Tetraplegia,University of Kentucky,OTHER,,transvertebral direct current stimulation (tvDCS),DEVICE,2014-01-15,2014.0,United States
NCT06978205,Effect of Urethral Balloon Dilatation on Urinary Retention After Spinal Cord Injury,RECRUITING,NA,INTERVENTIONAL,"Spinal Cord Injuries (SCI); Urinary Bladder, Neurogenic; Urinary Retention",Qilu Hospital of Shandong University,OTHER,,Urethral Balloon Dilation; intermittent catheterization; Acupuncture treatment; Pelvic floor function training,"BEHAVIORAL,DEVICE",2025-04-28,2025.0,China
NCT06087445,"A User-friendly, Non-invasive Neuro-orthosis That Restores Volitionally Controlled Grasp Functions for SCI Survivors With Tetraplegia",COMPLETED,NA,INTERVENTIONAL,Cervical Spinal Cord Injury,Ohio State University,OTHER,United States Department of Defense; Battelle Memorial Institute; Congressionally Directed Medical Research Programs,NeuroLife EMG-FES Sleeve System,DEVICE,2023-10-31,2023.0,United States
NCT07141784,VR-Integrated C-Mill® Combined With Conventional Therapy in Motor-Incomplete SCI,COMPLETED,NA,INTERVENTIONAL,Spinal Cord Injuries (SCI),Ankara City Hospital Bilkent,OTHER,,C-Mill® Treadmill Training Combined with Conventional Physiotherapy,DEVICE,2023-02-01,2023.0,Turkey (Türkiye)
NCT00781833,Use of Implanted Microstimulators for Decreasing Spasticity and Improving Motion Following Spinal Cord Injury,TERMINATED,NA,INTERVENTIONAL,Spinal Cord Injury at C5-C7 Level With Incomplete Lesion,The Alfred E. Mann Foundation for Scientific Research,OTHER,Walter Reed Army Medical Center,Radio Frequency Microstimulator,DEVICE,2008-10,2008.0,United States
NCT05669508,Wearable Electrical Stimulation on the Back to Modulate Spinal Cord Activity,ACTIVE_NOT_RECRUITING,NA,INTERVENTIONAL,Spinal Cord Injuries; Spinal Cord Diseases,Thomas Jefferson University,OTHER,Kessler Foundation,RISES-T System; Occupational/Physical Therapy,"DEVICE,OTHER",2022-02-10,2022.0,United States
NCT03337048,Exploratory Study Investigating Urodynamic Parameters During Catheterisation,COMPLETED,NA,INTERVENTIONAL,Spinal Cord Injuries; Enlarged Prostate With Lower Urinary Tract Symptoms,Coloplast A/S,INDUSTRY,,SpeediCath,DEVICE,2017-11-30,2017.0,Denmark
NCT07504055,Non-invasive Spinal Cord Stimulation and Blood Pressure Regulation After Spinal Cord Injury,RECRUITING,NA,INTERVENTIONAL,Spinal Cord Injury; Orthostatic Hypertension; Autonomic Dysreflexia,University of Louisville,OTHER,Kentucky Spinal Cord and Head Injury Research Board,Spinal Cord Transcutaneous Stimulation,DEVICE,2026-04-01,2026.0,United States
NCT00995215,Sub-study to Spinal Cord Stimulation to Restore Cough,COMPLETED,NA,INTERVENTIONAL,Spinal Cord Injuries; Spinal Cord Diseases; Paralysis; Central Nervous System Diseases; Cough,MetroHealth Medical Center,OTHER,National Institute of Neurological Disorders and Stroke (NINDS),Spinal Cord Stimulation; Expiratory Muscle Stimulator,"DEVICE,PROCEDURE",2009-10,2009.0,United States
NCT05811884,Patient-centered Assessment of the Effects of Powered Exoskeleton Use in People With Spinal Cord Injury,SUSPENDED,NA,INTERVENTIONAL,Spinal Cord Injuries,Istituto Nazionale Assicurazione contro gli Infortuni sul Lavoro,OTHER,,Rehabilitation,DEVICE,2030-01,2030.0,Italy
NCT02138110,The INSPIRE Study: Probable Benefit of the Neuro-Spinal Scaffold for Treatment of AIS A Thoracic Acute Spinal Cord Injury,TERMINATED,NA,INTERVENTIONAL,Traumatic Thoracic Acute Spinal Cord Injury,InVivo Therapeutics,INDUSTRY,,Neuro-Spinal Scaffold,DEVICE,2014-10-13,2014.0,United States
NCT03815721,Carry-over Effects of Repetitively Applied Transcutaneous Spinal Cord Stimulation on Spasticity,TERMINATED,NA,INTERVENTIONAL,"Spinal Cord Injuries; Spasticity, Muscle","Swiss Paraplegic Research, Nottwil",NETWORK,Medical University of Vienna,Stimulette r2x+,DEVICE,2019-01-07,2019.0,Switzerland
NCT03144830,Exoskeleton Use in Acute Rehab Post Spinal Cord Injury; a Safety and Feasibility Study,COMPLETED,NA,INTERVENTIONAL,Spinal Cord Injuries,University of Calgary,OTHER,,Exoskeleton,DEVICE,2016-06,2016.0,Canada
NCT00204126,Exercise Testing During Treadmill Gait in Incomplete Spinal Cord Injury,UNKNOWN,NA,INTERVENTIONAL,Spinal Cord Injury,University of Glasgow,OTHER,,Treadmill with partial body weight support; Surface Functional Electrical Stimulation,DEVICE,2005-02,2005.0,United Kingdom
NCT05210166,Transcutaneous Spinal Cord Stimulation and Robotic Therapy,COMPLETED,NA,INTERVENTIONAL,Spinal Cord Injuries,University of Castilla-La Mancha,OTHER,Fundacion del Hospital Nacional de Paraplejicos para la Investigacion y la Integracion,Active tSCS and Lokomat; Sham tSCS and Lokomat,DEVICE,2021-03-01,2021.0,Spain
NCT03632005,Negative Pressure Wound Therapy vs. Sterile Dressing for Patients Undergoing Thoracolumbar Spine Surgery,UNKNOWN,NA,INTERVENTIONAL,Metastatic Disease; Spinal Cord Injury; Spinal Degeneration; Spinal Deformity,John Street,OTHER,"KCI USA, Inc; University of British Columbia Orthopaedics Research Excellence Fund",Vacuum Assisted Closure; Sterile dressing,"DEVICE,OTHER",2017-03-18,2017.0,Canada
NCT00476866,Intermittent Positive-Pressure Breathing Effects in Patients With High Spinal Cord Injury,TERMINATED,NA,INTERVENTIONAL,Central Cord Injury Syndrome; Central Spinal Cord Syndrome,University of Versailles,OTHER,,intermittent positive-pressure breathing (IPPB),DEVICE,2002-12,2002.0,France
NCT06347575,Safety and Tolerability of a Novel Implantable Neurostimulator for Ameliorate Erectile Function on Spinal Cord Injured Patients,WITHDRAWN,NA,INTERVENTIONAL,Spinal Cord Injuries; Erectile Dysfunction,Assistance Publique - Hôpitaux de Paris,OTHER,Comphya SA,Implantation of the caverStim device,DEVICE,2024-05,2024.0,France
NCT04726059,Motor & Autonomic Concomitant Health Improvements With Neuromodulation & Exercise Training: An SCI RCT,UNKNOWN,NA,INTERVENTIONAL,Spinal Cord Injuries; Neurogenic Bladder; Neurogenic Bowel,University of British Columbia,OTHER,Praxis Spinal Cord Institute,Transcutaneous Spinal Cord Stimulation; SHAM (low-intensity) Transcutaneous Spinal Cord Stimulation; Activity-Based Therapy,DEVICE,2022-07-22,2022.0,Canada
NCT02342080,Effects of System Suspended Robotic Lokomat Gait in Patients With Incomplete Spinal Cord Injury,COMPLETED,NA,INTERVENTIONAL,Spinal Cord Injury,University of Sao Paulo General Hospital,OTHER,,Training sessions; Lokomat system (Hocoma AG Switzerland),"DEVICE,OTHER",2013-03,2013.0,Brazil
NCT02584426,Subcutaneous Injection and Ultrasonic Dispersion of Cefazolin Into Chronic Pelvic-Region Pressure Ulcers in Persons With Spinal Cord Injury,COMPLETED,NA,INTERVENTIONAL,Spinal Cord Injury; Chronic Pressure Ulcers,James J. Peters Veterans Affairs Medical Center,FED,,Ultrasonic Distribution of Cefazolin,DEVICE,2017-01,2017.0,United States
NCT03140501,Improving Self-Management Skills Among People With Spinal Cord Injury,UNKNOWN,NA,INTERVENTIONAL,Spinal Cord Injuries; Self-Management; Mobile Application,University of British Columbia,OTHER,The Craig H. Neilsen Foundation,"Mobile application (""app"")",DEVICE,2018-01-08,2018.0,Canada
NCT01273428,"HP011-101, HP828-101, and Standard Care for Pressure Ulcers",WITHDRAWN,PHASE2,INTERVENTIONAL,Pressure Ulcers,Healthpoint,INDUSTRY,,HP011-101; HP-828-101; Standard Care,"DEVICE,DRUG,OTHER",,,
NCT05705453,Epidural Stimulation After Neurologic Damage: Long-Term Outcomes,RECRUITING,NA,INTERVENTIONAL,SCI - Spinal Cord Injury,University of Minnesota,OTHER,,Epidural Spinal Cord Stimulation,DEVICE,2023-05-11,2023.0,United States
NCT07749612,ZEPU-2000 Limb Rehabilitation Trainer Study (ZEPU2000RCT),NOT_YET_RECRUITING,NA,INTERVENTIONAL,Stroke; Incomplete Spinal Cord Injury (SCI); Traumatic Brain Injury; Upper Extremity Motor Dysfunction; Lower Extremity Motor Dysfunction,Bangladesh Medical University,OTHER,,ZEPU-2000A; ZEPU-2000D; ZEPU-2000E; Standard Rehabilitation Care,"BEHAVIORAL,DEVICE",2026-08,2026.0,Bangladesh
NCT00221767,Medico-economical Impact of the Brindley Neurosurgical Technique in France,COMPLETED,NA,INTERVENTIONAL,Spinal Cord Injuries; Neurogenic Bladder Disorder; Paraplegia; Quadriplegia,"University Hospital, Bordeaux",OTHER,"Ministry of Health, France",Brindley technique (bladder system),DEVICE,2005-06,2005.0,France
NCT04755699,Chronic Transcutaneous Stimulation to Promote Motor Function and Recovery in Individuals With Paralysis or Paresis,RECRUITING,EARLY_PHASE1,INTERVENTIONAL,Healthy Volunteers; Spinal Cord Injury; Stroke; Paralysis; Paresis; Neurological Injury,Northwell Health,OTHER,,Transcutaneous Electrical Stimulation,DEVICE,2020-12-02,2020.0,United States
NCT01771159,Tissue Bonding Cystostomy(TBC),UNKNOWN,PHASE1,INTERVENTIONAL,Spinal Cord Injury (SCI); Chronic Urinary Retention; Urinary Incontinence,"Uro-Research, LLC",INDUSTRY,,TBC,DEVICE,2017-05,2017.0,
NCT01005615,Patterned Functional Electrical Stimulation (FES) Ergometry of Arm and Shoulder in Individuals With Spinal Cord Injury,TERMINATED,"PHASE1,PHASE2",INTERVENTIONAL,Spinal Cord Injury,"Hugo W. Moser Research Institute at Kennedy Krieger, Inc.",OTHER,U.S. Army Medical Research and Development Command,"Non-FES Upper Extremity Exercise; RT300-SLSA, from Restorative Therapies, Inc.",DEVICE,2009-09,2009.0,United States
NCT00221117,Benefits of Applying Neuroprosthesis to Improve Grasping and Reaching in Spinal Cord Injury Patients,COMPLETED,NA,INTERVENTIONAL,Spinal Cord Injuries,Toronto Rehabilitation Institute,OTHER,Christopher Reeve Paralysis Foundation; The Physicians' Services Incorporated Foundation,Neuroprosthesis-FES Therapy; Conventional Ocupational Therapy (COT),"DEVICE,OTHER",2005-08,2005.0,
NCT02866708,The Effects of Intermittent Negative Pressure on Wound Healing and Peripheral Circulation in Spinal Cord Injured Subjects,COMPLETED,NA,INTERVENTIONAL,"Wound Healing, Leg and Foot Ulcers, Macrocirculation, Microcirculation",Oslo University Hospital,OTHER,Otivio AS,Intermittent negative pressure device,DEVICE,2016-07-01,2016.0,Norway
NCT06777576,Self-balancing Personal Exoskeleton for SCI,RECRUITING,NA,INTERVENTIONAL,Spinal Cord Injuries (SCI); Paraplegia and Tetraplegia,Wandercraft,INDUSTRY,James J. Peters Veterans Affairs Medical Center,Hands-free exoskeleton,DEVICE,2025-02-12,2025.0,United States
NCT04266808,Interactive Telehealth for Wheelchair Users,UNKNOWN,NA,INTERVENTIONAL,"Spinal Cord Injuries; Paraplegia; Pressure Ulcer, Buttock","Rancho Research Institute, Inc.",OTHER,BioSensics; National Institute on Aging (NIA),An interactive telehealth monitoring and biofeedback system; Education Control,"BEHAVIORAL,DEVICE",2020-03,2020.0,United States
NCT06912217,"Comparison of the Effects of Robotic Rehabilitation, Functional Electrical Stimulation and Occupational Therapy on Upper Extremity and Hand Functions in Tetraplegic Patients With Spinal Cord Injury",COMPLETED,NA,INTERVENTIONAL,Tetraplegia/Tetraparesis,Ankara City Hospital Bilkent,OTHER,,robotic rehabilitation; Functional Electrical Stimulation; occupational therapy,"DEVICE,OTHER",2025-04-01,2025.0,Turkey (Türkiye)
NCT01616342,Management of Chronic Pain in Military Patients With Injuries Sustained During Active Duty,UNKNOWN,PHASE4,INTERVENTIONAL,Extremity Injury,Sceptor Pain Foundation,OTHER,Boston Scientific Corporation,Spinal cord stimulator,DEVICE,2011-12,2011.0,United States
NCT03892746,Improving SCI Rehabilitation Interventions by Retraining the Brain,COMPLETED,"PHASE1,PHASE2",INTERVENTIONAL,Cervical Spinal Cord Injruy,The Cleveland Clinic,OTHER,Congressionally Directed Medical Research Programs; United States Department of Defense,Active tDCS + task oriented practice; Sham tDCS + task oriented practice,DEVICE,2019-07-12,2019.0,United States
NCT06527417,Electromyography-Triggered Electrical Stimulation on Trunk Balance and Muscle Thickness in SCI Patients,COMPLETED,NA,INTERVENTIONAL,Spinal Cord Injury Thoracic,Ankara City Hospital Bilkent,OTHER,,Neuro Trac Myo Plus Pro; Trunk eccentric exercises,"DEVICE,OTHER",2023-08-18,2023.0,Turkey (Türkiye)
NCT04350359,Transcutaneous Tibial Nerve Stimulation for Spinal Cord Injury Neurogenic Bladder,COMPLETED,NA,INTERVENTIONAL,Spinal Cord Injuries,"The University of Texas Health Science Center, Houston",OTHER,MedStar National Rehabilitation Network; The Methodist Hospital Research Institute,Variable-dose TTNS Protocol 5 x week; Fixed-dose TTNS Protocol; Variable-dose TTNS Protocol 2 x week,DEVICE,2020-06-08,2020.0,United States
NCT04263285,Treatment of Depression Post-SCI,RECRUITING,NA,INTERVENTIONAL,Depression; Spinal Cord Injuries,Medical University of South Carolina,OTHER,The Craig H. Neilsen Foundation,rTMS,DEVICE,2026-10,2026.0,United States
NCT04902482,iCycle II: Recovery of Function Through FES Cycling With VR Biofeedback in People With SCI.,UNKNOWN,NA,INTERVENTIONAL,Spinal Cord Injuries,"University College, London",OTHER,University of Southampton,iCycle Mark 3,DEVICE,2022-01-06,2022.0,United Kingdom
NCT06541041,Nerve Transfers Plus Electrical Stimulation to Improve Hand Function in Cervical Spinal Cord Injury,RECRUITING,NA,OBSERVATIONAL,Cervical Spinal Cord Injury; Cervical Spinal Cord Paralysis; Tetraplegia; Tetraplegia/Tetraparesis; Tetraplegic Spinal Paralysis,Stanford University,OTHER,United States Department of Defense,Brief intraoperative electrical stimulation; Temporary Postoperative Peripheral Nerve Stimulation,DEVICE,2025-02-10,2025.0,United States
NCT05176327,Exoskeleton Neurogenic Bowel Dysfunction Study,COMPLETED,NA,INTERVENTIONAL,Spinal Cord Injuries; Neurogenic Bowel,The University of Hong Kong,OTHER,"Hospital Authority, Hong Kong",Exoskeleton training with Ekso NR,DEVICE,2022-01-01,2022.0,Hong Kong
NCT07461259,Safety and Feasibility of TWIICE Rise - Phase 2,RECRUITING,NA,INTERVENTIONAL,"Spinal Cord Injuries; Gait Disorders, Neurologic",TWIICE,INDUSTRY,"Swiss Paraplegic Research, Nottwil",TWIICE Rise,DEVICE,2023-07-25,2023.0,Switzerland
NCT07234903,ARC-IM Therapy To Support and Promote Recovery of Ambulatory Functions in People With Subacute and Chronic Spinal Cord Injury,RECRUITING,NA,INTERVENTIONAL,Spinal Cord Injury; SCI; SCI - Spinal Cord Injury; Subacute Spinal Cord Injury; Chronic Spinal Cord Injury; Spinal Cord Injury (SCI),Ecole Polytechnique Fédérale de Lausanne,OTHER,,ARC-IM Therapy,DEVICE,2026-04,2026.0,Switzerland
NCT00333762,"Use of ""Smart Wheelchairs"" to Provide Independent Mobility to Visual and Mobility Impairments",COMPLETED,NA,INTERVENTIONAL,Blindness; Spinal Cord Injury,VA Office of Research and Development,FED,,Smart Power Assistance Module (SPAM); Smart Wheelchair Component System (SWCS),DEVICE,2006-06,2006.0,United States
NCT06214546,Effect of Different Support Systems on Gait,COMPLETED,NA,INTERVENTIONAL,Incomplete Spinal Cord Injury,Sint Maartenskliniek,OTHER,,Regular walking; Myosuit; ZeroG,"DEVICE,OTHER",2023-10-25,2023.0,Netherlands
NCT05887752,Hunova® Randomized Controlled Trial for Trunk Control Improvement in Spinal Cord Injured Patients,COMPLETED,NA,INTERVENTIONAL,Spinal Cord Injury,Montecatone Rehabilitation Institute S.p.A.,OTHER,,Standard rehabilitation; Hunova® rehabilitation,"DEVICE,OTHER",2023-06-05,2023.0,Italy
NCT04412447,Training for Persons With Complete SCI for FES Cycling: a Case Series,UNKNOWN,NA,INTERVENTIONAL,Spinal Cord Injuries,Centre de Rééducation et Réadaptation Fonctionnelle La Châtaigneraie,OTHER,Institut National de Recherche en Informatique et en Automatique; Université Montpellier,Functional Electrical Stimulation,DEVICE,2019-10-01,2019.0,France
NCT00987155,"Spinal Cord Injury: Endurance, Strength and Cardiac Function Induced by Efficient Training Protocols",COMPLETED,NA,INTERVENTIONAL,Cardiovascular Disease,Norwegian University of Science and Technology,OTHER,St. Olavs Hospital,Ergometry,DEVICE,2007-01,2007.0,Norway
NCT03399968,Extracorporeal Shockwave Therapy (ESWT) to Improve Function in Chronic ASIA-A Patients,UNKNOWN,NA,INTERVENTIONAL,Spinal Cord Injuries,AUVA Trauma Center Meidling,OTHER,,ESWT; Placebo ESWT,DEVICE,2015-03-26,2015.0,Austria
NCT07595497,Combined TMS-tSCS for Lower Limb Rehabilitation in Chronic Incomplete SCI,NOT_YET_RECRUITING,NA,INTERVENTIONAL,Spinal Cord Injuries (SCI),"National University Hospital, Singapore",OTHER,,Transcranial Magnetic Stimulation; Transcutaneous Spinal Cord Stimulation,DEVICE,2027-01-01,2027.0,Singapore
NCT02603874,The Development of a Vertebra Localizing Aid Medical Device,UNKNOWN,NA,INTERVENTIONAL,Spinal Cord Neoplasms; Spinal Fractures,Target Tape,INDUSTRY,,Target Tape,DEVICE,2016-01,2016.0,
NCT06272279,Neuromodulation With Spinal Stimulation Methods,RECRUITING,NA,INTERVENTIONAL,"Spinal Cord Injuries; Spinal Cord Injury at C5-C7 Level; Paraplegia, Spinal; Paraplegia, Incomplete",University of Manitoba,OTHER,,spinal stimulation-DCS; spinal stimulation-sham DCS; spinal stimulation-EPS; sham spinal stimulation-EPS,"DEVICE,OTHER",2024-03-01,2024.0,Canada
NCT07626931,Abdominal Stimulation to Improve Cough After Spinal Cord Injury,NOT_YET_RECRUITING,NA,INTERVENTIONAL,Spinal Cord Injuries (SCI); Respiratory Insufficiency,Liberate Medical,INDUSTRY,United States Department of Defense,Respiratory Muscle Stimulator; Supervised Cough Training,"BEHAVIORAL,DEVICE",2026-08,2026.0,
NCT02334410,Early Intervention to Reduce Bone Loss After Spinal Cord Injury,UNKNOWN,NA,INTERVENTIONAL,Spinal Cord Injury; Osteoporosis,University of Strathclyde,OTHER,"Queen Elizabeth National Spinal Injuries Unit, Glasgow",Whole body vibration (WBV),DEVICE,2015-02,2015.0,United Kingdom
NCT06167954,Safety and Usability of a Robotic Gait Device for Children and Adolescents With Neurological or Neuromuscular Disease in Their Natural Environment,COMPLETED,NA,INTERVENTIONAL,Cerebral Palsy; Acquired Brain Injury; Spinal Muscular Atrophy,MarsiBionics,INDUSTRY,"Hospital Infantil Universitario Niño Jesús, Madrid, Spain; Hospital Universitario La Paz; Hospital Universitario 12 de Octubre; Hospital General Universitario Gregorio Marañon",EXPLORER,DEVICE,2023-12-04,2023.0,Spain
NCT01208688,FES Therapy:Restoring Voluntary Grasping Function in Chronic SCI,COMPLETED,PHASE2,INTERVENTIONAL,Spinal Cord Injuries,Toronto Rehabilitation Institute,OTHER,Rick Hansen Foundation,FES Therapy; FES Therapy; Conventional Occupational Therapy,"DEVICE,OTHER",2009-09,2009.0,Canada
NCT02149186,Interactive Motor Imagery in Virtual Reality,COMPLETED,NA,INTERVENTIONAL,Spinal Cord Injury; Stroke,University of Zurich,OTHER,,iCTuS-L,DEVICE,2009-10,2009.0,Switzerland
NCT01961557,Evaluating a New Knee-Ankle-Foot Brace to Improve Gait in Children With Movement Disorders,COMPLETED,NA,INTERVENTIONAL,Incomplete Spinal Cord Injury; Muscular Dystrophy; Spina Bifida; Cerebral Palsy,National Institutes of Health Clinical Center (CC),NIH,,EA-KAFO,DEVICE,2015-07-02,2015.0,United States
NCT00281463,Impact of Pushrim Activated Power Assist Wheelchairs on Mobility Among People With Tetraplegia,COMPLETED,NA,INTERVENTIONAL,Wheelchair Users,VA Pittsburgh Healthcare System,FED,,Pushrim Activated Power Assist,DEVICE,2001-11,2001.0,United States
NCT03302793,Combined Peripheral (BreEStim) and Central Electrical Stimulation (tDCS) for Neuropathic Pain Management - Spinal Cord Injury,COMPLETED,NA,INTERVENTIONAL,Pain Management,"The University of Texas Health Science Center, Houston",OTHER,,BreEStim; tDCS; tDCS sham,DEVICE,2015-04,2015.0,United States
NCT06998134,Toward Ubiquitous Lower Limb Exoskeleton Use in Children and Young Adults,RECRUITING,NA,OBSERVATIONAL,Muscle Weakness; Problems Moving Their Arms and Legs,National Institutes of Health Clinical Center (CC),NIH,,Extension assist knee ankle foot orthosis (EA-KAFO),DEVICE,2026-06-23,2026.0,United States
NCT05644171,RESTORES Trial: RESToration Of Rehabilitative Function With Epidural Spinal Stimulation,RECRUITING,NA,INTERVENTIONAL,Chronic Spinal Cord Injury,National Neuroscience Institute,OTHER,"Agency for Science, Technology and Research; Tan Tock Seng Hospital",RESToration Of Rehabilitative function with Epidural spinal Stimulation,DEVICE,2022-12-19,2022.0,Singapore
NCT03048331,Functional Electrical Stimulation (FES) and Reconstructive Tetraplegia Hand and Arm Surgery,TERMINATED,NA,INTERVENTIONAL,Spinal Cord Injury Cervical,"Swiss Paraplegic Research, Nottwil",NETWORK,,Functional Electrical Stimulation,DEVICE,2017-03-01,2017.0,Switzerland
NCT01407354,Comparison of Lokomat and Aquatic Exercise for Individuals With Chronic Incomplete Spinal Cord Injury,COMPLETED,NA,INTERVENTIONAL,Spinal Cord Injury,"University of Maryland, Baltimore",OTHER,"Shepherd Center, Atlanta GA",Lokomat treadmill training; Aquatic exercise therapy,"DEVICE,OTHER",2011-04,2011.0,United States
NCT04027972,Pharmacokinetics of Neostigmine and Glycopyrrolate,COMPLETED,EARLY_PHASE1,INTERVENTIONAL,Spinal Cord Injuries; Constipation; Fecal Incontinence; Neurogenic Bowel,James J. Peters Veterans Affairs Medical Center,FED,,Combination of Neostigmine and Glycopyrrolate; I-Box by Dynatronics,"DEVICE,DRUG",2020-03-09,2020.0,United States
NCT04369131,Controlling Orthostatic Hypotension in People with Cervical Spinal Cord Injury,WITHDRAWN,NA,INTERVENTIONAL,"Spinal Cord Injury Cervical; Hypotension, Orthostatic","Quality Living, Inc.",OTHER,,Functional electrical stimulation,DEVICE,2021-12-01,2021.0,United States
NCT06429631,The Effects of CIC Training With a Mobile Application on Quality of Life and Compliance in Spinal Cord Injury Patients: a Single Blind Randomized Controlled Study,COMPLETED,NA,INTERVENTIONAL,Neurogenic Bladder; Spinal Cord Injury; Intermittent Catheterization; Mobile Application,Gaziler Physical Medicine and Rehabilitation Education and Research Hospital,OTHER,Gazi University,mobile application on telephone,DEVICE,2023-08-01,2023.0,Turkey (Türkiye)
NCT07689227,Closed-Loop Vagus Nerve Stimulation (CLV) for Recovery of Gait After Spinal Cord Injury (SCI),NOT_YET_RECRUITING,NA,INTERVENTIONAL,Spinal Cord Injury (SCI); Gait; Reduced Physical Activity; Lower Limb Functions; Walking Impairment; Mobility Impairment; Functional Mobility,The University of Texas at Dallas,OTHER,National Institute of Neurological Disorders and Stroke (NINDS),CLV; Sham,DEVICE,2026-09-30,2026.0,United States
NCT01874782,Transcranial Electrical Stimulation for Management of Orthostatic Instability in Acute Cervical Spinal Cord Injury,COMPLETED,PHASE2,INTERVENTIONAL,Orthostatic Hypotension; Postural Hypotension,University of British Columbia,OTHER,Vancouver Coastal Health Research Institute,transcranial electrical stimulation,DEVICE,2013-05,2013.0,Canada
NCT04163796,UPnRIDE Power Standing Wheelchair for SCI,COMPLETED,NA,INTERVENTIONAL,Spinal Cord Injuries,"Bronx Veterans Medical Research Foundation, Inc",OTHER,,UPnRIDE power wheelchair,DEVICE,2018-08-01,2018.0,United States
NCT04912583,Comparison of Low and High Tidal Volumes in Acute Spinal Cord Injury,COMPLETED,NA,INTERVENTIONAL,Spinal Cord Injuries,"The University of Texas Health Science Center, Houston",OTHER,TIRR Memorial Hermann; Craig Hospital; National Center for Advancing Translational Sciences (NCATS); The Craig H. Neilsen Foundation,High tidal volume; Low tidal volume,DEVICE,2021-12-17,2021.0,United States
NCT03954496,Improving Hand Recovery With Neuromodulation in Tetraplegia,TERMINATED,NA,INTERVENTIONAL,"Spinal Cord Injuries; Tetraplegia, Unspecified, Incomplete, Chronic",Sara Shahid Salles,OTHER,Wings for Life,transcranial direct current stimulation; Intensive upper extremity motor training,"BEHAVIORAL,DEVICE",2019-07-01,2019.0,United States
NCT05731986,Spinal Cord Transcutaneous Stimulation Effect on Blood Pressure in Acute Spinal Cord Injury (SCI),RECRUITING,NA,INTERVENTIONAL,"Spinal Cord Injuries; Spinal Cord Diseases; Trauma, Nervous System; Nervous System Diseases; Central Nervous System Diseases; Hypotension; Orthostatic Hypotension; Cardiovascular Diseases; Acute Spinal Cord Injury; Blood Pressure",Kessler Foundation,OTHER,,"Orthostatic challenge; Biostim-5 transcutaneous spinal stimulation - Mapping; Biostim-5 transcutaneous spinal stimulation - ""Optimal"" testing; Biostim-5 transcutaneous spinal stimulation - ""Sham"" testing","DEVICE,DIAGNOSTIC_TEST",2023-12-01,2023.0,United States
NCT05362422,PAS for Post-SCI Neuropathic Pain,COMPLETED,NA,INTERVENTIONAL,Spinal Cord Injury Cervical; Neuropathic Pain,Helsinki University Central Hospital,OTHER,,long-term paired associative stimulation; sham long-term paired associative stimulation,DEVICE,2022-04-22,2022.0,Finland
NCT02329652,Multi-functional Neuroprosthetic System for Restoration of Motor Function in Spinal Cord Injury,RECRUITING,NA,INTERVENTIONAL,Spinal Cord Injuries; Spinal Cord Injury at C5-C7 Level; Spinal Cord Injury Cervical; Spinal Cord Injury at C5-C7 Level With Complete Lesion; Spinal Cord Injury at C5-C7 Level With Incomplete Lesion,Anne Bryden,OTHER,National Institute of Neurological Disorders and Stroke (NINDS); Case Western Reserve University; Congressionally Directed Medical Research Programs; FDA Orphan Products Division,Networked Neuroprosthetic System for Grasp and Trunk,DEVICE,2014-12-01,2014.0,United States
NCT04668326,Mobile Manual Standing Wheelchair for SCI,COMPLETED,NA,INTERVENTIONAL,Spinal Cord Injuries and Disorders,VA Office of Research and Development,FED,,Manual Standing Wheelchair; Mobile Manual Standing Wheelchair,DEVICE,2023-05-01,2023.0,United States
NCT07136688,Tibial Nerve Stimulation for Pediatric Spina Bifida Neurogenic Bladder,RECRUITING,NA,INTERVENTIONAL,Neurogenic Bladder Due to Spina Bifida,"The University of Texas Health Science Center, Houston",OTHER,,Stamobil electric stimulator; sham tTNS device,DEVICE,2026-03-27,2026.0,United States
NCT07213986,Vibrant Capsule for Spinal Cord Injury Neurogenic Bowel Dysfunction,RECRUITING,NA,INTERVENTIONAL,Neurogenic Bowel Dysfunction; Spinal Cord Injury,"The University of Texas Health Science Center, Houston",OTHER,Mission Connect,Vibrant Capsule,DEVICE,2026-01-06,2026.0,United States
NCT03495986,Spinal Cord Injury Exercise and Nutrition Conceptual Engagement,COMPLETED,NA,INTERVENTIONAL,Spinal Cord Injuries; Metabolic Syndrome; Dietary Modification; Paraplegia; Tetraplegia,University of Miami,OTHER,Eunice Kennedy Shriver National Institute of Child Health and Human Development (NICHD),Functional Electrical Stimulation Leg Cycle Ergometry; Diet,"BEHAVIORAL,DEVICE",2021-06-10,2021.0,United States
NCT07159360,"Safety, Usability, and Effectiveness of a Gait Exoskeleton for Children and Adolescents With Neurodevelopmental Disorders.",NOT_YET_RECRUITING,NA,INTERVENTIONAL,Neuromuscular Disorders; Neurodevelopmental Disorders,MarsiBionics,INDUSTRY,"Hospital Infantil Universitario Niño Jesús, Madrid, Spain; APAC, I.A.P.",CLINICAL EXPLORER,DEVICE,2025-09-15,2025.0,Mexico; Spain
NCT02313194,Spinal Cord Neuromodulation for Spinal Cord Injury,ACTIVE_NOT_RECRUITING,"PHASE1,PHASE2",INTERVENTIONAL,Cervical Spinal Cord Injury; Tetraparesis; Tetraplegia,"University of California, Los Angeles",OTHER,,Epidural Stimulation; Buspirone,"DEVICE,DRUG",2013-07,2013.0,United States
NCT04854057,Pairing Intermittent Hypoxia and Transcutaneous Electrical Spinal Cord Stimulation to Promote Arm Use After Cervical SCI,TERMINATED,NA,INTERVENTIONAL,Spinal Cord Injuries,Spaulding Rehabilitation Hospital,OTHER,,AIH - Intermittent Hypoxia - hypoxia air mixture; SHAM - Intermittent Room Air - room air mixture; TESS - Transcutaneous Electrical Spinal Cord Stimulation + Functional Task Practice,"DEVICE,OTHER",2021-03-03,2021.0,United States
NCT04102826,Restoration of Arm Function in People With High-level Tetraplegia,COMPLETED,NA,INTERVENTIONAL,Incomplete Spinal Cord Injury,Robert Jones and Agnes Hunt Orthopaedic and District NHS Trust,OTHER_GOV,"Engineering and Physical Sciences Research Council, UK; Keele University",Functional electrical stimulation (FES),DEVICE,2021-09-29,2021.0,United Kingdom
NCT02554058,Combined Tactile and Proprioception Training After Spinal Cord Injury,COMPLETED,NA,INTERVENTIONAL,Spinal Cord Injury,University of Manitoba,OTHER,,Cycling and Mechanical stimulation,DEVICE,2015-05,2015.0,Canada
NCT04506099,Transcutaneous Intercostal Nerve Stimulation in Spinal Cord Injury,WITHDRAWN,NA,INTERVENTIONAL,Neuropathic Pain; SCI - Spinal Cord Injury,"The University of Texas Health Science Center, Houston",OTHER,,TINS Active protocol; Sham protocol,DEVICE,2020-07-17,2020.0,United States
NCT02268266,ERIGO® Life- Control of Cardiovascular Parameters Via Verticalization and Simultaneous Mobilization,COMPLETED,NA,INTERVENTIONAL,Stroke; Spinal Cord Injury,Swiss Federal Institute of Technology,OTHER,"Zuercher Hoehenklinik Wald; Hocoma AG, Switzerland",Erigo,DEVICE,2010-04,2010.0,Switzerland
NCT06137456,First Report of a New Exoskeleton in Incomplete Spinal Cord Injury,COMPLETED,NA,INTERVENTIONAL,"Spinal Cord Injuries; Walking, Difficulty",Ankara City Hospital Bilkent,OTHER,,Exoskeletal robotic therapy for walking.; Conventional exercise therapy,"DEVICE,OTHER",2022-01-01,2022.0,Turkey (Türkiye)
NCT07739264,ZEPU-SGI1PLUS Hand Training Study (ZEPUSGI1RCT),NOT_YET_RECRUITING,NA,INTERVENTIONAL,Upper Limb Motor Dysfunction; Stroke; Incomplete Spinal Cord Injury; Traumatic Brain Injury; Upper Limb Orthopedic Trauma,Bangladesh Medical University,OTHER,,ZEPU-SG1PLUS Hand Functional Comprehensive Training System; Standard-of-Care Rehabilitation,"DEVICE,OTHER",2026-07,2026.0,Bangladesh
NCT04855838,Dysphagia After Anterior Cervical Spine Surgery,RECRUITING,NA,INTERVENTIONAL,Dysphagia; Cervical Spinal Cord Injury,Umeå University,OTHER,"University Hospital, Umeå",Oral neuromuscular training,DEVICE,2020-12-17,2020.0,Sweden
NCT07578532,The Effectiveness of Transcutaneous Sacral Neuromodulation Techniques-Magnetic Stimulation and Electrical Stimulation-on Detrusor Overactivity in Patients With Spinal Cord Injury,RECRUITING,NA,INTERVENTIONAL,Spinal Cord Injuries (SCI); Detrusor Overactivity,Ankara City Hospital Bilkent,OTHER,,Transcutaneous Sacral Electrical Stimulation; Transcutaneous sacral magnetic stimulation,DEVICE,2025-03-26,2025.0,Turkey (Türkiye)
NCT04847609,GentleCath Air (Urinary Self-catheterization) - Pain in Female Patients With Neurological Vesico-sphincter Disorders,WITHDRAWN,NA,OBSERVATIONAL,Spinal Cord Injuries; Multiple Sclerosis; Parkinsonian Disorders; Allodynia,ConvaTec Inc.,INDUSTRY,ClinSearch,GentleCath™ Air catheter,DEVICE,2021-05-31,2021.0,
NCT07445685,Transcutaneous Spinal Cord Stimulation (tSCS) During Assisted Cycling Training for Incomplete Spinal Cord Injury.,NOT_YET_RECRUITING,NA,INTERVENTIONAL,Incomplete Spinal Cord Injury (SCI),Fundació Sant Joan de Déu,OTHER,"Hospital San Juan de Dios, Spain",Transcutaneous spinal cord stimulation on the dorsal region between T11 and T12; Sham transcutaneous spinal cord stimulation on the dorsal region between T11 and T12,DEVICE,2026-03-01,2026.0,Spain
NCT06445426,Cystometry Using a Novel Microsensor System in Patients With Neurogenic Bladder Dysfunction,COMPLETED,NA,OBSERVATIONAL,"Spinal Cord Injuries; Urinary Bladder, Neurogenic",Sunnaas Rehabilitation Hospital,OTHER,SINTEF MiNaLab; University of Oslo,Cystometry,DEVICE,2022-06-01,2022.0,Norway
NCT00223912,Effect of Exercise on Blood Coagulation in Persons With Chronic Spinal Cord Injury,COMPLETED,NA,INTERVENTIONAL,Cardiovascular Disease; Spinal Cord Injury,US Department of Veterans Affairs,FED,,ERGYS BikeFunctional Electrical Stimulation Ergometry,DEVICE,2003-11,2003.0,United States
NCT06000592,"Safety, Feasibility, and Efficacy of TSCS on Stabilizing Blood Pressure for Acute Inpatients With SCI",RECRUITING,NA,INTERVENTIONAL,Acute Spinal Cord Injury; Spinal Cord Injuries; Neuromodulation; Traumatic Spinal Cord Injury; Spinal Cord Stimulation; SCI - Spinal Cord Injury; Blood Pressure; Blood Pressure Disorders,"Jill M. Wecht, Ed.D.",FED,Icahn School of Medicine at Mount Sinai,Digitimer,DEVICE,2022-01-01,2022.0,United States
NCT06838637,Transcutaneous Spinal Cord Stimulation Home Study,RECRUITING,NA,INTERVENTIONAL,"Spinal Cord Injuries; Multiple System Atrophy, Parkinson Variant",Michael Berger,OTHER,Vancouver Coastal Health Research Institute; International Collaboration on Repair Discoveries; SpineX Inc.; Vancouver Coastal Health; University of British Columbia; Rick Hansen Foundation,"Spinal COrd NEuromodulation (""SCONE"") Device",DEVICE,2024-02-15,2024.0,Canada
NCT04910412,Effects of tDCS With Gait Training on Leg Performance in Incomplete Spinal Cord Injury,COMPLETED,NA,INTERVENTIONAL,Incomplete Spinal Cord Injury,Mahidol University,OTHER,,transcranial direct current stimulation,DEVICE,2021-05-25,2021.0,Thailand
NCT02333695,Medical Device for Magnetic Therapy for Spinal Cord Injuries (SCI),UNKNOWN,NA,INTERVENTIONAL,Spinal Cord Injury; Stroke,American Society Of Thermalism And Climatology Inc,OTHER,,Spinal Magnetic Stimulation,DEVICE,2015-01,2015.0,United States
NCT07669181,Examination of the Role of Human Exoskeletons in Rehabilitation,ACTIVE_NOT_RECRUITING,NA,INTERVENTIONAL,Spinal Cord Injury,University of Pecs,OTHER,,Exoskeleton based gait therapy,DEVICE,2017-12-01,2017.0,Hungary
NCT05645003,Transcranial Magnetic Stimulation Therapy in Neuropathic Painful Spinal Cord Injury Patients,RECRUITING,NA,INTERVENTIONAL,Spinal Cord Injuries; Neuropathic Pain; Neurological Diseases or Conditions,Afyonkarahisar Health Sciences University,OTHER,,High-frequency real-time rTMS protocol; Sham rTMS Protocol,DEVICE,2022-11-15,2022.0,Turkey (Türkiye)
NCT04964635,TETRAGRIP II - Usability Trial of an FES Orthosis for People With Tetraplegia.,COMPLETED,NA,INTERVENTIONAL,Spinal Cord Injuries; Tetraplegia,Bournemouth University,OTHER,Salisbury NHS Foundation Trust,TetraGrip II system,DEVICE,2021-10-26,2021.0,United Kingdom
NCT05664646,Autonomic Effects of Stimulation in SCI,ACTIVE_NOT_RECRUITING,NA,INTERVENTIONAL,Spinal Cord Injury,VA Office of Research and Development,FED,,Transcutaneous Spinal Cord Stimulation,DEVICE,2023-07-24,2023.0,United States
NCT06444672,"Effects of a Home-Based Rehabilitation on Anthropometric Measures, Sensory-Motor Functions and Independence After Spinal Cord Injury",COMPLETED,NA,INTERVENTIONAL,Spinal Cord Injury at T7-T10 Level; War Injuries Due to Bullets and Fragments; Spinal Cord Injury L1- L5; Spinal Cord Injury No Sensory/Motor in S4-S5,University of Mosul,OTHER,University of Sfax,Home-based Rehabilitation program; Knee-Ankle-Foot-Orthosis,"DEVICE,OTHER",2021-09-25,2021.0,Iraq
NCT03680872,Restoring Motor and Sensory Hand Function in Tetraplegia Using a Neural Bypass System,RECRUITING,NA,INTERVENTIONAL,Spinal Cord Injuries; Spinal Cord Injury Cervical,Chad Bouton,OTHER,,Bidirectional Neural Bypass System,DEVICE,2019-09-30,2019.0,United States
NCT06421753,Efficiency of Spatially Distributed Sequential Stimulation (Sdss) for Functional Electrical Stimulation (FES) of Upper Motor Neuron Syndrome (UMR) Patients,COMPLETED,NA,INTERVENTIONAL,Upper Motor Neuron Disease,UGECAM Rhône-Alpes,OTHER,,SDSS; Standard Electrical Stimulation During Functional Electrical Stimulation,DEVICE,2024-05-16,2024.0,France
NCT02203994,Extracorporeal Shock Wave Therapy (ESWT) for the Treatment of Spasticity in Persons With Spinal Cord Injury,COMPLETED,NA,INTERVENTIONAL,Spinal Cord Injury; Spasticity,"Swiss Paraplegic Research, Nottwil",NETWORK,,"Duolith® SD 1 ""T-Top"" (Storz Medical AG, Switzerland)",DEVICE,2014-07,2014.0,Switzerland
NCT06290609,Vibrotactile Coordinated Reset for Spasticity After Spinal Cord Injury,NOT_YET_RECRUITING,NA,INTERVENTIONAL,"Spasticity, Muscle; Spinal Cord Injuries",Stanford University,OTHER,,Vibrotactile Coordinated Reset,DEVICE,2026-03-15,2026.0,United States
NCT03171207,Evaluation of a Novel Gait Training Device to Support Body Weight,UNKNOWN,NA,INTERVENTIONAL,"Stroke; Brain Injuries, Traumatic; Spinal Cord Injuries; Gait Disorders, Neurologic",Lite Run Inc.,INDUSTRY,Minneapolis Veterans Affairs Medical Center; TREAT,Lite Run Gait Trainer; Current Harness System,DEVICE,2017-06,2017.0,
NCT06813287,"Brain Monitoring, tDCS and Robotic Training in SCI",COMPLETED,PHASE2,INTERVENTIONAL,Spinal Cord Injuries,Kathleen Friel,OTHER,,Electroencephalography (EEG); Upper extremity robot,"DEVICE,DIAGNOSTIC_TEST",2012-11-01,2012.0,United States
NCT01292811,Restoration of Upper Limb Function in Individuals With Sub-Acute Spinal Cord Injury,TERMINATED,NA,INTERVENTIONAL,Spinal Cord Injury,Toronto Rehabilitation Institute,OTHER,Rick Hansen Foundation; Ontario Neurotrauma Foundation,Functional Electrical Stimulation (Compex Motion Stimulator); Conventional Occupational therapy,"DEVICE,OTHER",2011-01,2011.0,Canada
NCT03886857,Segmental Mechanisms of Transcutaneous Spinal Cord Stimulation for Spasticity Control,COMPLETED,NA,INTERVENTIONAL,Spinal Cord Injuries,Peter Lackner,OTHER,Medical University of Vienna,transcutaneous spinal cord stimulation,DEVICE,2019-05-01,2019.0,Austria
NCT04307303,Electrical Stimulation of Abdominal Muscles for Bowel Management in People With Spinal Cord Injury,COMPLETED,NA,INTERVENTIONAL,Neurogenic Bowel,Salisbury NHS Foundation Trust,OTHER_GOV,Inspire Foundation,abdominal functional electrical stimulation,DEVICE,2021-07-07,2021.0,United Kingdom
NCT05180227,Transcutaneous Stimulation in Spinal Cord Injury,COMPLETED,NA,INTERVENTIONAL,Spinal Cord Injury,VA Office of Research and Development,FED,,DS8R,DEVICE,2022-06-01,2022.0,United States
NCT02244931,Comparison of Three Different Assisting Devices to Power Manual Wheelchairs in Patients With Spinal Cord Injury,COMPLETED,NA,INTERVENTIONAL,Spinal Cord Injuries,Assistance Publique - Hôpitaux de Paris,OTHER,,Servomatic™ assisting device; E.Motion© assisting device; Standard manual Wheelchair,DEVICE,2011-09,2011.0,France
NCT05535400,Effects of Physical-Psychological Integrative Intervention on SCI Patient: a Pilot Randomized Controlled Trial,COMPLETED,NA,INTERVENTIONAL,Spinal Cord Injuries; Physical Inactivity; Depression; Chronic Pain,The Hong Kong Polytechnic University,OTHER,,Physical-Psychological Integrative Intervention; Brief online didactic education,"BEHAVIORAL,DEVICE",2022-09-20,2022.0,Hong Kong
NCT03052244,tDCS and VI to Treat Neuropathic Pain and Function in SCI,UNKNOWN,NA,INTERVENTIONAL,SCI - Spinal Cord Injury,Loewenstein Hospital,OTHER,,tDCS+VI; tDCS Sham+VI Sham,DEVICE,2017-03-15,2017.0,
NCT06801431,Transcutaneous Spinal Cord Stimulation for Bowel Management in Individuals with Motor Complete Spinal Cord Injury,NOT_YET_RECRUITING,NA,INTERVENTIONAL,Neurogenic Bowel; Spinal Cord Injuries (SCI),Nova Scotia Health Authority,OTHER,,Transcutaneous spinal cord stimulation,DEVICE,2025-09-01,2025.0,
NCT02198833,Efficacy of Micro-Patterned Foley Catheter to Reduce Catheter-Associated Urinary Tract Infection,TERMINATED,NA,INTERVENTIONAL,Urinary Tract Infection,Baylor College of Medicine,OTHER,United States Department of Defense,Urine Culture; Foley Catheter Tip Culture; Scanning Electron Microscopy; Device Specific Adverse Event Assessment; Foley Catheter Insertion,"BIOLOGICAL,DEVICE,PROCEDURE",2014-09,2014.0,United States
NCT02983266,Vagal Nerve Stimulation to Reduce Inflammation and Hyperadrenergia,WITHDRAWN,NA,INTERVENTIONAL,Spinal Cord Injury,University of Miami,OTHER,,InTENsity MicroCombo,DEVICE,2018-12-01,2018.0,United States
NCT06715631,Human Factors Validation Testing of the Wandercraft Personal Exoskeleton,COMPLETED,NA,INTERVENTIONAL,Spinal Cord Injuries; Tetraplegia; Paraplegia,Wandercraft,INDUSTRY,,Hands-free exoskeleton,DEVICE,2024-08-20,2024.0,France
NCT04977037,A Telerehabilitation Program for SCI,COMPLETED,NA,INTERVENTIONAL,Incomplete Spinal Cord Injury,"The University of Texas Health Science Center, Houston",OTHER,Mission Connect a project of TIRR Foundation,Active tDCS; Sham tDCS,DEVICE,2021-07-01,2021.0,United States
NCT02554201,Efficacy of Electrical Pudendal Nerve Stimulation for Neurogenic Lower Urinary Tract Dysfunction,COMPLETED,NA,INTERVENTIONAL,Spinal Cord Injuries; Lower Urinary Tract Symptoms; Dysuria; Incontinence,"Shanghai Institute of Acupuncture, Moxibustion and Meridian",OTHER,RenJi Hospital,Electrical pudendal nerve stimulation; Transvaginal electrical stimulation,DEVICE,2015-10,2015.0,China
NCT07210411,Acute and Chronic Repercussion of Spinal Cord Stimulation After Spinal Cord Injury,RECRUITING,NA,INTERVENTIONAL,Spinal Cord Injuries,Mayo Clinic,OTHER,,Tests of sympathetic inhibition; Tests of above level sympathetic activation; Testing of below level sympathetic activation; Epidural stimulation; Transcutaneous stimulation,"DEVICE,DIAGNOSTIC_TEST",2026-03-05,2026.0,United States
NCT03082898,Mobility and Therapeutic Benefits Resulting From Exoskeleton Use in a Clinical Setting (SC140121 Study 1 and 2),COMPLETED,NA,INTERVENTIONAL,Spinal Cord Injury,Vanderbilt University,OTHER,,Indego Exoskeleton,DEVICE,2016-11-15,2016.0,United States
NCT03670498,The Safety and Efficacy of the 4 Channel NMES on Swallowing,COMPLETED,NA,INTERVENTIONAL,Dysphagia,Seoul National University Hospital,OTHER,,4 channel Electrical Stimulation Device; 2 channel Electrical Stimulation Device,DEVICE,2018-10-01,2018.0,South Korea
NCT00011609,Clinical Evaluation of a Wheelchair Mounted Robotic Arm,COMPLETED,PHASE2,INTERVENTIONAL,Spinal Cord Injury,US Department of Veterans Affairs,FED,,Robotic Arm,DEVICE,2000-08,2000.0,United States
NCT01935687,Clinical Evaluation of Instrumented Wheel as Biomedical Device Quantifying the Displacement Efficiency,COMPLETED,NA,INTERVENTIONAL,Spinal Cord Injury,Assistance Publique - Hôpitaux de Paris,OTHER,,Using of instrumented wheel; Using of ergometer roller,DEVICE,2012-12,2012.0,France
NCT00623948,Implanted Gluteal Stimulation System for Pressure Sore Prevention,WITHDRAWN,NA,INTERVENTIONAL,Pressure Ulcers,US Department of Veterans Affairs,FED,,A fully implanted gluteal stimulation (GSTIM) system,DEVICE,2012-09,2012.0,United States
NCT03458871,Home Neuromodulation of the Neurogenic Bladder in Chronic Spinal Cord Injury With Transcutaneous Tibial Nerve Stimulation,COMPLETED,NA,INTERVENTIONAL,Chronic Spinal Cord Injury; Neurogenic Bowel,"The University of Texas Health Science Center, Houston",OTHER,,4-week TTNS home-based protocol,DEVICE,2018-03-13,2018.0,United States
NCT05091463,Non-invasive Spinal Stimulation as an Adjuvant Therapy for Trunk Control After Pediatric SCI,UNKNOWN,NA,INTERVENTIONAL,Spinal Cord Injuries,University of Louisville,OTHER,The Craig H. Neilsen Foundation,Biostim-5/Neostim transcutaneous spinal stimulator,DEVICE,2021-08-31,2021.0,United States
NCT03118960,Effectiveness of the Freedom Bed as Compared to Alternating Pressure Mattress in Treatment of Pressure Injuries in Persons With Limited Mobility Due to Traumatic Brain Injury and /or Spinal Cord Injury,UNKNOWN,NA,INTERVENTIONAL,Pressure Injury,Northeast Center for Rehabilitation and Brain Injury,OTHER,Probed Medical USA,Freedom Bed; Group II Low Air Loss/Alternating Pressure Mattress,DEVICE,2016-09,2016.0,United States
NCT05369520,Non-invasive Spinal Cord Stimulation for Recovery of Autonomic Function After Spinal Cord Injury,RECRUITING,NA,INTERVENTIONAL,Spinal Cord Injury; Autonomic Dysfunction; Sexual Dysfunction; Neurogenic Bladder Dysfunction; Neurogenic Bowel Dysfunction; Autonomic Dysreflexia; Orthostatic Hypotension,University of British Columbia,OTHER,United States Department of Defense; Congressionally Directed Medical Research Programs,TESCoN or SCONE device - Thoracic stimulation; TESCoN or SCONE device - Lumbosacral stimulation,DEVICE,2023-10-03,2023.0,Canada
NCT07539025,Cervical Spinal Cord Associative Plasticity,RECRUITING,NA,INTERVENTIONAL,Cervical Spinal Cord Plasticity,Columbia University,OTHER,,SCAP; MagPro X100; Digitimer DS8R; Paired non-associative stimulation,"DEVICE,OTHER",2026-05-09,2026.0,United States
NCT03011099,Improving Gait Performance in Individuals With Spinal Cord Injuries: an Intervention Using Robotic Exoskeletons,COMPLETED,NA,INTERVENTIONAL,Spinal Cord Injuries,"The University of Texas Health Science Center, Houston",OTHER,,Robotic exoskeleton training; Conventional physical therapy,"DEVICE,OTHER",2014-01,2014.0,United States
NCT02863315,The Effects of Anodal tsDCS on Chronic Neuropathic Pain After SCI,UNKNOWN,NA,INTERVENTIONAL,Neuropathic Pain; Spinal Cord Injury,Seoul National University Hospital,OTHER,,tsDCS,DEVICE,2016-08,2016.0,South Korea
NCT05553457,MyHand-SCI: An Active Hand Orthosis for Spinal Cord Injury,RECRUITING,NA,INTERVENTIONAL,Spinal Cord Injuries; Tetraplegia,Columbia University,OTHER,National Institute of Neurological Disorders and Stroke (NINDS),Testing of MyHand-SCI Device,DEVICE,2022-10-04,2022.0,United States
NCT06596369,Transcutaneous Spinal Cord Stimulation for Upper Extremity Function,RECRUITING,"PHASE2,PHASE3",INTERVENTIONAL,Spinal Cord Injuries; Stroke,University of Alberta,OTHER,Glenrose Foundation,Transcutaneous spinal cord stimulation; Upper extremity rehabilitation,"DEVICE,OTHER",2024-06-15,2024.0,Canada
NCT07401186,Stimulation-Based Modulation of Spinal and Cortical Sensory Pathways,RECRUITING,NA,INTERVENTIONAL,Stroke; Able Bodied,"Peter C. Gerszten, MD",OTHER,,Bipolar Neural Stimulation Electrode,DEVICE,2026-05-26,2026.0,United States
NCT05117827,Pediatric Powered Wheelchair Standing Devices: An Exploratory Study,ACTIVE_NOT_RECRUITING,NA,INTERVENTIONAL,Cerebral Palsy; Spinal Muscular Atrophy; Spinal Cord Injuries; Spina Bifida; Development Delay; Genetic Disease,Grand Valley State University,OTHER,,Power Wheelchair Standing Device,DEVICE,2021-11-12,2021.0,United States
NCT02592668,Spinal Cord Injury Epidural Stimulation,COMPLETED,NA,INTERVENTIONAL,Spinal Cord Injury,Mayo Clinic,OTHER,"University of California, Los Angeles; Reneu Health Inc.; Bel13ve in Miracles Foundation; The Craig H. Neilsen Foundation; National Center for Advancing Translational Sciences (NCATS)",Epidural Stimulator,DEVICE,2016-01-04,2016.0,United States
NCT04250688,Robotic Exoskeleton With Functional Electrical Stimulation in Acute Spinal Cord Injury,UNKNOWN,NA,INTERVENTIONAL,Spinal Cord Injuries,Shirley Ryan AbilityLab,OTHER,U.S. Department of Education,Ekso Training with FES,DEVICE,2016-01-01,2016.0,
NCT06772077,Safety and Usability of the ATLAS 2030 Exoskeleton in Pediatric Patients With Spinal Cord Injury,RECRUITING,NA,INTERVENTIONAL,Spinal Cord Injury (SCI),MarsiBionics,INDUSTRY,Hospital Nacional de Parapléjicos de Toledo; Fundación del Lesionado Medular,Rehabilitation treatment with ATLAS2030,DEVICE,2025-02-17,2025.0,Spain
NCT06410001,CE-STAND: Cervical Epidural STimulation After Neurologic Damage,RECRUITING,"PHASE1,PHASE2",INTERVENTIONAL,Spinal Cord Injury,University of Minnesota,OTHER,,Epidural Spinal Cord Stimulation System,DEVICE,2026-03-15,2026.0,United States
NCT03643419,Clinical Study of Treatment of Acute Spinal Cord Injury by Near Infrared Light Irradiation,UNKNOWN,NA,INTERVENTIONAL,Spinal Cord Injuries; Photobiology; Neurological Rehabilitation; Near Infrared Light Irradiation,Xijing Hospital,OTHER,,Laminectomy; Spinal nerve laser therapeutic apparatus（Composed of 808-band fully automatic control laser device and implantable 360° scattering medical fiber）,"DEVICE,PROCEDURE",2018-09-01,2018.0,China
NCT07639541,Radio-frequency (RF) Bladder Monitor,NOT_YET_RECRUITING,NA,INTERVENTIONAL,Spinal Cord Injuries (SCI); Neurogenic Lower Urinary Tract Dysfunction; Neurogenic Bladder (NB),McGill University Health Centre/Research Institute of the McGill University Health Centre,OTHER,Congressionally Directed Medical Research Programs,Wearable microwave Bladder Monitoring System,DEVICE,2026-07-01,2026.0,Canada
NCT05111093,Epidural Electrical Stimulation to Restore Hemodynamic Stability and Trunk Control in People With Spinal Cord Injury,RECRUITING,NA,INTERVENTIONAL,Spinal Cord Injuries,Ecole Polytechnique Fédérale de Lausanne,OTHER,,ARC-IM Investigational System implantation,DEVICE,2021-11-29,2021.0,Switzerland
NCT07619300,Dorsal Root Ganglion Stimulation After Lower Motor Neuron Damage,NOT_YET_RECRUITING,NA,INTERVENTIONAL,Spinal Cord Injuries; Lower Motor Neuron Disease,"Peter J. Grahn, Ph.D.",OTHER,,Abbot Dorsal Root Ganglion Neurostimulator,DEVICE,2026-07,2026.0,United States
NCT03638609,The Effect of IABP Early Insertion on Mortality in Post Cardiac Arrest Patients With Acute Coronary Syndrome,UNKNOWN,NA,INTERVENTIONAL,Post-Cardiac Arrest Syndrome,Indonesia University,OTHER,National Cardiovascular Center Harapan Kita Hospital Indonesia,Intra Aortic Balloon Pump,DEVICE,2017-10-23,2017.0,Indonesia
NCT03184792,Transcutaneous Electrical Spinal Stimulation to Restore Upper Extremity Functions in Spinal Cord Injury,COMPLETED,NA,INTERVENTIONAL,Spinal Cord Injury Cervical; Upper Extremity Dysfunction,University of Washington,OTHER,,Transcutaneous spinal stimulation; Physical therapy,"DEVICE,OTHER",2017-12-01,2017.0,United States
NCT03175055,Phoenix Exoskeleton for SCI Users,COMPLETED,NA,INTERVENTIONAL,SCI - Spinal Cord Injury,US Bionics,INDUSTRY,,Phoenix,DEVICE,2017-06-01,2017.0,Hong Kong; United States
NCT07653529,Effect of Antigravity Treadmill Training on Cardiorespiratory Fitness and Lower Limb Function in Incomplete Spinal Cord Injury,NOT_YET_RECRUITING,NA,INTERVENTIONAL,Incomplete Spinal Cord Injury (SCI),Middle East University,OTHER,,Antigravity Treadmill for gait training; gait training and balance exercise,"DEVICE,OTHER",2026-06-12,2026.0,
NCT04688229,Motor Recovery Training for Hand and Digits in Stroke and SCI,UNKNOWN,NA,INTERVENTIONAL,Acute Stroke; Cervical Spinal Cord Injury,Shirley Ryan AbilityLab,OTHER,Johns Hopkins University,Hummingbird hand training device plus standard of care rehabilitation; Comparison (sham) intervention,"DEVICE,OTHER",2021-10-20,2021.0,
NCT03307954,Bone Mineral Density Ekso Therapy Study,COMPLETED,NA,INTERVENTIONAL,Spinal Cord Injuries,Sheffield Teaching Hospitals NHS Foundation Trust,OTHER,,Ekso Therapy (Exoskeleton Suit); Usual Physiotherapy,"DEVICE,OTHER",2016-10-06,2016.0,United Kingdom
NCT02602639,Functional Electrical Stimulation With Rowing as Exercise After Spinal Cord Injury,UNKNOWN,NA,INTERVENTIONAL,Spinal Cord Injury; Paraplegia; Tetraplegia,University of Manitoba,OTHER,,Functional electrical stimulation rowing (Odstock 4 channel neuromuscular stimulator with Concept 2 Rower),DEVICE,2015-10,2015.0,Canada
NCT07128901,Lower-Limb Exoskeleton Technology for Non-Ambulatory Individuals With Spinal Cord Injury,COMPLETED,NA,INTERVENTIONAL,Spinal Cord Injuries,Georgia Institute of Technology,OTHER,"Shepherd Center, Atlanta GA",Ekso Indego Therapy; Wandercraft Atalante X,DEVICE,2025-12-10,2025.0,United States
NCT03956537,PMCF Neo Pedicle Screw and Cage Systems,ACTIVE_NOT_RECRUITING,NA,OBSERVATIONAL,Degenerative Disc Disease; Spondylolisthesis; Spinal Stenosis; Spinal Tumor; Trauma; Pseudoarthrosis of Spine,Neo Medical SA,INDUSTRY,ConfinisCPM,NEO Pedicle Screw System™; Neo Cage System™,DEVICE,2019-10-15,2019.0,Germany; Spain
NCT03045744,Long-term PAS in Rehabilitation After SCI,COMPLETED,NA,INTERVENTIONAL,Spinal Cord Injuries,Helsinki University Central Hospital,OTHER,Validia Rehabilitation; University of Helsinki,long-term paired associative stimulation,DEVICE,2017-02-10,2017.0,Finland
NCT04196114,Study on Feasibility of Stimulation on the Lumbar Part of the Spinal Cord to Improve Mobility Recovery in Patients With Sub-acute Spinal Cord Injury,WITHDRAWN,NA,INTERVENTIONAL,Spinal Cord Injury,Ecole Polytechnique Fédérale de Lausanne,OTHER,,STIMO-2 device implantation,DEVICE,2022-02-01,2022.0,Switzerland
NCT06313515,Transcutaneous Spinal Cord Stimulation Combined With Arm Bike for Cardiovascular Recovery in SCI,RECRUITING,NA,INTERVENTIONAL,Spinal Cord Injuries,University of Washington,OTHER,,Transcutaneous Spinal Cord Stimulation; Arm-crank bike exercise; Sham Stimulation,"BEHAVIORAL,DEVICE,OTHER",2024-04-01,2024.0,United States
NCT01225055,"Effect of Teriparatide, Vibration and the Combination on Bone Mass and Bone Architecture in Chronic Spinal Cord Injury",COMPLETED,PHASE2,INTERVENTIONAL,Spinal Cord Injury; Bone Loss; Osteoporosis,Thomas J. Schnitzer,OTHER,Edward Hines Jr. VA Hospital; University of Illinois at Chicago; Congressionally Directed Medical Research Programs,Teriparatide; vibration,"DEVICE,DRUG",2010-10,2010.0,United States
NCT06611748,Restoration of Hand Function in Cervical SCI,RECRUITING,NA,INTERVENTIONAL,Spinal Cord Injury Cervical,MetroHealth Medical Center,OTHER,,Key Grip; Implanted Key Grip Electrodes,DEVICE,2025-01-01,2025.0,United States
NCT06698224,Paired Spinal Cord and Peripheral Nerve Stimulation to Recover Hand Function in SCI,NOT_YET_RECRUITING,NA,INTERVENTIONAL,Spinal Cord Injury; Spinal Cord Disease; Spinal Cord Injuries (SCI),Kessler Foundation,OTHER,,Spinal cord transcutaneous stimulation; Paired spinal cord and peripheral nerve stimulation,DEVICE,2025-01-02,2025.0,United States
NCT05741788,The Teaspoon Study - Telefitting Spinal Cord Stimulation for Pain,RECRUITING,NA,INTERVENTIONAL,Spinal Cord Injuries; Chronic Pain,University of Minnesota,OTHER,,Various Stimulation Patterns,DEVICE,2023-10-01,2023.0,United States
NCT03662308,Heated Vest for Persons With Spinal Cord Injury,COMPLETED,NA,INTERVENTIONAL,Spinal Cord Injuries,VA Office of Research and Development,FED,United States Military Academy West Point,Heated Vest; Non-Heated Vest,DEVICE,2020-02-25,2020.0,United States
NCT06965127,Implant for Walking After Incomplete SCI,RECRUITING,NA,INTERVENTIONAL,Spinal Cord Injury (SCI); Gait,Louis Stokes VA Medical Center,FED,MetroHealth Medical Center; Congressionally Directed Medical Research Programs,NNP-LE,DEVICE,2025-08-27,2025.0,United States
NCT01292941,Clinical Study Evaluating Safety of a New Catheter for Urinary Intermittent Catheter in Healthy Volunteers,WITHDRAWN,PHASE1,INTERVENTIONAL,Spinal Cord Injury,Coloplast A/S,INDUSTRY,,Intermittent catheterisation; NonCE marked intermittent catheter/red; NonCE marked intermittent catheter/green; NonCE marked intermittent catheter/blue,DEVICE,2011-03,2011.0,Denmark
NCT02862080,Combining tsDCS and Exoskeleton Gait Training on Spinal Excitability in SCI,COMPLETED,NA,INTERVENTIONAL,Spinal Cord Injury,"The University of Texas Health Science Center, Houston",OTHER,TIRR Memorial Hermann,cathode tsDCS; Ekso; anode tsDCS,DEVICE,2017-02-13,2017.0,United States
NCT02660073,Skeletal Muscle Hypertrophy and Cardio-Metabolic Benefits After Spinal Cord Injury,COMPLETED,NA,INTERVENTIONAL,Spinal Cord Injuries,United States Department of Defense,FED,Hunter Holmes McGuire VA Medical Center; Virginia Commonwealth University; James J. Peters Veterans Affairs Medical Center,NMES+FES; Control+FES,DEVICE,2015-10,2015.0,United States
NCT07536386,Self-balancing Personal Exoskeleton for SCI (WIP),RECRUITING,NA,INTERVENTIONAL,Spinal Cord Injuries; Paraplegia and Tetraplegia,Wandercraft,INDUSTRY,,Hands-free exoskeleton,DEVICE,2026-02-10,2026.0,France
NCT02104622,Identify Training Strategies for Progressing Exoskeleton Users Towards Everyday Functional Ambulation,COMPLETED,NA,INTERVENTIONAL,Spinal Cord Injury,Shirley Ryan AbilityLab,OTHER,U.S. Department of Education,ReWalk Rehabilitation 2.0,DEVICE,2014-02,2014.0,United States
NCT03793595,O2 Consumption and Heart Rate Response to Battle Rope Exercise Protocol Versus UE Arm Bike Test in Adults With SCI,UNKNOWN,NA,INTERVENTIONAL,Spinal Cord Injury at T2 and Below,Texas Woman's University,OTHER,,Seated Battle Ropes Protocol; Seated Upper Extremity Arm Bike,DEVICE,2019-03-20,2019.0,United States
NCT04904770,Time Performance of Scoop Stretcher Versus Vacuum Mattress for Prehospital Spinal Stabilization,COMPLETED,NA,INTERVENTIONAL,Immobilization,Stuby Loric,OTHER,Geneve TEAM Ambulances,Scoop stretcher; Vacuum mattress,DEVICE,2021-06-10,2021.0,Switzerland
NCT05214378,High Frequency SARS for Neurogenic Bladder and Bowel Emptying,COMPLETED,EARLY_PHASE1,INTERVENTIONAL,Spinal Cord Injury,VA Office of Research and Development,FED,,Finetech-Brindley Sacral Anterior Roots Stimulation System,DEVICE,2022-07-01,2022.0,United States
NCT07493889,Electrical Stimulation for Clinical and Psychosocial Outcomes in Chronic Pressure Injuries,COMPLETED,NA,INTERVENTIONAL,Pressure Injuries; Spinal Cord Injuries (SCI); Traumatic Brain Injury,Gaziler Physical Medicine and Rehabilitation Education and Research Hospital,OTHER,,High-Voltage Monophasic Pulsed Current Electrical Stimulation; Standard Wound Care,"DEVICE,OTHER",2023-01-01,2023.0,Turkey (Türkiye)
NCT05726591,Evaluating Long-term Use of a Pediatric Robotic Exoskeleton (P.REX/Agilik) to Improve Gait in Children With Movement Disorders,RECRUITING,NA,INTERVENTIONAL,Cerebral Palsy; Muscular Dystrophy; Spina Bifida; Incomplete Spinal Cord Injury,National Institutes of Health Clinical Center (CC),NIH,,EA-KAFO,DEVICE,2023-05-02,2023.0,United States
NCT07237386,"Comparing the Ceriter Stride One, a Pressure-sensitive Smart Insole, With Gait Parameters Measured on the GRAIL in Neurological Populations",RECRUITING,NA,INTERVENTIONAL,Stroke; Incomplete Spinal Cord Injury; Traumatic Brain Injury; Acquired Brain Injury,"University Hospital, Ghent",OTHER,University Ghent,Wearing smart insoles,DEVICE,2025-10-15,2025.0,Belgium
NCT06886308,RTsMS and Body Weight-support Treadmill Training After Incomplete Spinal Cord Injury,COMPLETED,NA,INTERVENTIONAL,Spinal Cord Injuries (SCI),Universidade Federal de Pernambuco,OTHER,,Repetitive trans-spinal magnetic stimulation,DEVICE,2022-09-01,2022.0,Brazil
NCT03702010,Spinal Cord Stimulation in Patients With Post-Laminectomy Syndrome in Testing Phase,COMPLETED,NA,INTERVENTIONAL,Laminectomy; Post-laminectomy Syndrome; Spinal Cord Syndrome; Failed Back Surgery Syndrome,Fundación Instituto de Estudios de Ciencias de la Salud de Castilla y León,OTHER,Instituto de Investigación Biomédica de Salamanca,spinal cord stimulation conventional; spinal cord stimulation experimental,DEVICE,2018-11-20,2018.0,Spain
NCT05218447,Dosing of Overground Robotic Gait Training With Functional Outcomes and Neuroplasticity After Spinal Cord Injury,ACTIVE_NOT_RECRUITING,NA,INTERVENTIONAL,Spinal Cord Injuries,Baylor Research Institute,OTHER,Congressionally Directed Medical Research Programs; Texas Woman's University,Robotic Gait Training; Usual Care (UC) Gait Training,"DEVICE,OTHER",2022-05-20,2022.0,United States
NCT00291317,The Effect of FES on Children With Spinal Cord Injury,COMPLETED,NA,INTERVENTIONAL,Spinal Cord Injury,Children's Specialized Hospital,OTHER,University of Medicine and Dentistry of New Jersey,RT 300-P FES Cycle,DEVICE,2006-01,2006.0,
NCT05968352,Restoration of Bladder Function in Spinal Cord Injury,WITHDRAWN,NA,OBSERVATIONAL,Bladder Dysfunction; Spinal Cord Injuries,University of Oxford,OTHER,,Sacral Anterior Root Stimulation (SARS),DEVICE,2021-11-18,2021.0,United Kingdom
NCT01251549,Safety and Performance Evaluation of ReWalk Reciprocating Gait Orthosis (RGO),COMPLETED,NA,INTERVENTIONAL,Paraplegia; Spinal Cord Injuries (SCI),"ReWalk Robotics, Inc.",INDUSTRY,,ReWalk - a motorized exoskeleton suit,DEVICE,2009-03,2009.0,Italy; United States
NCT02446210,Neuroplasticity After Spinal Cord Injury,UNKNOWN,NA,INTERVENTIONAL,Spinal Cord Injury,Shirley Ryan AbilityLab,OTHER,National Institute of Neurological Disorders and Stroke (NINDS),Magstim 200; Digitimer electrical stimulator,DEVICE,2021-01-28,2021.0,United States
NCT02089880,Comparing Functional Outcomes in Individuals Using Micro-processor Controlled Orthosis Versus Stance Control Orthosis,ACTIVE_NOT_RECRUITING,NA,INTERVENTIONAL,Spinal Cord Injuries; Poliomyelitis; Post-polio Syndrome; Arthritis; Lower Motor Neurone Lesion,Shirley Ryan AbilityLab,OTHER,Otto Bock Healthcare Products GmbH,C-brace; Stance control orthosis,DEVICE,2014-02,2014.0,United States
NCT06137443,Enhancing Balance and Mobility in Incomplete Spinal Cord Injury,COMPLETED,NA,INTERVENTIONAL,"Spinal Cord Injuries; Walking, Difficulty",Ankara City Hospital Bilkent,OTHER,,Balance Training,DEVICE,2022-01-01,2022.0,Turkey (Türkiye)
NCT07452133,AI-Powered Closed-Loop Multielectrode Transcutaneous Spinal Cord Stimulation: Real-Time Adjustments for Enhanced Motor Recovery in Spinal Cord Injury (AIM RECOVER),NOT_YET_RECRUITING,NA,INTERVENTIONAL,Spinal Cord Injury,Singapore General Hospital,OTHER,,Dynamic stimulation; Static stimulation,DEVICE,2026-05,2026.0,Singapore
NCT01608438,Motor Learning in a Customized Body-Machine Interface,UNKNOWN,NA,INTERVENTIONAL,Spinal Cord Injury,Shirley Ryan AbilityLab,OTHER,National Institutes of Health (NIH),Customizing the Body-Machine Interface,DEVICE,2013-02,2013.0,United States
NCT06079138,Tele-rehabilitation Using TDCS Combined with Exercise in People with Spinal Cord Injury,COMPLETED,NA,INTERVENTIONAL,Spinal Cord Injury; Incomplete Spinal Cord Injury,Mahidol University,OTHER,,Transcranial direct current stimulation (Active); Transcranial direct current stimulation (Sham); Telerehabilitation exercise,"DEVICE,OTHER",2023-10-30,2023.0,Thailand
NCT04782947,Epidural Stimulation and Resistance Training After SCI,RECRUITING,"PHASE2,PHASE3",INTERVENTIONAL,Spinal Cord Injuries,United States Department of Defense,FED,Central Virginia VA Health Care System,Exoskeletal assisted walking; Epidural Stimulation; Resistance Training; delayed-ES; no-Resistance training,"DEVICE,PROCEDURE",2021-02-03,2021.0,United States
NCT05217498,Combining Low Oxygen Therapy and an Adenosine A2a Receptor Antagonist to Improve Functional Mobility After Spinal Cord Injury,NOT_YET_RECRUITING,"PHASE1,PHASE2",INTERVENTIONAL,Spinal Cord Injuries; Myelopathy,"Randy Trumbower, PT, PhD",OTHER,,Istradefylline; low oxygen therapy,"DEVICE,DRUG",2027-09-01,2027.0,United States
NCT07640152,Fermented Foods and Bowel Health in SCI,NOT_YET_RECRUITING,NA,INTERVENTIONAL,Spinal Cord Injury,Ohio State University,OTHER,,fermented foods; Control diet; Sitz Marker Test,"DEVICE,OTHER",2026-08-01,2026.0,United States
NCT05122949,User Satisfaction of Customised 3D Printed Ankle-Foot Orthosis in Comparison to Thermoformed Ankle-Foot Orthosis for Patients With Neurological Conditions: A Preliminary Study,COMPLETED,NA,INTERVENTIONAL,Stroke; Spinal Cord Injuries; Nerve Palsy,Tan Tock Seng Hospital,OTHER,,3D Printed Ankle-Foot Orthosis; Thermoformed Ankle-Foot Orthosis,DEVICE,2017-11-03,2017.0,Singapore
NCT07139496,Combined Injury-site & Lumbosacral Epidural Spinal Cord Stimulation,RECRUITING,NA,INTERVENTIONAL,Spinal Cord Injuries (SCI),The University of Hong Kong,OTHER,,Spinal Cord Stimulator,DEVICE,2025-09-01,2025.0,Hong Kong
NCT02265042,Effect of Electrostimulation on Denervated Muscles in Individuals With Spinal Cord Injury,COMPLETED,NA,INTERVENTIONAL,Spinal Cord Injury,"Swiss Paraplegic Research, Nottwil",NETWORK,,Stimulette,DEVICE,2012-01,2012.0,Switzerland
NCT07223710,Improving Walking After Spinal Cord Injury,NOT_YET_RECRUITING,"PHASE1,PHASE2",INTERVENTIONAL,Spinal Cord Injury,Shirley Ryan AbilityLab,OTHER,Eunice Kennedy Shriver National Institute of Child Health and Human Development (NICHD),Paired Associative Stimulation; Locomotor Training; Sham stimulation,"BEHAVIORAL,DEVICE",2025-11-15,2025.0,United States
NCT05157282,Spinal Cord Stimulation for Functional Recovery in Humans With Tetraplegia,RECRUITING,NA,INTERVENTIONAL,Spinal Cord Injury,VA Office of Research and Development,FED,,TESS; Training; Motor Task; sham-TESS,"DEVICE,OTHER",2023-01-25,2023.0,United States
NCT01906424,Restoring Arm and Hand Function With Non-invasive Spinal Stimulation,COMPLETED,NA,INTERVENTIONAL,Paralysis; Spinal Cord Injury,"NeuroEnabling Technologies, Inc.",INDUSTRY,"University of California, Los Angeles; California Institute of Technology",Transcutaneous Electrical Spinal Cord Stimulation,DEVICE,2016-04,2016.0,United States
NCT03452059,Evaluation of the Effectiveness and Safety of AI-Robotics,COMPLETED,NA,INTERVENTIONAL,"Lower Extremity Motor Dysfunction, Spinal Cord Injury","AI-Robotics Technology Co., Ltd",INDUSTRY,,"AiLegs, AiWalker and HKAFO",DEVICE,2017-07-11,2017.0,China
NCT02703883,Body Weight Support in Spinal Cord Injury,COMPLETED,NA,INTERVENTIONAL,Spinal Cord Injury,University of Chile,OTHER,,BWST,DEVICE,2012-07,2012.0,Chile
NCT05128994,Hand Grasp Function After Spinal Cord Injury,COMPLETED,NA,INTERVENTIONAL,Spinal Cord Injuries,Battelle Memorial Institute,OTHER,Ohio State University,User-controlled FES system,DEVICE,2022-04-05,2022.0,United States
NCT06814015,Self-balancing Personal Exoskeleton for SCI (Site 2),RECRUITING,NA,INTERVENTIONAL,Spinal Cord Injuries (SCI); Paraplegia and Tetraplegia,Wandercraft,INDUSTRY,Kessler Foundation,Hands-free exoskeleton,DEVICE,2025-03-31,2025.0,United States
NCT01500174,Ultraviolet-C Effectiveness in the Management of Pressure Ulcers in People With Spinal Cord Injury,COMPLETED,NA,INTERVENTIONAL,Pressure Ulcer,Toronto Rehabilitation Institute,OTHER,Ontario Neurotrauma Foundation,ultraviolet therapy UV254; Placebo ultraviolet therapy UV254,DEVICE,2007-11,2007.0,Canada
NCT07164846,"Effect of Neuro20 Functional Electrical Stimulation Suit on Autonomic Function, Muscle Performance, and Gait",RECRUITING,NA,INTERVENTIONAL,Spinal Cord Injury; Stroke; Amputees,Brooks Rehabilitation,OTHER,,Therapy Sessions,DEVICE,2025-08-05,2025.0,United States
NCT05063617,SCI Step Together: Improving Physical Activity Participation Among Individuals With SCI Who Ambulate,COMPLETED,NA,INTERVENTIONAL,Spinal Cord Injuries,University of British Columbia,OTHER,Curatio Networks Inc.,SCI Step Together,DEVICE,2021-07-29,2021.0,Canada
NCT00392860,Development of an Ergonomic Wheelchair Pushrim,COMPLETED,PHASE2,INTERVENTIONAL,Spinal Cord Injury,VA Pittsburgh Healthcare System,FED,University of Pittsburgh,Natural-Fit; PalmRim; Handrim Control Group,DEVICE,2008-08,2008.0,United States
NCT01147185,Effectiveness of Automated Locomotor Training in Patients With Acute Incomplete Spinal Cord Injury: A Multicenter Trial,COMPLETED,NA,INTERVENTIONAL,Spinal Cord Injuries,University of Zurich,OTHER,,Locomotor training using a robotic device; Locomotor training using a robotic device,DEVICE,2010-02,2010.0,Germany; Spain; Switzerland
NCT07222033,Self-balancing Personal Exoskeleton for SCI (WINY),RECRUITING,NA,INTERVENTIONAL,Spinal Cord Injury; Paraplegia and Tetraplegia,Wandercraft,INDUSTRY,,Hands-free exoskeleton,DEVICE,2025-08-11,2025.0,United States
NCT01440452,CNS Growth Factors Release and Changes in the Inflammatory Environment in Response to Electrical Stimulation in Subjects With Inflammatory Myelopathies,TERMINATED,NA,INTERVENTIONAL,Inflammatory Myelopathies,Johns Hopkins University,OTHER,,FES Cycling; Cycling without FES; Lumbar puncture; Mood assessment,"BEHAVIORAL,DEVICE,PROCEDURE",2010-11,2010.0,United States
NCT05249985,Protein Supplementation and Neuromuscular Electrical Stimulation in Persons With SCI,COMPLETED,NA,INTERVENTIONAL,Spinal Cord Injuries,Loughborough University,OTHER,McMaster University; Danone Nutricia,NMES; Protein,"DEVICE,DIETARY_SUPPLEMENT",2022-04-05,2022.0,United Kingdom
NCT07717606,Epidural Stimulation and Rehabilitation for Spinal Cord Injury,COMPLETED,NA,OBSERVATIONAL,Spinal Cord Injury; Conus Medullaris Injury; Conus Region Involvement,Istanbul Gelisim University,OTHER,,Epidural Electrical Stimulation (EES),DEVICE,2026-01-15,2026.0,Turkey (Türkiye)
NCT04883463,Neuromodulation to Improve Respiratory Function in Cervical Spinal Cord Injury,RECRUITING,NA,INTERVENTIONAL,Spinal Cord Injuries,"University of California, Los Angeles",OTHER,National Institute of Neurological Disorders and Stroke (NINDS),Epidural stimulation,DEVICE,2021-09-27,2021.0,United States
NCT04977284,Noninvasive Neuroprosthesis for Autonomic Recovery After SCI,UNKNOWN,NA,INTERVENTIONAL,Spinal Cord Injuries,University of British Columbia,OTHER,Praxis Spinal Cord Institute; St. Paul's Hospital,"DS7R, Digitimer, UK",DEVICE,2021-09-01,2021.0,
NCT04894734,Spinal Cord Stimulation (SCS) for Spinal Cord Injury (SCI),ACTIVE_NOT_RECRUITING,NA,INTERVENTIONAL,Spinal Cord Injury at T1-T12 Level; Traumatic Thoracic Spinal Cord Contusion; Thoracic Spinal Cord Trauma; Traumatic Thoracic Spinal Cord Laceration; Post-Traumatic Thoracic Myelopathy; Traumatic Thoracic Spinal Cord Myelopathy,"Nandan Lad, M.D., Ph.D.",OTHER,,EES on; EES off,DEVICE,2021-12-30,2021.0,United States
NCT04604951,"Below the Belt: Non-invasive Neuromodulation to Treat Bladder, Bowel, and Sexual Dysfunction Following Spinal Cord Injury",UNKNOWN,NA,INTERVENTIONAL,"Spinal Cord Injuries; Neurogenic Bladder; Neurogenic Bowel; Spinal Cord Stimulation; Sexual Dysfunction, Physiological",University of British Columbia,OTHER,International Spinal Research Trust; International Collaboration on Repair Discoveries; Providence Health & Services,Transcutaneous Spinal Cord Stimulation,DEVICE,2022-05-02,2022.0,Canada
NCT01915095,Improving Motor Function After Spinal Cord Injury,COMPLETED,NA,INTERVENTIONAL,Spinal Cord Injury,VA Office of Research and Development,FED,,rTMS; Sham rTMS; Training; Motor Task,"DEVICE,OTHER",2017-09-01,2017.0,United States
NCT03965299,Transcutaneous Tibial Nerve Stimulation in Acute Spinal Cord Injury,RECRUITING,NA,INTERVENTIONAL,"Spinal Cord Injury, Acute",University of Zurich,OTHER,"Swiss National Science Foundation; Clinique Romande de Readaptation; Rehab Basel; Swiss Paraplegic Research, Nottwil; BioMedical Research Forschungslabor für Urologie, University of Bern; Universidade do Porto; Center for Lower Urinary Tract Research School of Medicine, University of Pittsburgh",VERUM TTNS; SHAM TTNS,DEVICE,2019-06-19,2019.0,Switzerland
NCT06850363,ExaStim Upper Limb Home Use Clinical Validation Study,COMPLETED,NA,INTERVENTIONAL,Cervical Spinal Cord Injury,"Niche Biomedical, Inc. dba ANEUVO",INDUSTRY,,ExaStim Stimulation System,DEVICE,2025-03-17,2025.0,United States
NCT02336321,Daily-life Brain Control Of A Hand Exoskeleton After Cervical Spinal Cord Injury,COMPLETED,PHASE1,INTERVENTIONAL,Spinal Cord Injury,University Hospital Tuebingen,OTHER,Institut Guttmann; Scuola Superiore Sant'Anna di Studi Universitari e di Perfezionamento,BNCI controlled hand exoskeleton,DEVICE,2014-04,2014.0,Spain
NCT05441449,A Novel Cooling Vest to Protect Persons With SCI From Hyperthermia,COMPLETED,NA,INTERVENTIONAL,Spinal Cord Injuries,VA Office of Research and Development,FED,,Cooling Vest,DEVICE,2023-12-18,2023.0,United States
NCT06881134,Rehabilitation Combining Spatiotemporal Spinal Cord Stimulation and Real-time Triggering Exoskeleton After Spinal Cord Injury,COMPLETED,NA,INTERVENTIONAL,Spinal Cord Injury; Neuromodulation; Robot Assisted Gait Training,"Xuanwu Hospital, Beijing",OTHER,,SCS+EXS,DEVICE,2024-10-13,2024.0,China
NCT07749625,ZEPU-AI Series Limb Feedback Robot Training Study (ZEPUAISRCT),NOT_YET_RECRUITING,NA,INTERVENTIONAL,"Stroke; Spinal Cord Injuries; Brain Injuries, Traumatic; Movement Disorder, Upper Extremity; Movement Disorder, Lower Extremity",Bangladesh Medical University,OTHER,,ZEPU-AI2; ZEPU-AI4; ZEPU-AI6 Plus; ZEPU-AI7A; Standard-of-Care Physiotherapy,"BEHAVIORAL,DEVICE",2026-08,2026.0,Bangladesh
NCT05725499,The Effect of Transcutaneous Stimulation on Blood Pressure in Spinal Cord Injury (SCI),RECRUITING,NA,INTERVENTIONAL,"Spinal Cord Injuries; Hypotension; Orthostatic Hypotension; Spinal Cord Diseases; Cardiovascular Diseases; Trauma, Nervous System; Central Nervous System Diseases; Nervous System Diseases; Blood Pressure",Kessler Foundation,OTHER,,Biostim-5 transcutaneous spinal stimulator; Tilt-table orthostatic stress testing,"DEVICE,DIAGNOSTIC_TEST",2023-02-01,2023.0,United States
NCT07418398,Exoskeletal-assisted Walking Combined With Transcutaneous Spinal Cord Stimulation: Effect on Imaging and Serum Biomarkers of Skeletal Muscle Mass and Bone Strength.,NOT_YET_RECRUITING,NA,INTERVENTIONAL,Spinal Cord Injury,VA Office of Research and Development,FED,,Exoskeleton-Assisted Walking (EAW); Sham Transcutaneous Spinal Cord Stimulation (tSCS); Active Transcutaneous Spinal Cord Stimulation (tSCS),DEVICE,2026-11-01,2026.0,United States
NCT07171489,Efficacy of a Wearable Noninvasive Neuromodulation Device,RECRUITING,NA,INTERVENTIONAL,Spinal Cord Injuries,University of Michigan,OTHER,National Institute of Neurological Disorders and Stroke (NINDS),TNM at a sham-point (AccelBand) - randomized arm; TNM at a leg point (AccelBand)- randomized arm; TNM at a leg point (AccelBand)- open-label,DEVICE,2026-07,2026.0,United States
NCT03167138,Micro-Fragmented Adipose Tissue (Lipogems®) Injection for Chronic Shoulder Pain in Persons With Spinal Cord Injury,UNKNOWN,EARLY_PHASE1,INTERVENTIONAL,Shoulder Pain; Shoulder Impingement Syndrome; Rotator Cuff Impingement Syndrome; Rotator Cuff Tendinitis; Rotator Cuff Syndrome of Shoulder and Allied Disorders; Spinal Cord Injuries,Kessler Foundation,OTHER,,Autologous micro-fragmented adipose tissue; Lipogems system,"BIOLOGICAL,DEVICE",2017-07-14,2017.0,United States
NCT06463418,Exoskeleton Training for Spinal Cord Injury Neuropathic Pain (ExSCIP),ACTIVE_NOT_RECRUITING,NA,INTERVENTIONAL,Traumatic Spinal Cord Injury,University College Dublin,OTHER,"Royal College of Surgeons, Ireland; University of Aarhus",Ekoskeleton (Intervention); Relaxation (Comparator),"DEVICE,OTHER",2024-12-20,2024.0,Ireland
NCT04727866,Brain Plus Spinal Stimulation for Cervical SCI,COMPLETED,NA,INTERVENTIONAL,Spinal Cord Injuries; Spinal Cord Injury at C5-C7 Level; Tetraplegia/Tetraparesis,Bronx VA Medical Center,FED,New York State Department of Health,transcutaneous spinal direct current stimulation (tsDCS) - coronal; transcutaneous spinal direct current stimulation (tsDCS) - caudal; transcutaneous spinal direct current stimulation (tsDCS) - rostral; intermittent theta burst stimulation (iTBS),DEVICE,2021-01-04,2021.0,United States
NCT07732972,Multilevel Multimodal Neurophysiological Integration for Investigating the Network Modulatory Mechanisms of Epidural Spinal Cord Stimulation,RECRUITING,NA,OBSERVATIONAL,Spinal Cord Injury(SCI),Buddhist Tzu Chi General Hospital,OTHER,,participants will be divided into two disease cohorts: the spinal cord injury (SCI) group and the non-spinal cord injury (non-SCI) group.,DEVICE,2026-08-01,2026.0,Taiwan
NCT05904600,Respiratory Muscle Training in Adults With Spinal Cord Injury,UNKNOWN,NA,INTERVENTIONAL,Spinal Cord Injuries,University of Castilla-La Mancha,OTHER,Hospital Nacional de Parapléjicos de Toledo,Respiratory muscle training; Control group,DEVICE,2022-08-30,2022.0,Spain
NCT02314221,"Exoskeletal-assisted Walking to Improve Mobility, Bowel Function and Cardio-Metabolic Profiles in Persons With SCI",COMPLETED,NA,INTERVENTIONAL,Spinal Cord Injury; Paraplegia; Tetraplegia,James J. Peters Veterans Affairs Medical Center,FED,,"Exoskeletal-assisted walking (ReWalk, Ekso)",DEVICE,2015-02,2015.0,United States
NCT01949285,Transcutaneous Electrical Spinal Cord Stimulation for Lower Limbs,COMPLETED,NA,INTERVENTIONAL,Spinal Cord Injury,"NeuroEnabling Technologies, Inc.",INDUSTRY,"University of California, Los Angeles; California Institute of Technology",Transcutaneous Electrical Spinal Cord Stimulation,DEVICE,2015-06,2015.0,United States
NCT06515223,Improving Pelvic Rehabilitation Using Epidural Stimulation After Spinal Cord Injury,RECRUITING,NA,INTERVENTIONAL,Spinal Cord Injuries; Neuromodulation; Neurogenic Bladder; Neurogenic Bowel; Neurogenic Detrusor Overactivity,"University College, London",OTHER,Royal National Orthopaedic Hospital NHS Trust,Epidural Spinal Cord Stimulation,DEVICE,2024-10-14,2024.0,United Kingdom
NCT06333886,Use of Point-of-care Neuro-sacral Electrophysiology Following Spinal Cord Injury,ACTIVE_NOT_RECRUITING,NA,OBSERVATIONAL,Spinal Cord Injuries; Neurogenic Bowel; Neurogenic Bladder Dysfunction,Centre Integre Universitaire de Sante et Services Sociaux du Nord de l'ile de Montreal,OTHER,,Sacral electromyography,DEVICE,2024-03-18,2024.0,Canada
NCT00202631,Abdominal Functional Electrical Stimulation in Tetraplegia,UNKNOWN,NA,INTERVENTIONAL,Tetraplegia; Spinal Cord Injury,South Glasgow University Hospitals NHS Trust,OTHER,,Surface Functional Electrical Stimulation,DEVICE,2002-06,2002.0,United Kingdom
NCT04013997,Exoskeleton-assisted Walking in SCI Inpatient Rehabilitation,COMPLETED,NA,INTERVENTIONAL,Spinal Cord Injuries; Inpatients,Icahn School of Medicine at Mount Sinai,OTHER,,EksoGT,DEVICE,2017-08-11,2017.0,United States
NCT04136743,Ultrasound-Guided Treatments for Shoulder Pain in Wheelchair Users With Spinal Cord Injury,UNKNOWN,PHASE2,INTERVENTIONAL,Spinal Cord Injuries; Tendinopathy; Rotator Cuff Tears; Shoulder Pain,Kessler Foundation,OTHER,,Lipogems; Dexamethasone,"DEVICE,DRUG",2019-06-14,2019.0,United States
NCT05406258,Self-Catheterization Mirror System for Female Patients,COMPLETED,NA,INTERVENTIONAL,Spinal Cord Injury,Shirley Ryan AbilityLab,OTHER,,Modified Self-Catheterization Mirror; Standard Self-Catheterization Mirror,DEVICE,2022-01-11,2022.0,United States
NCT06089915,Effectiveness of Robot-assisted Upper-limb Exercise in Cervical SCI,RECRUITING,NA,INTERVENTIONAL,Cervical Vertebrae Injury,"University Rehabilitation Institute, Republic of Slovenia",OTHER,,Standard occupational therapy; Robot-assisted exercise using Amadeo device and Armeo Spring exoskeleton,"BEHAVIORAL,DEVICE",2023-09-01,2023.0,Slovenia
NCT07137780,Lokomat® vs RoboGait® Under Different Guidance Force Settings in Motor-Incomplete SCI,COMPLETED,NA,INTERVENTIONAL,Spinal Cord Injuries,Ankara City Hospital Bilkent,OTHER,,Lokomat® V6 (GF < 90%); Lokomat® V6 (GF ≥ 90%); RoboGait®,DEVICE,2022-11-23,2022.0,Turkey (Türkiye)
NCT04105296,Epidural Stimulation After Spinal Cord Injury,UNKNOWN,"PHASE1,PHASE2",INTERVENTIONAL,Spinal Cord Injuries,McGuire Research Institute,OTHER,,EKSO+ES,DEVICE,2020-01,2020.0,United States
NCT07588503,FES Cycling With BFR in the Spinal Cord Injury Population,RECRUITING,PHASE1,INTERVENTIONAL,"Spinal Cord Injury; Cardio Vascular Disease; Metabolic Diseases, Type 2 Diabetes, Cardiovascular Disease",Dr. B. Catharine. Craven,OTHER,CAN-TAP-TALENT (CIHR Stream),Blood Flow Restriction; Functional Electrical Stimulated Cycling,"DEVICE,OTHER",2026-06-15,2026.0,Canada
NCT01923662,A Neuroprosthesis for Prolonged Standing After SCI Using Multi-Contact Peripheral Nerve Electrodes,COMPLETED,NA,INTERVENTIONAL,Spinal Cord Injury; Paralysis; Tetraplegia; Paraplegia,VA Office of Research and Development,FED,National Institutes of Health (NIH),IST-16 (16-Channel implanted stimulator-telemeter,DEVICE,2013-04-11,2013.0,United States
NCT00011570,Electrical Control of Bladder in Spinal Cord Injury Patients,COMPLETED,PHASE2,INTERVENTIONAL,Spinal Cord Injury,US Department of Veterans Affairs,FED,,Bladder & Bowel Control,DEVICE,1998-04,1998.0,United States
NCT03744286,"Investigation Into an Innovative, Clinical Slip Inducing Device in the Chronic Incomplete Spinal Cord Population",ACTIVE_NOT_RECRUITING,NA,INTERVENTIONAL,Spinal Cord Injuries,Shirley Ryan AbilityLab,OTHER,,Slip Training,DEVICE,2018-12-01,2018.0,United States
NCT07140354,Regain of Arm and Hand Movements in Cervical Spinal Stimulation,COMPLETED,NA,INTERVENTIONAL,Spinal Cord Injuries,Institut Guttmann,OTHER,,cervical transcutaneous spinal cord stimulation,DEVICE,2020-09-01,2020.0,Spain
NCT05593237,Transcranial Magnetic Stimulation for Chronic Neuropathic Pain,ACTIVE_NOT_RECRUITING,NA,INTERVENTIONAL,"Chronic Neuropathic Pain; Post-Stroke Pain; Trigeminal Neuralgia; Nerve Injury; Spinal Cord Injuries; Pain, Postoperative; Complex Regional Pain Syndromes; Post-herpetic Neuralgia; Nerve Root Avulsion","University of California, San Francisco",OTHER,Facial Pain Research Foundation,High Frequency rTMS; Low Frequency rTMS,DEVICE,2022-04-25,2022.0,United States
NCT03611803,EFFECTS OF ROBOTIC TRAINING ON VASCULAR HEALTH OF INDIVIDUALS WITH SCI,COMPLETED,NA,INTERVENTIONAL,Exercise; Spinal Cord Injuries,University of Winchester,OTHER,Hobbs Rehabilitation,Physiotherapy + Robotic-device; Physiotherapy only,"DEVICE,OTHER",2018-08-10,2018.0,United Kingdom
NCT05626816,Acute Genital Nerve Stimulation for Neurogenic Bowel Dysfunction in Individuals Living With Spinal Cord Injury,RECRUITING,NA,INTERVENTIONAL,Fecal Incontinence,MetroHealth Medical Center,OTHER,VA of Northeast Ohio Health System; Congressionally Directed Medical Research Programs,Genital Nerve Stimulation; Clinical exam; Collection of SCI common data elements; Bowel function survey completion; International Standard for Neurological Classification of SCI (ISNCSCI); Response to genital nerve stimulation (GNS); Anorectal Manometry testing (ARM),"DEVICE,DIAGNOSTIC_TEST",2023-03-21,2023.0,United States
NCT03598504,Vibration for Muscle Spasms After Spinal Cord Injury,UNKNOWN,NA,INTERVENTIONAL,Spinal Cord Injuries,Shirley Ryan AbilityLab,OTHER,National Institute of Neurological Disorders and Stroke (NINDS),Wearable EMG/Vibration device,DEVICE,2019-07-16,2019.0,United States
NCT04781621,Foundational Ingredients of Robotic Gait Training for People With Spinal Cord Injury During Inpatient Therapy,COMPLETED,NA,INTERVENTIONAL,Spinal Cord Injuries,Baylor Research Institute,OTHER,"National Institute on Disability, Independent Living, and Rehabilitation Research",Robotic Gait Training; Usual Care Gait Training,"DEVICE,OTHER",2021-04-12,2021.0,United States
NCT01726881,Predicting Central Pain Among People With a Spinal Cord Injury by Evaluating Mechanisms Regulating Pain and Efficacy Testing of the TENS Apparatus,UNKNOWN,NA,INTERVENTIONAL,Pain; Healthy,Sheba Medical Center,OTHER_GOV,,Thermal stimulation; Mechanical stimulation; Transcutaneous Electrical Nerve Stimulator (TENS),DEVICE,2012-12,2012.0,Israel
NCT05757830,PURO - PUlmonary Rehabilitation With O-RAGT Platform,COMPLETED,NA,INTERVENTIONAL,Multiple Sclerosis; Spinal Cord Injury; Stroke; Traumatic Brain Damage,Fondazione Don Carlo Gnocchi ETS,OTHER,Roessingh Research and Development; Hospital Nacional de Parapléjicos de Toledo; Lithuanian University of Health Sciences,UANGO suite exoskeleton,DEVICE,2022-12-23,2022.0,Italy; Lithuania; Netherlands; Spain
NCT07438353,"Home-Based Digital Rehabilitation Program Optimized With Transcutaneous Spinal Cord Stimulation for Upper Limb Functional Enhancement in Tetraplegia (HOPE): A Safety, Efficacy, and Feasibility Study",NOT_YET_RECRUITING,NA,INTERVENTIONAL,Spinal Cord Injury; Quadriplegia/Tetraplegia,Singapore General Hospital,OTHER,,Home-based digital rehabilitation programme with tSCS,DEVICE,2026-04,2026.0,Singapore
NCT06455137,Epidural Electrical Stimulation for Spinal Cord Injury Patients and Corticospinal Motor Circuit Improvement,RECRUITING,NA,INTERVENTIONAL,Spinal Cord Injuries,Buddhist Tzu Chi General Hospital,OTHER,,Epidural Stimulator,DEVICE,2024-04-30,2024.0,Taiwan
NCT06351995,Neostigmine and Glycopyrrolate by Iontophoresis,ACTIVE_NOT_RECRUITING,PHASE3,INTERVENTIONAL,Spinal Cord Injuries; Constipation; Fecal Incontinence; Neurogenic Bowel,James J. Peters Veterans Affairs Medical Center,FED,,Combination of Neostigmine and Glycopyrrolate; I-Box by Dynatronics,"DEVICE,DRUG",2020-11-06,2020.0,United States
NCT00011557,Functional Magnetic Micturition in Patients w/SCI,COMPLETED,PHASE2,INTERVENTIONAL,Spinal Cord Injury,US Department of Veterans Affairs,FED,,Assistance in Voiding,DEVICE,1998-01,1998.0,United States
NCT07705906,ZEPU-AI3 Lower Limb Feedback Robot Training Study,NOT_YET_RECRUITING,NA,INTERVENTIONAL,Stroke; Spinal Cord Injuries; Gait Disorders,Bangladesh Medical University,OTHER,,ZEPU-AI3 Lower Limb Feedback Training and Evaluation Robot; Conventional Rehabilitation,"DEVICE,OTHER",2026-07-15,2026.0,Bangladesh
NCT07325149,The Effect of Exoskeletal-assisted Walking Combined With Transcutaneous Spinal Cord Stimulation on Bone Strength.,NOT_YET_RECRUITING,NA,INTERVENTIONAL,Secondary Osteoporosis; Sarcopenia,Bronx VA Medical Center,FED,Kessler Foundation,Exoskeleton-Assisted Walking (EAW) + active Transcutaneous Spinal Cord Stimulation (tSCS); Exoskeleton-assisted walking (EAW) + sham Transcutaneous Spinal Cord Stimulation (tSCS),DEVICE,2026-07-01,2026.0,United States
NCT07603258,Access-H20: Sensor-driven Smart Faucet Related Study,COMPLETED,PHASE2,INTERVENTIONAL,Spinal Cord Injuries,Old Dominion University,OTHER,Eunice Kennedy Shriver National Institute of Child Health and Human Development (NICHD),Water Faucet,DEVICE,2024-02-01,2024.0,United States
NCT03762655,Study of Probable Benefit of the Neuro-Spinal Scaffold™ in Subjects With Complete Thoracic AIS A Spinal Cord Injury as Compared to Standard of Care,TERMINATED,NA,INTERVENTIONAL,"Injury, Spinal Cord",InVivo Therapeutics,INDUSTRY,,Neuro-Spinal Scaffold,DEVICE,2019-05-21,2019.0,United States
NCT04215081,ExoAtlet II For SCI Patients,COMPLETED,NA,INTERVENTIONAL,Spinal Cord Injuries; Paraplegia,"COSMO ROBOTICS CO., Ltd",INDUSTRY,,Gait training using ExoAtlet exoskeleton,DEVICE,2019-11-18,2019.0,Russia
NCT07036107,A Trial on the Clinical and Socioeconomic Impact of Wearable Exoskeletons for Spinal Cord Injury Rehabilitation in the Spanish Healthcare System,RECRUITING,NA,INTERVENTIONAL,Spinal Cord Injury,ABLE Human Motion S.L.,INDUSTRY,Hospital Nacional de Parapléjicos de Toledo; Universitat de Lleida; Hospital Universitari Vall d'Hebron Research Institute,ABLE Exoskeleton; Conventional therapy,"DEVICE,OTHER",2026-01-15,2026.0,Spain
NCT06493071,Transcutaneous Auricular Vagus Nerve Stimulation (taVNS) for Inflammation and Depression Following SCI,RECRUITING,NA,INTERVENTIONAL,Spinal Cord Injury; Depression,London Health Sciences Centre Research Institute OR Lawson Research Institute of St. Joseph's,OTHER,,Active Transcutaneous Auricular Vagus Nerve Stimulation; Sham Transcutaneous Auricular Vagus Nerve Stimulation,DEVICE,2025-01-27,2025.0,Canada
NCT03385005,Evaluating Neuromuscular Stimulation for Restoring Hand Movements,COMPLETED,EARLY_PHASE1,INTERVENTIONAL,Healthy Volunteers; Spinal Cord Injury Cervical; Physical and Rehabilitation Medicine,Northwell Health,OTHER,,Participants will receive neuromuscular electrical stimulation via an investigational (not FDA approved) neuromuscular stimulator.,DEVICE,2017-09-15,2017.0,United States
NCT00154505,Effects of Lateral Trunk Support on Spinal Alignment in Spinal Cord Injured Persons,COMPLETED,PHASE1,INTERVENTIONAL,Scoliosis; Spinal Cord Injury,National Taiwan University Hospital,OTHER,"National Science and Technology Council, Taiwan",Lateral trunk support of wheelchair seating,DEVICE,2002-09,2002.0,Taiwan
NCT05730049,Neuromodulation as an Anti-inflammatory Treatment in SCI,UNKNOWN,NA,INTERVENTIONAL,Spinal Cord Injuries; Inflammation,London Health Sciences Centre Research Institute OR Lawson Research Institute of St. Joseph's,OTHER,,Transcutaneous auricular vagus nerve stimulation,DEVICE,2024-01-01,2024.0,Canada
NCT03670485,"To Assess the Safety and Efficacy of the 4 Channel NMES Compensatory Medical Device in Swallowing, Multicenter Study",COMPLETED,NA,INTERVENTIONAL,Dysphagia,Seoul National University Hospital,OTHER,,4 channel Electrical Stimulation Device,DEVICE,2019-06-01,2019.0,South Korea
NCT02176928,Sleep-Disordered Breathing in Chronic SCI,COMPLETED,NA,INTERVENTIONAL,"Spinal Cord Injury; Sleep Apnea, Obstructive",University of Miami,OTHER,United States Department of Defense; Wayne State University,AutoPAP; Sham PAP,DEVICE,2014-05,2014.0,United States
NCT04962165,Obstructive Sleep Apnea Management in People With Spinal Cord Injury,UNKNOWN,NA,INTERVENTIONAL,Obstructive Sleep Apnea; Spinal Cord Injuries,"University Hospital, Motol",OTHER,,Mandibular Advancement Device,DEVICE,2021-08-01,2021.0,Czechia
NCT05852379,Transcutaneous Auricular Vagus Nerve Stimulation in Spinal Cord Injury,UNKNOWN,NA,INTERVENTIONAL,"Spinal Cord Injuries; Spinal Cord Diseases; Nervous System Diseases; Trauma, Nervous System; Movement Disorders; Central Nervous System Diseases",Possover International Medical Center AG,OTHER,,active taVNS; sham taVNS,DEVICE,2023-07-01,2023.0,
NCT03096197,Exoskeleton and Spinal Cord Stimulation for SCI,RECRUITING,NA,INTERVENTIONAL,Spinal Cord Injury; Ambulation Difficulty; Muscle Spasticity,Kessler Foundation,OTHER,Kessler Institute for Rehabilitation,Exoskeleton-Assisted Walking; Transcutaneous Lumbosacral Stimulation (TLS),DEVICE,2017-03-30,2017.0,United States
NCT06248476,Intermittent Theta Burst Stimulation and Repetitive Transcranial Magnetic Stimulation Combined With Robotic Rehabilitation on Ambulation in Spinal Cord Injury Patients,COMPLETED,NA,INTERVENTIONAL,Spinal Cord Injuries,Gaziler Physical Medicine and Rehabilitation Education and Research Hospital,OTHER,,Transcranial Magnetic Stimulation,DEVICE,2024-03-01,2024.0,Turkey (Türkiye)
NCT06531317,Machine-Learning Based EEG Biomarkers for Personalized Interventions,UNKNOWN,NA,OBSERVATIONAL,Neuropathic Pain; Spinal Cord Injuries; Central Neuropathic Pain,Institut Guttmann,OTHER,Castellers de la Vila de Gràcia,transcranial Direct Current Stimulation; Electroencephalography,"DEVICE,DIAGNOSTIC_TEST",2023-10-05,2023.0,Spain
NCT06440538,Rebuilding Inter-limb Transfer in Cervical SCI,ACTIVE_NOT_RECRUITING,EARLY_PHASE1,INTERVENTIONAL,Cervical Spinal Cord Injury,The Cleveland Clinic,OTHER,The Craig H. Neilsen Foundation,PCMS + Contralateral Motor Training; PCMS + Rest; Sham PCMS + Contralateral Motor Training,DEVICE,2024-02-15,2024.0,United States
NCT04262414,Restoring Upright Mobility After Spinal Cord Injury,COMPLETED,NA,INTERVENTIONAL,Spinal Cord Injuries; Spinal Cord Diseases,"University Health Network, Toronto",OTHER,,Functional Electrical Stimulation,DEVICE,2017-04-30,2017.0,Canada
NCT04123847,"Standing, Stepping and Voluntary Movement Spinal Cord Epidural Stimulation",ACTIVE_NOT_RECRUITING,NA,INTERVENTIONAL,Spinal Cord Injuries,Susan Harkema PhD,OTHER,The Leona M. and Harry B. Helmsley Charitable Trust,"Standing and Stepping; Standing, Stepping and Voluntary Movement with spinal cord Epidural Stimulation","DEVICE,OTHER",2020-11-02,2020.0,United States
NCT02793635,Indego Exoskeleton After SCI,COMPLETED,NA,INTERVENTIONAL,Spinal Cord Injury,Parker Hannifin Corporation,INDUSTRY,,Indego Powered Exoskeleton,DEVICE,2016-06,2016.0,United States
NCT07099625,Optimization of Adaptive Rowing Seating,NOT_YET_RECRUITING,NA,INTERVENTIONAL,Spinal Cord Diseases; Spinal Cord Injuries; Neurodegenerative Disorders; Cerebrovascular Accident With Associated Sequelae,VA Office of Research and Development,FED,Louis Stokes VA Medical Center,Adaptive Indoor Rowing Seat; Paddle Sport adaptive seating system,DEVICE,2026-10-05,2026.0,United States
NCT06531304,Patient-therapist INTERaction During RObotic GAIT Rehabilitation After Spinal Cord Injury,COMPLETED,NA,INTERVENTIONAL,Spinal Cord Injuries,I.R.C.C.S. Fondazione Santa Lucia,OTHER,University of Roma La Sapienza,Lokomat Robot Assisted Gait Training,DEVICE,2024-06-05,2024.0,Italy
NCT05982171,Transcutaneous Spinal Cord Stimulation to Promote Walking Recovery After Spinal Cord Injury,ACTIVE_NOT_RECRUITING,NA,INTERVENTIONAL,Spinal Cord Injuries,Craig Hospital,OTHER,,Exo + TSCS; Exo + Sham,DEVICE,2023-11-15,2023.0,United States
NCT02127606,The Effect of Whole Body Vibration on Spasticity in Persons With Spinal Cord Injury,UNKNOWN,NA,INTERVENTIONAL,Spinal Cord Injury; Spasticity,Kessler Foundation,OTHER,,Vibration with tilt-table standing,DEVICE,2014-04,2014.0,United States
NCT07254767,Virtual Walking and Neuromulation to Reduce Neuropathic Pain After a Spinal Cord Injury,NOT_YET_RECRUITING,NA,INTERVENTIONAL,Neuropathic Pain,Centre for Interdisciplinary Research in Rehabilitation of Greater Montreal,OTHER,,Transcranial Direct Current Stimulation (tDCS) combined with virtual reality and muscle vibration,DEVICE,2025-12-01,2025.0,
NCT03137108,Effects of Transcutaneous Spinal Cord Stimulation on Residual Voluntary Motor Control in Individuals With Incomplete Spinal Cord Injury,COMPLETED,NA,INTERVENTIONAL,Motor Control in Incomplete Spinal Cord Injured Persons,University of Zurich,OTHER,,Transcutaneous electrical spinal cord stimulation,DEVICE,2017-10-01,2017.0,Switzerland
NCT00345397,A Colonic Tube to Improve Bowel Function in Spinal Cord Injury,COMPLETED,NA,INTERVENTIONAL,Constipation; Fecal Incontinence; Spinal Cord Injury,VA Office of Research and Development,FED,,Percutaneous endoscopic colostomy (PEC) tube,DEVICE,2006-05-01,2006.0,United States
NCT05687097,Untreated Sleep Apnea as an Aggravating Factor for Other Secondary Medical Conditions After Spinal Cord Injury,COMPLETED,NA,OBSERVATIONAL,"Sleep Apnea; Spinal Cord Injuries; Spasticity, Muscle; Neuropathic Pain; Cardiovascular Complication","University Health Network, Toronto",OTHER,Sunnybrook Health Sciences Centre; Western University,Home-based sleep screening test or hospital-unattended sleep screening test; Cardiovascular beat-to-beat monitoring; ECG monitoring,DEVICE,2020-09-01,2020.0,Canada
NCT04973852,High Intensity Training for Neurological Injury Using Overground Exoskeletons in Inpatient Rehabilitation,COMPLETED,NA,INTERVENTIONAL,Spinal Cord Injuries,"The University of Texas Health Science Center, Houston",OTHER,,Ekso,DEVICE,2021-10-06,2021.0,United States
NCT05330052,The Effects of a Powered Knee Orthosis on Gait Kinematics of Children With Knee Extension Deficiency,COMPLETED,NA,INTERVENTIONAL,Cerebral Palsy; Spina Bifida; Spinal Cord Injuries,University of British Columbia,OTHER,Bionic Power,Agilik,DEVICE,2022-05-06,2022.0,Canada
NCT05401734,Robot Assisted Gait Training in Persons With a Spinal Cord Injury,UNKNOWN,NA,OBSERVATIONAL,SCI - Spinal Cord Injury,Thomas More Kempen,OTHER,AZ Herentals,Observation and follow up measurement,DEVICE,2012-02-01,2012.0,Belgium
NCT06661057,Avation Electric Stimulation System for Spinal Cord Injury Neurogenic Bladder,WITHDRAWN,NA,INTERVENTIONAL,Neurogenic Bladder,"The University of Texas Health Science Center, Houston",OTHER,Mission Connect,Vivally system stimulation,DEVICE,2024-12-01,2024.0,
NCT07263581,Effect of Hybrid Functional Electrical Stimulation and Augmented Reality-Based Gait Training on Gait Parameters Among Incomplete Spinal Cord Injury Patients,RECRUITING,NA,INTERVENTIONAL,Incomplete Spinal Cord Injury (SCI); ASIA C and D Classification of SCI; Gait Dysfunction,Lahore University of Biological and Applied Sciences,OTHER,,Functional Electrical Stimulation (FES) and Augmented Reality (AR); Conventional Overground Gait Training (COGT),"DEVICE,OTHER",2026-01-10,2026.0,Pakistan
NCT00318591,Comparative Study of Intermittent Catheters and Occurrence of Urinary Tract Infections,COMPLETED,NA,INTERVENTIONAL,Urinary Tract Infections,Coloplast A/S,INDUSTRY,,SpeediCath; Conveen Uncoated,DEVICE,2006-04,2006.0,Canada; United States
NCT03317288,Alternating Pressure Overlay on Weight Bearing Tissue Tolerance in People With Spinal Cord Injury,COMPLETED,NA,INTERVENTIONAL,Spinal Cord Injuries; Pressure Ulcer,University of Illinois at Chicago,OTHER,Dabir Surfaces Inc,Dabir Air overlay,DEVICE,2017-05-12,2017.0,United States
NCT06808035,Understanding Perinatal Spinal Cord Injury,ENROLLING_BY_INVITATION,NA,INTERVENTIONAL,Perinatal Spinal Cord Injury,University of Louisville,OTHER,Vanderbilt University; University of Leeds; Kentucky Spinal Cord and Head Injury Research Board,Activity-Based Recovery Training; Transcutaneous Spinal Cord Stimulation,"DEVICE,OTHER",2024-01-09,2024.0,United States
NCT01087918,Lokomat Versus Strength Training in Chronic Incomplete Spinal Cord Injury,COMPLETED,"PHASE1,PHASE2",INTERVENTIONAL,Spinal Cord Injury,University of Zurich,OTHER,,RAGT; Strength Training,"DEVICE,OTHER",2009-07,2009.0,Switzerland
NCT07562113,Pilot Testing of Vagus Nerve Stimulation for Early Spinal Cord Injury Recovery,NOT_YET_RECRUITING,"PHASE1,PHASE2",INTERVENTIONAL,Spinal Cord Injuries (Complete and Incomplete),University of Alabama at Birmingham,OTHER,,Transauricular vagus nerve stimulation,DEVICE,2026-11-01,2026.0,United States
NCT03105882,Pilot Study of the Neuro-Spinal Scaffold for the Treatment of AIS A Cervical Acute SCI,WITHDRAWN,NA,INTERVENTIONAL,Traumatic Cervical Acute Spinal Cord Injury,InVivo Therapeutics,INDUSTRY,,Neuro-Spinal Scaffold,DEVICE,2017-03-30,2017.0,Canada
NCT05975606,Non-invasive Brain Stimulation Paired With FES Cycling Post SCI,UNKNOWN,NA,INTERVENTIONAL,Incomplete Spinal Cord Injury,"Western University, Canada",OTHER,,repetitive transcranial magnetic stimulation (rTMS); functional electrical stimulation (FES) cycling,DEVICE,2023-09-19,2023.0,Canada
NCT06672458,Upper Extremity Functional Electrical Stimulation (FES) for Restoration of Upper Extremity Function After Spinal Cord Injury (SCI),RECRUITING,NA,INTERVENTIONAL,Spinal Cord Injuries; Peripheral Nerve Injuries,University of Miami,OTHER,,MyndMove Short Term Therapy; Conventional Short Term Therapy; MyndMove Long Term Therapy,"DEVICE,OTHER",2024-11-01,2024.0,United States
NCT02230540,Intermittent Catheterization in Spinal Cord Injured Men,TERMINATED,NA,INTERVENTIONAL,Spinal Cord Injuries,Coloplast A/S,INDUSTRY,,"SelfCath (comparator); Product A SelfCath and urine bag, Conveen Security+; Product B SelfCath and urine bag, Conveen Contour",DEVICE,2014-09,2014.0,Denmark
NCT04055610,Gait Training for Individuals With Paraplegia Using the H-MEX Exoskeleton,UNKNOWN,NA,INTERVENTIONAL,Spinal Cord Injuries; Paraplegia,Hanyang University Seoul Hospital,OTHER,Hyundai Motor Company,Gait training using H-MEX exoskeleton,DEVICE,2019-08-08,2019.0,South Korea
NCT01474148,A Neuroprosthesis for Seated Posture and Balance,RECRUITING,NA,INTERVENTIONAL,Spinal Cord Injury; Paralysis; Tetraplegia; Paraplegia,VA Office of Research and Development,FED,,IRS-8 (8-Channel implanted stimulator-telemeter),DEVICE,2011-11-30,2011.0,United States
NCT04043715,Comparison of Transcutaneous and Epidural Spinal Stimulation for Improving Function,WITHDRAWN,NA,INTERVENTIONAL,"Spinal Cord Injuries; Spinal Cord Diseases; Central Nervous System Diseases; Nervous System Diseases; Trauma, Nervous System; Wounds and Injuries",University of Washington,OTHER,U.S. National Science Foundation,Transcutaneous spinal stimulation; Epidural spinal stimulation,DEVICE,2019-08-01,2019.0,United States
NCT06873776,Arm and Leg Cycling for Accelerated SCI Recovery,ENROLLING_BY_INVITATION,NA,INTERVENTIONAL,Spinal Cord Injury,Shirley Ryan AbilityLab,OTHER,University of Alberta,A&L cycling; Body weight supported treadmill training (BWSTT),DEVICE,2025-12,2025.0,United States
NCT01652040,Resistance Training and Testosterone After Spinal Cord Injury,COMPLETED,"PHASE2,PHASE3",INTERVENTIONAL,Spinal Cord Injury,VA Office of Research and Development,FED,Virginia Commonwealth University,Resistance Training and Testosterone Patches; Testosterone Patches,"DEVICE,DRUG",2012-07-02,2012.0,United States
NCT04578691,Study to Evaluate the Safety and Clinical Outcome of Using Navigation System in Pedicle Screw Placement in Spine Surgery,COMPLETED,NA,INTERVENTIONAL,Spinal Tumor; Traumatic Injury of Spine; Degenerative Spine Disease,"Taipei Veterans General Hospital, Taiwan",OTHER_GOV,,"""Anatase"" Spine Surgery Navigation System; Medtronic Stealthstation S7 Treatment Guidance System",DEVICE,2020-06-29,2020.0,Taiwan
NCT07467850,Dual Stimulation for Spinal Cord Injury,COMPLETED,NA,INTERVENTIONAL,Spinal Cord Injuries,Spaulding Rehabilitation Hospital,OTHER,PathMaker Neurosystems Inc.; Erchonia Corporation,tsDCS+pDCS; Low-level laser therapy,DEVICE,2022-07-14,2022.0,United States
NCT04578574,Effects of Bodily Illusion and tDCS on SCI-related Neuropathic Pain,COMPLETED,NA,INTERVENTIONAL,Neuropathic Pain,University of Miami,OTHER,Florida,Bodily Illusions (BI) Procedure; Transcranial direct electrical stimulation (tDCS); Sham Transcranial Direct Electrical Stimulation (tDCS),"DEVICE,OTHER",2021-01-13,2021.0,United States
NCT04671030,Use of a Prokinetic Agent as an Adjunct to Thrice Weekly Bowel Care After SCI,COMPLETED,PHASE1,INTERVENTIONAL,Spinal Cord Injuries; Constipation; Neurogenic Bowel,James J. Peters Veterans Affairs Medical Center,FED,,Neostigmine and Glycopyrrolate; Iontophoresis,"DEVICE,DRUG",2018-01-15,2018.0,United States
NCT05690074,Epidural Stimulation in Chronic Spinal Cord Injury Patients,UNKNOWN,NA,INTERVENTIONAL,Spinal Cord Injuries,"University Hospital, Motol",OTHER,,Spectra Wave Writer™ Spinal Cord Stimulator System,DEVICE,2023-01-01,2023.0,Czechia
NCT07583498,Spasticity in SCI Following Acute Intermittent Hypoxia,RECRUITING,NA,INTERVENTIONAL,Spinal Cord Injuries (SCI),Zev Rymer,OTHER,,Acute Intermittent Hypoxia (AIH),DEVICE,2026-03-17,2026.0,United States
NCT04029974,Speed of Robotic Leg Movements and Orthostatic Hypotension in Subacute SCI,ACTIVE_NOT_RECRUITING,NA,INTERVENTIONAL,Spinal Cord Injuries; Orthostatic Hypotension,Methodist Rehabilitation Center,OTHER,,ErigoPro,DEVICE,2019-08-20,2019.0,United States
NCT05403606,"""Guarantee Assessment in Skin Prevention Adapted to Real Life With a Connected Device After a Spinal Cord Injury.""",TERMINATED,NA,INTERVENTIONAL,Spinal Cord Injury,Nantes University Hospital,OTHER,,GASPARD®,DEVICE,2023-01-01,2023.0,France
NCT03690726,The Effects of rTMS in Rehabilitation Following Spinal Cord Injury,COMPLETED,NA,INTERVENTIONAL,Spinal Cord Injury; Rehabilitation; Transcranial Magnetic Stimulation; Neurorehabilitation,Spinal Cord Injury Centre of Western Denmark,OTHER,University of Southern Denmark,repetitive transcranial magnetic stimulation; Sham stimulation,"DEVICE,OTHER",2019-01-02,2019.0,Denmark
NCT05473689,Outcomes Post Treatment: Impact on Motor Impairment of Sleep Efficiency in SCI (OPTIMISE SCI Trial),RECRUITING,NA,INTERVENTIONAL,Spinal Cord Injuries; Spine Disease,"University Health Network, Toronto",OTHER,Sunnybrook Health Sciences Centre,Continuous positive airway pressure (CPAP) therapy,DEVICE,2022-08-15,2022.0,Canada
NCT05530798,CEUS For Intraoperative Spinal Cord Injury,COMPLETED,NA,INTERVENTIONAL,Spine Disease; Spinal Stenosis; Spinal Injury; Spinal Cord Diseases; Spinal Cord Injuries; Spinal Cord Compression; Spine Degeneration,Medical University of South Carolina,OTHER,South Carolina Spinal Cord Injury Research Fund,Definity Perflutren Lipid Microsphere Ultrasound Contrast,DEVICE,2023-12-01,2023.0,United States
NCT00458471,E. Coli for Prevention of Catheter UTI in SCI Patients,COMPLETED,PHASE1,INTERVENTIONAL,Urinary Tract Infection(UTI),Eunice Kennedy Shriver National Institute of Child Health and Human Development (NICHD),NIH,,Insertion of a urinary catheter coated with benign E. coli,DEVICE,2003-11,2003.0,United States
NCT04340063,Amplify Gait to Improve Locomotor Engagement in Spinal Cord Injury,COMPLETED,NA,INTERVENTIONAL,Incomplete Spinal Cord Injury,VA Office of Research and Development,FED,Northwestern University,Gait training performed on a treadmill; Gait training performed in a Movement Amplification Environment,DEVICE,2020-10-15,2020.0,United States
NCT01479777,Functional Electrical Stimulation (FES) Driven Stepping in Individuals With Spinal Cord Injury,COMPLETED,"PHASE1,PHASE2",INTERVENTIONAL,Spinal Cord Injury,"Hugo W. Moser Research Institute at Kennedy Krieger, Inc.",OTHER,,"FES Stepping (RT600 from Restorative Therapies, INC.)",DEVICE,2011-04,2011.0,United States
NCT04855916,KAFO Orthoses Versus the ABLE Exoskeleton,COMPLETED,NA,INTERVENTIONAL,Spinal Cord Injuries,ABLE Human Motion S.L.,INDUSTRY,Hospital Asepeyo Barcelona; Biomechanical Engineering Lab (BIOMEC) - Universitat Politècnica de Catalunya (UPC); Institut Nacional d'Educació Física de Catalunya (INEFC),ABLE Exoskeleton; KAFO Orthosis,DEVICE,2021-02-17,2021.0,Spain
NCT04323449,Evaluation of Vision-Guided Shared Control for Assistive Robotics Manipulators,COMPLETED,NA,INTERVENTIONAL,Spinal Cord Injury/Disorder,VA Office of Research and Development,FED,,Compare two control methods for a wheelchair-mounted robotic manipulator,DEVICE,2022-04-13,2022.0,United States
NCT02711319,Non-invasive Brain Stimulation for Gait Improvement in Patients With Spinal Cord Injury,COMPLETED,PHASE3,INTERVENTIONAL,Functional Improvement,Institut Guttmann,OTHER,Instituto de Salud Carlos III,rTMS; sham rTMS,DEVICE,2010-12,2010.0,
NCT07222046,Spinal Neurorehabilitation for Veterans With SCI,NOT_YET_RECRUITING,NA,INTERVENTIONAL,Spinal Cord Injuries,VA Office of Research and Development,FED,,Neurophysiological and anatomical testing; Transcutaneous Spinal Stimulation,"DEVICE,DIAGNOSTIC_TEST",2026-09-01,2026.0,United States
NCT06393205,Efficacy of Naso-Esophageal Tube Feeding in Patients With High Cervical Spinal Cord Injury.,UNKNOWN,NA,INTERVENTIONAL,Spinal Cord Injury Cervical,Copka Sonpashan,OTHER_GOV,,Naso-Esophageal Tube Feeding; Nasogastric Tube Feeding; Routine treatment,"BEHAVIORAL,DEVICE",2024-04,2024.0,
NCT01968096,The Reversal of Neuromuscular Adaptation in Human With Spinal Cord Injury II,UNKNOWN,NA,INTERVENTIONAL,Spinal Cord Injury(SCI),Chang Gung University,OTHER,,home-based ankle continuous passive motion machine.,DEVICE,2013-08,2013.0,Taiwan
NCT06886386,TsDCS and Physical Therapy After Incomplete Spinal Cord Injury,ENROLLING_BY_INVITATION,NA,INTERVENTIONAL,Spinal Cord Injury,Universidade Federal de Pernambuco,OTHER,,Trans-spinal direct current stimulation,DEVICE,2025-03-03,2025.0,Brazil
NCT03922802,SCI Acute Intermittent Hypoxia and Non-Invasive Spinal Stimulation Combined With Gait Training,COMPLETED,NA,INTERVENTIONAL,Spinal Cord Injuries; Spinal Cord Diseases,Shirley Ryan AbilityLab,OTHER,"University of California, Los Angeles",Acute Intermittent Hypoxia + Non Invasive Spinal Cord Stimulation + Gait Training; Sham Acute Intermittent Hypoxia + Non Invasive Spinal Cord Stimulation + Gait Training; Sham Acute Intermittent Hypoxia + Sham Non Invasive Spinal Cord Stimulation + Gait Training,"DEVICE,OTHER",2020-12-01,2020.0,United States
NCT01217047,Study on Functional Electrical Stimulation (FES) Cycling Following Spinal Cord Injury,TERMINATED,"PHASE2,PHASE3",INTERVENTIONAL,Spinal Cord Injury,"Hugo W. Moser Research Institute at Kennedy Krieger, Inc.",OTHER,,FES Cycling; Cycling without FES; Lumbar puncture; Mood assessment,"BEHAVIORAL,DEVICE,PROCEDURE",2010-10,2010.0,United States
NCT01943201,Low Friction Bed Sheet,COMPLETED,NA,INTERVENTIONAL,Spinal Cord Injury; Pressure Ulcer,"Swiss Paraplegic Research, Nottwil",NETWORK,Swiss Federal Laboratories for Material Sciences and Technology,new bedsheet; conventional bedsheet,DEVICE,2010-01,2010.0,Switzerland
NCT03452007,SPARC Bladder Mapping and Training Study,ACTIVE_NOT_RECRUITING,NA,INTERVENTIONAL,Spinal Cord Injuries,University of Louisville,OTHER,"National Institute of Neurological Disorders and Stroke (NINDS); National Institutes of Health (NIH); National Heart, Lung, and Blood Institute (NHLBI)",Epidural Stimulation,DEVICE,2018-09-12,2018.0,United States
NCT03057652,Algorithmic-Based Evaluation and Treatment Approach for Robotic Gait Training,UNKNOWN,NA,INTERVENTIONAL,Complete Spinal Cord Injury; Incomplete Spinal Cord Injury; Acquired Brain Injury; Multiple Sclerosis,"The University of Texas Health Science Center, Houston",OTHER,,ReWalk; EKSO; REX,DEVICE,2016-03,2016.0,United States
NCT05432999,Extracorporeal Shockwave Therapy for Spasticity in People With Spinal Cord Injury,COMPLETED,NA,INTERVENTIONAL,"Spinal Cord Injuries; Spasticity, Muscle; Spastic Paraplegia; Spastic Quadriplegia; Spastic Tetraplegia; Paraplegia; Tetraplegia",Kessler Foundation,OTHER,,Extracorporeal Shockwave Therapy,DEVICE,2022-09-01,2022.0,United States
NCT02080039,Electrical Stimulation of Denervated Muscles After Spinal Cord Injury,TERMINATED,NA,INTERVENTIONAL,Spinal Cord Injury,"Swiss Paraplegic Research, Nottwil",NETWORK,,Electrical Stimulation,DEVICE,2012-09,2012.0,Switzerland
NCT06169657,Comparison of Gait Training Methods in Sub-acute Stroke and Spinal Cord Injury,WITHDRAWN,NA,OBSERVATIONAL,Stroke; Incomplete Spinal Cord Injury,Shirley Ryan AbilityLab,OTHER,,Body-weight-supported treadmill training (BWSTT); EksoNR exoskeleton gait training; Overground gait training,DEVICE,2024-09-01,2024.0,United States
NCT05776030,Multi-speed Ergonomic Wheelchair,RECRUITING,NA,INTERVENTIONAL,Spinal Cord Diseases; Spinal Cord Injuries,VA Office of Research and Development,FED,,Single Speed Ergonomic Wheelchair; Multi-Speed Ergonomic Wheelchair,DEVICE,2024-07-18,2024.0,United States
NCT04496609,Assessment of the Efficacy and Safety of EESS in Patients With Incomplete Spinal Cord Injuries,RECRUITING,NA,INTERVENTIONAL,Spinal Cord Injuries,Hopital Foch,OTHER,,Stimulation and automated rehabilitation / automated rehabilitation; Automated rehabilitation / Stimulation and automated rehabilitation,DEVICE,2021-07-12,2021.0,France
NCT04064385,Functional Electrical Stimulation Cycling in SCI,UNKNOWN,NA,INTERVENTIONAL,"Spinal Cord Injury, Acute; Paraplegia; Tetraplegia",Glasgow Caledonian University,OTHER,NHS Greater Glasgow and Clyde,FES Cycling,DEVICE,2019-06-01,2019.0,United Kingdom
NCT05589415,Targeted HD-tDCS to Improve Upper Limb Rehabilitation in SCI,ACTIVE_NOT_RECRUITING,NA,INTERVENTIONAL,Spinal Cord Injuries; Spinal Cord Diseases,University of Texas Rio Grande Valley,OTHER,,High-definition Transcranial Direct Current Stimulation; Conventional Transcranial Direct Current Stimulation,DEVICE,2020-11-23,2020.0,United States
NCT02566850,Investigational Study of the Ekso for High-Dosage Use by Individuals With SCI in a Non-Clinical Environment,TERMINATED,NA,INTERVENTIONAL,Spinal Cord Injuries,Ekso Bionics,INDUSTRY,,Ekso,DEVICE,2014-01,2014.0,United States
NCT02037620,Recovery of Cardiovascular Function With Epidural Stimulation After Human Spinal Cord Injury,COMPLETED,NA,INTERVENTIONAL,Spinal Cord Injury,University of Louisville,OTHER,,5-6-5 Specify electrode; Restore Advance Pulse Generator,DEVICE,2014-07,2014.0,United States
NCT01142115,Test of Discomfort and Malaise of Two Different Urine Catheters in Healthy Volunteers,COMPLETED,NA,INTERVENTIONAL,Spinal Cord Injury,Coloplast A/S,INDUSTRY,,Intermittent catheter CP063CC; SpeediCath,DEVICE,2010-01,2010.0,Denmark
NCT02914418,Transcranial Magnetic Stimulation (TMS) for Upper Limb Dysfunction in Spinal Cord Injury: a Feasibility Study,COMPLETED,NA,INTERVENTIONAL,Spinal Cord Injuries,Sheffield Teaching Hospitals NHS Foundation Trust,OTHER,,Transcranial Magnetic Stimulation using iTBS Paradigm,DEVICE,2016-01,2016.0,United Kingdom
NCT03414424,Non-invasive Cervical Electrical Stimulation for SCI,COMPLETED,NA,INTERVENTIONAL,Spinal Cord Injuries,Bronx VA Medical Center,FED,,CES at rest; CES plus active hand or wrist movements,DEVICE,2017-08-22,2017.0,United States
NCT07735676,ZEPU-AI1 Gait Robot Training Study (ZEPUAI1RCT),NOT_YET_RECRUITING,NA,INTERVENTIONAL,"Stroke; Spinal Cord Injuries (SCI); Gait Disorders, Neurologic",Bangladesh Medical University,OTHER,,ZEPU-AI1 Gait Training and Evaluation System; Standard-of-Care Rehabilitation (Individualized Rehabilitation and Exercise),"BEHAVIORAL,DEVICE",2026-07,2026.0,Bangladesh
NCT01112774,Application of Transcranial Direct Current Stimulation (tDCS) in Patients With Chronic Pain After Spinal Cord Injury,TERMINATED,NA,INTERVENTIONAL,Spinal Cord Injury,Spaulding Rehabilitation Hospital,OTHER,,Transcranial direct current stimulation,DEVICE,2010-04,2010.0,United States
NCT06939634,Evaluation of Usability and Safety of the System Atalante in Patients With High Paraplegia and Tetraplegia,COMPLETED,NA,OBSERVATIONAL,"Spinal Cord Injury; Tetraplegia/Tetraparesis; Paraplegia, Complete; Paraplegia, Incomplete; Guillain Barré Syndrome",Wandercraft,INDUSTRY,,Hands-free exoskeleton,DEVICE,2024-06-01,2024.0,France
NCT06351852,Transdermal Administration by a Novel Wireless Iontophoresis Device,COMPLETED,EARLY_PHASE1,INTERVENTIONAL,Spinal Cord Injuries; Constipation; Fecal Incontinence; Neurogenic Bowel,James J. Peters Veterans Affairs Medical Center,FED,,Combination of Neostigmine and Glycopyrrolate; I-Box by Dynatronics,"DEVICE,DRUG",2022-03-22,2022.0,United States
NCT03930056,C-Brace II Spinal Cord Injury,ACTIVE_NOT_RECRUITING,NA,INTERVENTIONAL,Spinal Cord Injury,Shirley Ryan AbilityLab,OTHER,Otto Bock Healthcare Products GmbH,C-Brace II; Traditional Care KAFO intervention,DEVICE,2019-04-16,2019.0,United States
NCT03924388,Spinal Cord Stimulation and Autonomic Response in People With SCI.,UNKNOWN,NA,INTERVENTIONAL,"Spinal Cord Injuries; Autonomic Dysreflexia; Orthostatic Hypotension, Dysautonomic",University of Calgary,OTHER,International Collaboration on Repair Discoveries,Epidural spinal cord stimulation; Trnascutaneous electrical spinal cord stimulation.,DEVICE,2020-02-01,2020.0,Canada
NCT02331979,Improving Bladder Function in SCI by Neuromodulation,RECRUITING,NA,INTERVENTIONAL,Spinal Cord Injury,"University of California, Los Angeles",OTHER,,Electromagnetic Neuromodulation,DEVICE,2015-09,2015.0,United States
NCT07354178,Study of Collagen-Based Thrombin Hemostat for the Control of Bleeding in Spinal Surgery,COMPLETED,NA,INTERVENTIONAL,Spinal Tumor; Spinal Injury; Hemostasis; Spinal Stenosis; Spinal Surgery; Intraoperative Bleeding,"DALIM TISSEN Co., Ltd.",INDUSTRY,,CollaStat®; Floseal®,DEVICE,2024-10-22,2024.0,South Korea
NCT06284694,Treatment of Neuropathic Pain Following Spinal Cord Injury - a RTMS Approach,UNKNOWN,NA,INTERVENTIONAL,Neuropathic Pain,University of Calgary,OTHER,,Repetitive Transcranial Magnetic Stimulation (rTMS),DEVICE,2024-08-01,2024.0,Canada
NCT01569360,Study of the Impact of the Use of a Corset on the Respiratory Function of Patients With Spinal Cord Injury,WITHDRAWN,PHASE3,INTERVENTIONAL,Spinal Cord Injury; Tetraplegia; Paraplegia,Assistance Publique - Hôpitaux de Paris,OTHER,,Corset,DEVICE,2012-03,2012.0,
NCT04008160,Intelligent Underwear (IU) in Paraplegics,WITHDRAWN,NA,OBSERVATIONAL,Skin Physiology; Spinal Cord Injuries; Pressure Injury,"Swiss Paraplegic Research, Nottwil",NETWORK,University of Bern,ProTex,DEVICE,2022-10-01,2022.0,Switzerland
NCT07396922,Assessment of Safety and Effectiveness of Spatial StimelMD (SSMD) in Subjects With Upper Limb Neuromotor Impairments,NOT_YET_RECRUITING,NA,INTERVENTIONAL,Stroke; TBI; Spinal Cord Injury; Peripheral Nerve Damage,Motion Informatics LTD,INDUSTRY,,SSMD; Functional Electrical Stimulation (FES),DEVICE,2026-12-30,2026.0,Poland
NCT03567239,Impact of Custom Assistive and Adaptive Technology in Rehabilitation,COMPLETED,NA,INTERVENTIONAL,Disability Physical; Brain Injuries; Stroke; Spinal Cord Injuries; Multiple Sclerosis; Paralysis,Madonna Rehabilitation Hospital,OTHER,,Using adaptive device.,DEVICE,2018-06-25,2018.0,United States
NCT02227407,Reciprocating Gait Orthoses for Paraplegia Patients,UNKNOWN,NA,INTERVENTIONAL,Myelomeningocele; Spinal Cord Injury; Spinal Muscular Atrophy,National Taiwan University Hospital,OTHER,"National Science and Technology Council, Taiwan",RGOs(reciprocating gait orthoses),DEVICE,2013-08,2013.0,Taiwan
NCT03854214,Investigation of Brain Functional MRI as an Early Biomarker of Recovery in Individuals With Spinal Cord Injury,COMPLETED,NA,INTERVENTIONAL,Spinal Cord Injuries,"Hugo W. Moser Research Institute at Kennedy Krieger, Inc.",OTHER,National Institute of Neurological Disorders and Stroke (NINDS),Functional Electric Stimulation cycling; Passive cycling,DEVICE,2019-08-01,2019.0,United States
NCT07432321,tSCS + UL Robotics Training in SCI Patients,RECRUITING,NA,INTERVENTIONAL,Spinal Cord Injuries,"National University Hospital, Singapore",OTHER,Alexandra Hospital,ULRT + tSCS + conventional occupational therapy; ULRT + conventional occupational therapy,DEVICE,2025-09-18,2025.0,Singapore
NCT03945110,Intravesical Glycosaminoglycan Instillation and Urinary Tract Infection in Acute Spinal Cord Injury,COMPLETED,"PHASE1,PHASE2",INTERVENTIONAL,Spinal Cord Injuries,The University of Western Australia,OTHER,Royal Perth Hospital; Fiona Stanley Hospital; Perth Urology Clinic,iAluRil® intravesical instillations,DEVICE,2019-09-18,2019.0,Australia
NCT05226676,Long-term Effects of Repetitive TMS in Chronic Neuropathic Pain in People With SCI,WITHDRAWN,NA,INTERVENTIONAL,Spinal Cord Injuries; Neuralgia; Chronic Pain,Icahn School of Medicine at Mount Sinai,OTHER,,Transcranial Magnetic Stimulation,DEVICE,2023-08,2023.0,United States
NCT00204100,Paraplegic Cycling: Improving Health After Spinal Cord Injury,UNKNOWN,NA,INTERVENTIONAL,Spinal Cord Injury,University of Glasgow,OTHER,,Surface Functional Electrical Stimulation,DEVICE,2003-01,2003.0,United Kingdom
NCT02778529,Arm Motor Control on Bi and Uni ADLs,TERMINATED,NA,INTERVENTIONAL,Stroke; Peripheral Neuropathy; Spinal Cord Injuries; Cerebral Palsy,University of Pennsylvania,OTHER,,Bilateral assessment robots (BiAS),DEVICE,2014-05,2014.0,United States
NCT03621969,Technology Development for Physical Rehabilitation of Patients With Upper Extremity Motor Deficits (RePlay),COMPLETED,NA,INTERVENTIONAL,Spinal Cord Injuries,The University of Texas at Dallas,OTHER,,Physical exam and medical history; Assessments; Patient Instruction and use of Device (RePlay),"DEVICE,DIAGNOSTIC_TEST,OTHER",2017-10-10,2017.0,United States
NCT06643312,TPAD for Recovery of Standing After Severe SCI,RECRUITING,NA,INTERVENTIONAL,SCI - Spinal Cord Injury,Kessler Foundation,OTHER,,The Tethered Pelvic Assist Device (TPAD),DEVICE,2024-10-22,2024.0,United States
NCT04969042,Closed-loop Functional Spinal Cord Stimulation in Patients With Spinal Cord Injury,RECRUITING,PHASE1,INTERVENTIONAL,Spinal Cord Injuries,Luming Li,OTHER,Beijing Tsinghua Changgeng Hospital,Pins Medical G122 RS,DEVICE,2021-08-01,2021.0,China
NCT07050069,Effect of Threshold Pressure-Loaded RMT + tTBS on Respiratory Function in SCI Patients,RECRUITING,NA,INTERVENTIONAL,Spinal Cord Injuries,Shengjing Hospital,OTHER,,Transcranial Magnetic Stimulation (TMS) Device / Respiratory Training Device,DEVICE,2024-12-25,2024.0,China
NCT06650202,Improving Balance After Spinal Cord Injury Using a Robotic Upright Stand Trainer and Spinal Cord Epidural Stimulation,RECRUITING,NA,INTERVENTIONAL,SCI - Spinal Cord Injury,Kessler Foundation,OTHER,,The Tethered Pelvic Assist Device (TPAD),DEVICE,2024-11-01,2024.0,United States
NCT05601661,Safety and Feasibility of Paired Vagus Nerve Stimulation With Rehabilitation for Improving Upper Extremity Function in People With Cervical Spinal Cord Injury,COMPLETED,NA,INTERVENTIONAL,Cervical Spinal Cord Injury,"The University of Texas Health Science Center, Houston",OTHER,MicroTransponder Inc.,Active VNS; Sham VNS; Arm rehabilitation,"DEVICE,OTHER",2023-06-15,2023.0,United States
NCT05553353,Dosing rTMS for Depression Post-SCI,RECRUITING,NA,INTERVENTIONAL,"Spinal Cord Injuries; Depression; Depressive Disorder, Major",VA Office of Research and Development,FED,,repetitive transcranial magnetic stimulation--Active; repetitive transcranial magnetic stimulation--Sham,DEVICE,2025-03-31,2025.0,United States
NCT02799966,Recovery of Upper Limb Function in Persons With Spinal Cord Injury: Lead-In Study,TERMINATED,NA,INTERVENTIONAL,Traumatic Spinal Cord Injuries,University of British Columbia,OTHER,Rick Hansen Institute; MyndTec Inc.,Myndmove,DEVICE,2017-12-12,2017.0,Canada
NCT02034461,Micro-Electrodes Implanted in a Human Nerve,TERMINATED,NA,INTERVENTIONAL,Amputations; Peripheral Nerve Injury; Spinal Cord Injury,University of Utah,OTHER,,Utah Slanted Electrode Array,DEVICE,2013-04,2013.0,United States
NCT02944669,ReWalk Personal Device Postmarket Study,UNKNOWN,NA,OBSERVATIONAL,"Injuries, Spinal Cord","ReWalk Robotics, Inc.",INDUSTRY,,ReWalk Personal Device,DEVICE,2016-06,2016.0,United States
NCT05926596,Leg Stretching Using an Exoskeleton on Demand for People With Spasticity,RECRUITING,NA,INTERVENTIONAL,Spasticity; Movement Disorders; Spinal Cord Injury,VA Office of Research and Development,FED,Syracuse University,Wearable Robotic Exoskeleton,DEVICE,2026-02-09,2026.0,United States
NCT03458169,LEAP a New Overground Body Weight Support Robot: Usability Trial,COMPLETED,NA,INTERVENTIONAL,Spinal Cord Injuries; Cerebral Palsy; Parkinson Disease; Multiple Sclerosis; Stroke; People With Impaired Lower Extremity Function,Clinique Romande de Readaptation,NETWORK,,Therapist LEAP session feedback; Participant LEAP session feedback; LEAP risk control validation,DEVICE,2018-01-01,2018.0,Switzerland
NCT07380516,Xo-Motion R Exoskeleton in SCI-Adoption Study,NOT_YET_RECRUITING,NA,INTERVENTIONAL,Spinal Cord Injury,University of Alberta,OTHER,Praxis Spinal Cord Institute,XoMotionR- assisted locomotor training,DEVICE,2026-08-01,2026.0,Canada
NCT04041063,Rehabilitation and Cortical Remodeling After Surgical Intervention for Spinal Cord Injury,ACTIVE_NOT_RECRUITING,PHASE2,INTERVENTIONAL,Spinal Cord Injuries; Tetraplegia; Cervical Spinal Cord Injury,Burke Medical Research Institute,OTHER,Massachusetts General Hospital,Upper limb robotic training; Nerve transfer surgery,"DEVICE,PROCEDURE",2019-07-26,2019.0,United States
NCT04474106,NEUROwave - Extracorporeal Shock Wave Therapy (ESWT) in Acute Traumatic Complete (AIS A) and Incomplete (AIS B-D) Cross-sectional Lesions on Motor and Sensory Function Within Six Months After Injury,RECRUITING,NA,INTERVENTIONAL,Acute Traumatic Spinal Cord Injury,AUVA,OTHER,,Shock waves; dummy head,DEVICE,2020-07-02,2020.0,Austria
NCT06069999,Telerehabilitation Early After CNS Injury,ACTIVE_NOT_RECRUITING,NA,INTERVENTIONAL,Cerebral Stroke; Traumatic Brain Injury; Spinal Cord Injuries,"TRCare, Inc.",INDUSTRY,California Rehabilitation Institute,HandyMotion Treatment Program,DEVICE,2024-05-09,2024.0,United States
NCT02803255,AAN Robotic Therapy in SCI,COMPLETED,PHASE1,INTERVENTIONAL,Spinal Cord Injuries,William Marsh Rice University,OTHER,,MAHI Exo-II,DEVICE,2014-05,2014.0,United States
NCT03267212,Acute Effect of Ventilatory Support During Exercise in Spinal Cord Injury,COMPLETED,NA,INTERVENTIONAL,Spinal Cord Injury,Spaulding Rehabilitation Hospital,OTHER,,Non-invasive ventilation(NIV); Sham Non-invasive ventilation(NIV); Functional Electrical Stimulation Row Training (FESRT),"DEVICE,OTHER",2017-07-14,2017.0,United States
NCT06169969,Effect Of Magnetic Therapy In Bladder Dysfunction And Quality Of Life In Paraplegic Patients,COMPLETED,NA,INTERVENTIONAL,Paraplegia; Spinal Cord Injuries,Cairo University,OTHER,,magnetic therapy,DEVICE,2023-11-05,2023.0,Egypt
NCT04077346,Neuromodulation of Spinal Locomotor Circuitry to Elicit Stepping After Pediatric Spinal Cord Injury,ENROLLING_BY_INVITATION,NA,INTERVENTIONAL,Spinal Cord Injuries,University of Louisville,OTHER,"Kentucky Spinal Cord and Head Injury Research Board; Kosair Charities, Inc.",Biostim-5 transcutaneous spinal stimulator; Transcutaneous Spinal Stimulator + Activity Based Locomotor Training,"DEVICE,OTHER",2021-04-12,2021.0,United States
NCT03345576,Testosterone and Long Pulse Stimulation After SCI,COMPLETED,PHASE2,INTERVENTIONAL,Spinal Cord Injury,VA Office of Research and Development,FED,Hunter Holmes McGuire VA Medical Center,Testosterone and LPWS; Testosterone and standard NMES,"DEVICE,DRUG",2018-07-01,2018.0,United States
NCT01236976,SCIPA Full-On :Intensive Exercise Program After Spinal Cord Injury,COMPLETED,PHASE3,INTERVENTIONAL,Spinal Cord Injury,University of Melbourne,OTHER,"Austin Health; Hampstead Rehabilitation Centre Adelaide; Shenton Park Rehabilitation Centre Perth; Royal Rehabilitation Centre Sydney; Prince of Wales Hospital, Sydney; Burwood Hospital, Christchurch, New Zealand",Therastride Treadmill System; FES-assisted cycling; Trunk and upper and lower limb exercises; Upper body strength and fitness program,"DEVICE,OTHER",2010-12,2010.0,Australia; New Zealand
NCT04360447,Comparison of Pilates &Home Exercise Programs on Muscle Strength in Paraplegic Patients,COMPLETED,NA,INTERVENTIONAL,Spinal Cord Injuries,Istanbul Physical Medicine Rehabilitation Training and Research Hospital,OTHER_GOV,,Reformer Pilates; Home Exercise,"DEVICE,OTHER",2019-02-01,2019.0,Turkey (Türkiye)
NCT07352085,Exoskeleton-assisted Neurorehabilitation,COMPLETED,NA,INTERVENTIONAL,Stroke; Spinal Cord Injuries (Complete and Incomplete); Cerebellar Ataxia; Spastic Paraplegia,Somogy Megyei Kaposi Mór Teaching Hospital,OTHER,,Gait training with exoskeleton,DEVICE,2024-06-01,2024.0,Hungary
NCT02200393,Abdominal Functional Electrical Stimulation (AFES) to Assist Ventilator Weaning in Tetraplegia,COMPLETED,NA,INTERVENTIONAL,Spinal Cord Injury; Tetraplegia,University of Glasgow,OTHER,NHS Greater Glasgow and Clyde,Abdominal FES,DEVICE,2011-02,2011.0,United Kingdom
NCT06274021,Neuromodulation to Reduce Muscle Stiffness Following Spinal Cord Injury,UNKNOWN,EARLY_PHASE1,INTERVENTIONAL,Spinal Cord Injuries; Spinal Cord Injury; Spinal Cord Injury Cervical; Spinal Cord Injury Thoracic,University of Mississippi Medical Center,OTHER,Methodist Rehabilitation Center; The Craig H. Neilsen Foundation,Transcutaneous spinal stimulation at 100 Hz; Transcutaneous spinal stimulation at 50 Hz; Transcutaneous spinal stimulation at 50 Hz and single dose of baclofen; Transcutaneous spinal stimulation at 50 Hz and single dose of tizanidine; Sham transcutaneous spinal stimulation,"COMBINATION_PRODUCT,DEVICE",2024-03-01,2024.0,United States
NCT00662207,Two Devices for Reflex Voiding Following Spinal Cord Injury,COMPLETED,PHASE1,INTERVENTIONAL,Spinal Cord Injury; Urinary Incontinence,US Department of Veterans Affairs,FED,,Vibrator; Anal dilator,"DEVICE,PROCEDURE",2008-10,2008.0,United States
NCT04707144,Performance Evaluation of a 3D PSIR Sequence in MRI at 1.5T,COMPLETED,NA,OBSERVATIONAL,Multiple Sclerosis,Fondation Ophtalmologique Adolphe de Rothschild,NETWORK,,MRI 1.5 tesla,DEVICE,2021-05-06,2021.0,France
NCT04243044,Influence of Transcutaneous Spinal Stimulation Intensity on Spasticity After SCI,COMPLETED,NA,INTERVENTIONAL,Spinal Cord Injuries,"Shepherd Center, Atlanta GA",OTHER,,Transcutaneous spinal stimulation,DEVICE,2022-04-08,2022.0,United States
NCT04110561,Evaluation of Safety and Performance of the Atalante System With Patients With Lower Limb Paralysis,COMPLETED,NA,INTERVENTIONAL,"Spinal Cord Injuries; Paraplegia; Paralysis, Lower Limbs; Lower Extremity; Robotics",Wandercraft,INDUSTRY,,Use of the Atalante exoskeleton,DEVICE,2018-05-05,2018.0,France
NCT06828653,Comparing Digitally and Traditionally Made Ankle Foot Orthoses,RECRUITING,NA,INTERVENTIONAL,Flaccid Paresis; Spastic Paresis; Cerebral Palsy; Stroke; Spinal Cord Injury; Spina Bifida; Traumatic Peripheral Nerve Injury,Holland Bloorview Kids Rehabilitation Hospital,OTHER,,Part A First Wear Period: Traditional AFO(s); Part A First Wear Period: Digital AFO(s); Part A Second Wear Period: Traditional AFO(s); Part A Second Wear Period: Digital AFO(s); Part B Long-term Evaluation Period: Traditional AFO(s); Part B Long-term Evaluation Period: Digital AFO(s),DEVICE,2025-09-05,2025.0,Canada
NCT00833105,Rehabilitation of the Upper Extremity With Enhanced Proprioceptive Feedback Following Incomplete Spinal Cord Injury,COMPLETED,NA,INTERVENTIONAL,Spinal Cord Injury; Tetraplegia; Paresis; Plegia,Oregon Health and Science University,OTHER,"Shepherd Center, Atlanta GA",AMES treatment,DEVICE,2009-01,2009.0,United States
NCT04876794,"Clinical Investigation on Safety, Feasibility and Usability of the ABLE Exoskeleton Device With Spinal Cord Injured Patients in a Hospital Setting",COMPLETED,NA,INTERVENTIONAL,Spinal Cord Injuries,ABLE Human Motion S.L.,INDUSTRY,Institut Guttmann; Heidelberg University Hospital Spinal Cord Injury Center,ABLE Exoskeleton,DEVICE,2020-11-03,2020.0,Germany; Spain
NCT06620536,Restoring Hand Function in Patients with Tetraplegia by Intraneural Stimulation of Peripheral Nerves,NOT_YET_RECRUITING,NA,INTERVENTIONAL,Tetraplegics,Azienda Ospedaliero-Universitaria Careggi,OTHER,Scuola Superiore di Studi Universitari e di Perfezionamento Sant'Anna,Electrical stimulation,DEVICE,2024-10,2024.0,Italy
NCT06696040,Immediate Effects On Gait and Spasticity After The Use Of Passive Kinesiotherapy Equipment In The Lower Limbs Of Neurological Patients,ENROLLING_BY_INVITATION,NA,INTERVENTIONAL,Hemiparesis; Paraparesis; Tetraparesis; Cerebral Palsy; Spastic Gait; Spasticity,Fernanda Trubian,OTHER,,Passive mobilization using a device,DEVICE,2025-03-01,2025.0,Brazil
NCT07631390,Impact of Task-Specific Electrical Stimulation on Upper Limb Functional Motor Skills in Children With Spastic Quadriplegia,COMPLETED,NA,INTERVENTIONAL,Cerebral Palsy (CP); Spastic Quadriplegia; Upper Limb Function; Functional Motor Disorder,Kafrelsheikh University,OTHER,,The Chattanooga Continuum™; Designed Physical therapy program,"DEVICE,OTHER",2025-05-01,2025.0,Egypt
NCT07058506,Control Interfaces for Operating Assistive Devices,RECRUITING,NA,INTERVENTIONAL,Tetraplegia,Centre Bouffard Vercelli - USSAP,OTHER,NEURINNOV; Institut National de Recherche en Informatique et en Automatique,Comparison of 5 interfaces used to capture user intent to operate a neuroprosthesis,DEVICE,2024-11-18,2024.0,France
NCT07642804,Virtual Reality Assessment of Control Interfaces for the Use a Neuroprosthesis in Individuals With Tetraplegia,COMPLETED,NA,INTERVENTIONAL,Intervention Study,Centre Bouffard Vercelli - USSAP,OTHER,Institut National de Recherche en Informatique et en Automatique,Virtual reality used as a simulation tool to evaluate and optimize the use of control interfaces,DEVICE,2026-04-10,2026.0,France
NCT07767955,Healthcare Professionals' Satisfaction With Various Exoskeleton Models,COMPLETED,NA,OBSERVATIONAL,Paraplegia and Tetraplegia,University of Sao Paulo General Hospital,OTHER,Conselho Nacional de Desenvolvimento Científico e Tecnológico,Exoskeleton; Exoskeleton; Exoskeleton,DEVICE,2024-10-01,2024.0,Brazil
NCT01911559,Effectiveness of Standing Frame on Constipation in Children With Cerebral Palsy,COMPLETED,NA,OBSERVATIONAL,Cerebral Palsy; Quadriplegia; Diplegia; Constipation,Stefania Costi,OTHER,Azienda Unita' Sanitaria Locale Di Modena,standing-frame,DEVICE,2013-01,2013.0,Italy
NCT07257601,TDCS-RTMS Intervention for Motor Function,NOT_YET_RECRUITING,NA,INTERVENTIONAL,Locked in Syndrome,Zhujiang Hospital,OTHER,,Repetitive transcranial magnetic stimulation; Transcranial direct current stimulation,DEVICE,2025-11-30,2025.0,
NCT04306328,Neural Stimulation for Hand Grasp,COMPLETED,NA,INTERVENTIONAL,Quadriplegia,Assistance Publique - Hôpitaux de Paris,OTHER,Institut National de Recherche en Informatique et en Automatique; NEURINNOV; Centre Bouffard Vercelli - USSAP,Neurostimulation,DEVICE,2020-10-15,2020.0,France
NCT05885139,"Exopulse Mollii Suit, Motor Functions & CP Children With Cerebral Palsy",COMPLETED,NA,INTERVENTIONAL,Cerebral Palsy; Spasticity; Muscle; Pain Syndrome; Hemiplegia; Diplegia; Tetraplegia; Balance,Exoneural Network AB,INDUSTRY,Ottobock SE & Co. KGaA; Hannover Medical School; Pohlig GmbH,Exopulse Mollii Suit; Sham Exopulse Mollii Suit,DEVICE,2023-04-17,2023.0,Germany
NCT06388707,"A Safety, Tolerability, and Preliminary Efficacy of Low-intensity Focused Ultrasound Neuromodulation in Patients With Drug-resistant Epilepsy",RECRUITING,"PHASE1,PHASE2",INTERVENTIONAL,"Drug Resistant Epilepsy; Epilepsy; Seizures, Focal; Seizure; Seizure Disorder",NaviFUS Corporation,INDUSTRY,NaviFUS US LLC,NaviFUS System,DEVICE,2024-09-13,2024.0,United States
NCT06144034,"Air Polishing Effect on Biological, Clinical and Patient-reported Experience Among Epileptic and Non-epileptic Children",COMPLETED,NA,INTERVENTIONAL,Epilepsy; Gingivitis,King Abdullah University Hospital,OTHER,,Air polishing with erythritol powder; Conventional treatment,DEVICE,2022-03-01,2022.0,Jordan
NCT06464653,Pallidothalamic Tracts Electrical Stimulation for Lennox-Gastaut Syndrome,ACTIVE_NOT_RECRUITING,NA,INTERVENTIONAL,Lennox Gastaut Syndrome,Liankun_Ren,OTHER,,Forel's Field H-DBS ON,DEVICE,2024-05-01,2024.0,China
NCT02329028,Feasibility of Mini-EEG in the Prehospital Setting,COMPLETED,NA,OBSERVATIONAL,Epilepsy; Coma,Helsinki University Central Hospital,OTHER,,Prehospital mini-EEG,DEVICE,2015-01,2015.0,Finland
NCT06093490,Detecting Absence Seizures Using Hyperventilation and Eye Movement Recordings,COMPLETED,NA,OBSERVATIONAL,"Absence Epilepsy, Childhood; Absence Seizures; Absence Epilepsy; Epilepsy in Children; Staring; Seizures","Eysz, Inc.",INDUSTRY,National Institute of Neurological Disorders and Stroke (NINDS),Eysz Hyperventilation Recorder,DEVICE,2023-12-01,2023.0,United States
NCT06545643,Sleep-Sensitive Seizure Risk Assessment With Wearable EEGs,RECRUITING,NA,INTERVENTIONAL,Epilepsy Intractable,Duke University,OTHER,,Dreem headband,DEVICE,2025-05-01,2025.0,United States
NCT00610558,Neocortical Epilepsies - Do They Progress?,COMPLETED,NA,INTERVENTIONAL,Epilepsy,"University of California, Irvine",OTHER,,Arm 1: Juvenile Myoclonic Epilepsy; Arm 2: Frontal Lobe Epilepsy; Arm 3: Normal Controls,DEVICE,2003-07,2003.0,United States
NCT01612689,3-Dimensional Accelerometer Sub-Study,COMPLETED,NA,INTERVENTIONAL,Epilepsy,"Cyberonics, Inc.",INDUSTRY,,Accelerometer Device,DEVICE,2012-05,2012.0,United States
NCT05993117,Rechargeable Implantable Vagus Nerve Stimulation System for Drug-Refractory Epilepsy,UNKNOWN,NA,INTERVENTIONAL,Drug-Refractory Epilepsy,"Beijing Pins Medical Co., Ltd",INDUSTRY,Peking University First Hospital; Beijing Tiantan Hospital,G114R VNS system,DEVICE,2021-09-01,2021.0,China
NCT04569071,Clinical Trial of MgLiTT for Medical Refractory Epilepsy,UNKNOWN,NA,INTERVENTIONAL,Epilepsy,Beijing Tiantan Hospital,OTHER,"Xuanwu Hospital, Beijing; Peking Union Medical College Hospital; Chinese PLA General Hospital; Peking University International Hospital",Sinovation Laser Ablation System,DEVICE,2020-08-08,2020.0,China
NCT01378611,Does VNS Interact With the Serotonergic and Immune System in Children With Intractable Epilepsy?,UNKNOWN,"PHASE2,PHASE3",INTERVENTIONAL,Refractory Epilepsy in Children,Epilepsiecentrum Kempenhaeghe,INDUSTRY,Maastricht University Medical Center,"Vagus Nerve Stimulator: Neurocybernetic prothesis NCP, Cyberonics Inc., Webster, TX, USA",DEVICE,2006-03,2006.0,Netherlands
NCT06092125,Clinical Applicantion of Multi-Tracer PET/MR Imaging in Neurological Disorders/Disease,RECRUITING,NA,OBSERVATIONAL,Alzheimer Disease; Parkinson Disease; Epilepsy; Malignant Brain Tumor,"Xuanwu Hospital, Beijing",OTHER,"Peking University Cancer Hospital & Institute; Shanghai Zhongshan Hospital; Wuhan TongJi Hospital; Henan Provincial People's Hospital; Sun Yat-sen University; Shanghai East Hospital of Tongji University; The First Affiliated Hospital with Nanjing Medical University; Shenzhen Institutes of Advanced Technology ,Chinese Academy of Sciences; Shanghai Jiao Tong University School of Medicine",PET/MR,DEVICE,2022-10-01,2022.0,China
NCT03313362,Detecting PNES With Single-channel sEMG,UNKNOWN,NA,INTERVENTIONAL,"Epilepsy, Motor Partial; Psychogenic Seizures",Brain Sentinel,OTHER,,SPEAC System; video EEG,DEVICE,2017-11-03,2017.0,United States
NCT03054961,Cerebral Oxygen Saturation and Cytochrome Oxidase REDOX State in Children With Epilepsy: A Pilot Study,COMPLETED,NA,OBSERVATIONAL,"Epilepsies, Partial",Medical College of Wisconsin,OTHER,Marquette University,Near-infrared spectroscopy,DEVICE,2017-02-10,2017.0,United States
NCT01090934,Localizing the Epileptogenic Zone With High Resolution Electroencephalography,COMPLETED,NA,INTERVENTIONAL,Partial Epilepsy,"Central Hospital, Nancy, France",OTHER,"University Hospital, Marseille; CHU de Reims; Centre National de la Recherche Scientifique, France; Institut National de la Santé Et de la Recherche Médicale, France",High Resolution EEG; Stereo-electroencephalography,DEVICE,2009-10,2009.0,France
NCT02090569,High Resolution Imaging of Cerebral Vasculature by Functional Micro-Doppler Sonography During Brain Surgery,TERMINATED,NA,INTERVENTIONAL,Partial Drug-resistant Epilepsy,Centre Hospitalier St Anne,OTHER,Fondation de l'Avenir; Fondation pour les Sciences du Cerveau; Association NEUROREFS,Functional micro-Doppler Sonography (fmDS),DEVICE,2014-04-07,2014.0,France
NCT03206502,Embrace: Seizure Characterization,UNKNOWN,NA,INTERVENTIONAL,Epilepsy,"Empatica, Inc.",INDUSTRY,,Embrace + Alert App,DEVICE,2016-05,2016.0,
NCT03050931,Electrical Impedance Tomography of Epilepsy,ACTIVE_NOT_RECRUITING,NA,OBSERVATIONAL,Epilepsy,"University College, London",OTHER,University College London Hospitals,Electrical Impedance Tomography,DEVICE,2017-05-30,2017.0,United Kingdom
NCT06716866,Temporally Interfering Electric Field Stimulation in the Treatment of Epilepsy,ENROLLING_BY_INVITATION,NA,INTERVENTIONAL,Epilepsy,"University of California, Davis",OTHER,"Emory University; St. Anne's University Hospital Brno, Czech Republic; Semmelweis University; HÃ´pital de la Timone (MARSEILLE)",temporally-interfering electric field stimulation,DEVICE,2019-01-16,2019.0,Czechia; United States
NCT06863350,Percutaneous Repair for Drug - Resistant Epilepsy by Intervention of Closing the Patent Foramen Ovale（PREDICT-PFO Trial）,RECRUITING,NA,INTERVENTIONAL,Epilepsy (treatment Refractory),Sichuan University,OTHER,,patent foramen ovale closure,DEVICE,2025-02-28,2025.0,China
NCT01563627,"Serum Profile of Inflammatory Factors, Immune and Angiogenic in Temporal Lobe Epilepsy",COMPLETED,NA,INTERVENTIONAL,Epilepsy,"University Hospital, Montpellier",OTHER,,blood sampling for drug resistance biomarkers; Magnetic Resonance Imaging,"DEVICE,OTHER",2011-10,2011.0,France
NCT06340802,A First in hUman Study for Resistant Epilepsy With the Vagus Nerve stimulatiOn Device by syneRgia medicAl,ACTIVE_NOT_RECRUITING,NA,INTERVENTIONAL,Drug Resistant Epilepsy,Synergia Medical,INDUSTRY,,VNS Treatment,DEVICE,2024-08-06,2024.0,Belgium; Germany
NCT06315829,Artificial Intelligence-based Video Analysis to Detect Infantile Spasms,COMPLETED,NA,OBSERVATIONAL,Infantile Spasms,Johns Hopkins University,OTHER,,Spasm Vision,DEVICE,2024-08-26,2024.0,United States
NCT00101933,SANTE - Stimulation of the Anterior Nucleus of the Thalamus for Epilepsy,COMPLETED,PHASE3,INTERVENTIONAL,Epilepsy,MedtronicNeuro,INDUSTRY,,Medtronic DBS Therapy for epilepsy; Medtronic DBS Therapy for epilepsy,DEVICE,2003-12,2003.0,
NCT07012148,Optimizing Therapy in Epilepsy Using Seizure Forecasts Via EEG and Wearables,RECRUITING,NA,INTERVENTIONAL,Focal Epilepsy; Generalized Seizure; Drug Refractory Epilepsy,Mayo Clinic,OTHER,National Institute of Neurological Disorders and Stroke (NINDS),UNEEG SubQ device,DEVICE,2026-01-20,2026.0,United States
NCT07353918,Low-Intensity Focused Ultrasound Neuromodulation for Epilepsy,ENROLLING_BY_INVITATION,NA,INTERVENTIONAL,Epilepsy (Treatment Refractory); Epilepsy Comorbidities,Carilion Clinic,OTHER,,Low-intensity Focused Ultrasound; Sham,DEVICE,2025-10-13,2025.0,United States
NCT06241963,High Definition Transcranial Direct Current Stimulation (HD-tDCS) for Refractory Epilepsy,UNKNOWN,NA,INTERVENTIONAL,Transcranial Direct Current Stimulation; EEG; Functional Magnetic Resonance Imaging; Refractory Epilepsy; Transcranial Magnetic Stimulation,Anhui Medical University,OTHER,,Active Comparator: Unilateral real High definition transcranial direct current stimulation; Active Comparator: Bilateral real High definition transcranial direct current stimulation; Sham Comparator: Sham High definition transcranial direct current stimulation,DEVICE,2024-02-12,2024.0,China
NCT05809349,The Mechanism of cTBS Targeting Dentate Nucleus for DRE,COMPLETED,NA,INTERVENTIONAL,Transcranial Magnetic Stimulation; Drug Resistant Epilepsy; Cerebellum,Xijing Hospital,OTHER,,transcranial magnetic stimulation,DEVICE,2023-04-01,2023.0,China
NCT07684352,Slow Oscillatory Transcranial Direct Current Stimulation for Refractory Focal Epilepsy,COMPLETED,NA,INTERVENTIONAL,Refractory Focal Epilepsy,The First Hospital of Hebei Medical University,OTHER,,Slow-oscillatory transcranial direct current stimulation (so-tDCS),DEVICE,2024-01-13,2024.0,China
NCT05600738,Network Effects of Therapeutic Deep Brain Stimulation,RECRUITING,NA,INTERVENTIONAL,Intractable Epilepsy,"The University of Texas Health Science Center, Houston",OTHER,,RNS/DBS activation,DEVICE,2022-08-26,2022.0,United States
NCT03484598,Clinical Utility of the SPEAC® System: A Case Series,UNKNOWN,NA,INTERVENTIONAL,Epilepsy,Brain Sentinel,OTHER,,SPEAC System,DEVICE,2018-09-01,2018.0,United States
NCT03955432,Long-term Cardiac Monitoring in Epilepsy,TERMINATED,NA,INTERVENTIONAL,Focal Epilepsy; Intractable Epilepsy; Epileptic Encephalopathy; Lennox Gastaut Syndrome; Symptomatic Epilepsy; Generalized Epilepsy,Northwell Health,OTHER,Medtronic,Reveal LINQ ICM System,DEVICE,2019-03-19,2019.0,United States
NCT04999046,NaviFUS™ System Neuromodulating Treatment for Patients With Drug Resistant Epilepsy,COMPLETED,NA,INTERVENTIONAL,Drug Resistant Epilepsy; Seizure; Seizure Disorder; Epilepsy,NaviFUS Corporation,INDUSTRY,,NaviFUS System,DEVICE,2021-10-07,2021.0,Taiwan
NCT05250713,Evaluation of Direct Effects of Electric Fields on Brain,COMPLETED,NA,INTERVENTIONAL,Epilepsy,Assistance Publique Hopitaux De Marseille,OTHER,,Transcranial stimulation,DEVICE,2022-04-26,2022.0,France
NCT07225231,Clinical Utility of Reduced EEG Home Monitoring in Fenfluramine Titration for Dravet and LGS,NOT_YET_RECRUITING,NA,INTERVENTIONAL,Dravet Syndrome (DS); Lennox Gastaut Syndrome (LGS),Byteflies,INDUSTRY,UCB Pharma,Byteflies Remote patient monitoring solution (with reduced EEG),DEVICE,2025-12-15,2025.0,
NCT04441008,Accelerated iTBS for Depression and Suicidality,NOT_YET_RECRUITING,NA,INTERVENTIONAL,Major Depressive Disorder; Suicide,University of Iowa,OTHER,,Accelerated Intermittent Theta Burst (aiTBS); Electroconvulsive therapy (ECT),DEVICE,2026-12,2026.0,
NCT05380921,Testing a Novel Dry Electrode Headset for Electroencephalography Telehealth,ENROLLING_BY_INVITATION,NA,INTERVENTIONAL,Epilepsy,VA Office of Research and Development,FED,,standard EEG; dry electrode EEG,DEVICE,2022-10-01,2022.0,United States
NCT01910129,Neurostimulation to the Vagus Nerve for the Reduction in Frequency of Seizures Associated With Epilepsy,TERMINATED,NA,INTERVENTIONAL,Seizure,ElectroCore INC,INDUSTRY,,gammaCore,DEVICE,2013-07,2013.0,Australia
NCT05254730,"Using Micro-filaments to Detect ""fast Ripples"" and Improve the Identification of the Epileptogenic Zone",RECRUITING,NA,INTERVENTIONAL,"Epilepsy, Refractory",Adrien Peyrache,OTHER,,macro-micro tetrodes for intracranial recording,DEVICE,2023-09-01,2023.0,Canada
NCT03741192,Impact of SPEAC® System Data on Therapeutic Decisions Related to Convulsive Seizure Patient's Refractory to AEDs,UNKNOWN,NA,INTERVENTIONAL,Epilepsy Intractable,Brain Sentinel,OTHER,,SPEAC System,DEVICE,2020-01,2020.0,
NCT05635396,Seizures Detection in Real Life Setting,UNKNOWN,NA,INTERVENTIONAL,Epilepsy; Seizure; Focal Epilepsy,Reliev Technologies,INDUSTRY,,"Wearable, non invasive sensor for seizure detection",DEVICE,2022-12-15,2022.0,
NCT03745118,"Development of a Practical, Minimally Invasive Seizure Gauge",COMPLETED,NA,INTERVENTIONAL,Epilepsy,Mayo Clinic,OTHER,,EpiTel EpiLog; Byte Flies Sensor Dots; Empatica E4; Biovotion Everion; GeneActiv,DEVICE,2018-11-19,2018.0,United States
NCT03741205,Impact of SPEAC® System Data on Therapeutic Decisions Related to Convulsive Seizure Patients With a Recent Non-diagnostic EMU Visit,UNKNOWN,NA,INTERVENTIONAL,Epilepsy,Brain Sentinel,OTHER,,SPEAC System,DEVICE,2020-07-01,2020.0,
NCT04284072,Clinical Scenarios for Long-term Monitoring of Epileptic Seizures With a Wearable Biopotential Technology,COMPLETED,NA,INTERVENTIONAL,Epilepsy,Universitaire Ziekenhuizen KU Leuven,OTHER,Freiburg University; King's College London; Oxford University Hospitals NHS Trust; University of Coimbra; Karolinska Institutet; RWTH Aachen University; UCB Pharma; Byteflies; Helpilepsy,Sensor Dot,DEVICE,2020-06-22,2020.0,Belgium; Germany; Portugal; Sweden; United Kingdom
NCT04642105,Sensor-Dot and Plug 'n Patch Study in Epilepsy,COMPLETED,NA,INTERVENTIONAL,Epilepsy,Universitaire Ziekenhuizen KU Leuven,OTHER,Byteflies,Sensor-Dot and Plug 'n Patch system,DEVICE,2021-03-01,2021.0,Belgium
NCT02385526,Vagus Nerve Stimulation Titration Protocol to Improve Tolerance and Accelerate Adaptation,COMPLETED,NA,OBSERVATIONAL,Epilepsy; Seizures,"Cyberonics, Inc.",INDUSTRY,,Vagus Nerve Stimulation Therapy,DEVICE,2015-04-28,2015.0,United States
NCT05673915,Study of Transcranial Direct Current Stimulation to Treat Epilepsy,RECRUITING,NA,INTERVENTIONAL,Focal Epilepsy; Generalized Onset Epilepsy; Sleep-related Epileptic Encephalopathy,Mayo Clinic,OTHER,,ActivaDose II 0.1 mA transcranial direct current stimulation (tDCS); ActivaDose II 2.0 mA transcranial direct current stimulation (tDCS),DEVICE,2023-04-12,2023.0,United States
NCT03268824,Impact of Epileptic Discharge on the Structural Connectivity of the Developing Brain,RECRUITING,NA,OBSERVATIONAL,"Epilepsies, Focal; Pediatrics; Drug Resistant Epilepsy",Fondation Ophtalmologique Adolphe de Rothschild,NETWORK,,Electroencephalogram (EEG); Diffusion Tensor imaging; Language assessment,"DEVICE,OTHER",2017-12-19,2017.0,France
NCT04505852,Implementing Artificial-intelligence Wristbands to Help in Recording Seizures,UNKNOWN,NA,INTERVENTIONAL,Epilepsy,Taichung Veterans General Hospital,OTHER,,Embrace,DEVICE,2020-03-05,2020.0,Taiwan
NCT02635633,"Continuous Thetaburst Stimulation for the Treatment of Refractory Epilepsy - Safety, Feasibility and Proof-of-concept",TERMINATED,NA,INTERVENTIONAL,"Epilepsies, Partial","University Hospital, Ghent",OTHER,,continuous thetaburst stimulation,DEVICE,2015-08,2015.0,Belgium
NCT05042726,cTBS Targeting Cerebellum for Drug-refractory Epilepsy,COMPLETED,NA,INTERVENTIONAL,Drug Refractory Epilepsy,Xijing Hospital,OTHER,,cTBS First; Pseudo-stimulation First,DEVICE,2021-08-02,2021.0,China
NCT06705439,A Study of Detection of Paroxysmal Events Utilizing Computer Vision and Machine Learning (USF),COMPLETED,NA,OBSERVATIONAL,Epilepsy,Neuro Event Labs Inc.,INDUSTRY,,Nelli,DEVICE,2024-11-15,2024.0,United States
NCT07725601,VNS Algorithm for Advanced Dosing,RECRUITING,NA,INTERVENTIONAL,Epilepsies,Fernando Vale,OTHER,Augusta University,Rapid Titration VNS programming; Standard VNS programming,DEVICE,2025-08-01,2025.0,United States
NCT02976545,Emotional Lived in Patients Suffering From Psychogenic Nonepileptic Seizures : Study by Functional Magnetic Resonance Imaging,COMPLETED,NA,INTERVENTIONAL,Psychogenic Non-epileptic Seizures,"Central Hospital, Nancy, France",OTHER,,fMRI (functional Magnetic Resonance Imaging); psychiatric evaluation,"BEHAVIORAL,DEVICE",2017-10-03,2017.0,France
NCT06682299,Maintenance TMS in Treatment Resistant Depression,TERMINATED,NA,INTERVENTIONAL,Treatment Resistant Depression (TRD),Austin Messner,OTHER,,Transmagnetic Stimulation; Electroconvulsive Therapy,DEVICE,2025-04-17,2025.0,United States
NCT02899832,A Study of Hemodynamic Changes Using Near Infra-red Spectrometry (NIRS) in Infantile Epilepsy Spasms,COMPLETED,NA,OBSERVATIONAL,Epilepsy,"Centre Hospitalier Universitaire, Amiens",OTHER,,NIRS,DEVICE,2013-02-21,2013.0,France
NCT02960347,Examining the Efficacy of tDCS in the Attenuation of Epileptic Paroxysmal Discharges and Clinical Seizures,COMPLETED,NA,INTERVENTIONAL,Ohtahara Syndrome,Herzog Hospital,OTHER,The City College of New York,"High-definition (HD) transcranial direct current stimulator, HD-tDCS with 4x1 HD adaptor",DEVICE,2016-02,2016.0,Israel
NCT05180916,Priming the Epileptic Brain: tVNS to Improve Efficacy of add-on AED in Patients With Focal Epilepsy,UNKNOWN,NA,INTERVENTIONAL,Focal Epilepsy,Eindhoven University of Technology,OTHER,Clinical Trial Center Maastricht B.V.,TVNS,DEVICE,2021-08-01,2021.0,Netherlands
NCT01630785,Neurophysiological Intraoperative or Epilepsy Monitoring,UNKNOWN,NA,OBSERVATIONAL,Patients Operated on at the Neurosurgery Department,University of Zurich,OTHER,,Intraoperative Neurophysiological Monitoring IONM,DEVICE,2012-01,2012.0,Switzerland
NCT00001554,Infrared Camera for Brain Mapping During Surgery,COMPLETED,PHASE1,INTERVENTIONAL,Epilepsy; Neurologic Manifestations,National Institute of Neurological Disorders and Stroke (NINDS),NIH,,intraoperative infrared (IR) neuroimaging,DEVICE,1996-06,1996.0,United States
NCT03062514,Trial to Evaluate the Safety and Effectiveness of Vagus Nerve Stimulation for Children With Refractory Epilepsy,UNKNOWN,NA,INTERVENTIONAL,Refractory Epilepsy,"Beijing Pins Medical Co., Ltd",INDUSTRY,,PINS Vagus Nerve Stimualtor,DEVICE,2017-10-09,2017.0,China
NCT04376671,Quantitative EEG Markers in Mild Cognitive Impairment in Epilepsy,COMPLETED,NA,OBSERVATIONAL,Epilepsy,Mansoura University Hospital,OTHER,,Electroencephalography,DEVICE,2019-03-01,2019.0,Egypt
NCT06366009,Assessment of Patients With Drug-resistant Temporal Lobe Epilepsy With EEG Extended With Intra-auricular Electrodes,UNKNOWN,NA,OBSERVATIONAL,Epilepsy; Focal Epilepsy; Drug Resistant Epilepsy,Przemyslaw Kunert,INDUSTRY,NaoX Technologies; Warsaw Medical University Clinical Center; Departments and Clinics of Emergency Medicine of the Medical University of Gdańsk,NaoX in-ear EEG system,DEVICE,2024-04-08,2024.0,Poland
NCT02339376,Treating Deep Seizure Foci With Noninvasive Surface Brain Stimulation,COMPLETED,NA,INTERVENTIONAL,"Epilepsy, Temporal Lobe",Beth Israel Deaconess Medical Center,OTHER,,Low-frequency repetitive transcranial magnetic stimulation; High-frequency repetitive transcranial magnetic stimulation; Sham repetitive transcranial magnetic stimulation,DEVICE,2015-01,2015.0,United States
NCT02378792,Clinical Trial of Vagus Nerve Stimulation for Treatment of Refractory Epilepsy,UNKNOWN,EARLY_PHASE1,INTERVENTIONAL,Refractory Epilepsy,"Beijing Pins Medical Co., Ltd",INDUSTRY,Beijing Tiantan Hospital,Vagus Nerve Stimulation,DEVICE,2014-08,2014.0,China
NCT03013348,Automated Identification of Psychogenic Nonepileptic Seizures,UNKNOWN,NA,OBSERVATIONAL,"Convulsion, Non-Epileptic",Brain Sentinel,OTHER,,Brain Sentinel's sEMG Post-processing algorithm,DEVICE,2017-01,2017.0,
NCT07520955,Lily's Grace Temporal Interference,NOT_YET_RECRUITING,NA,INTERVENTIONAL,Epilepsy,"University of Wisconsin, Madison",OTHER,Lily's Fund for Epilepsy Research,TES-TI; Sham Stimulation; Structural and Functional MRI,"DEVICE,OTHER",2026-08,2026.0,United States
NCT05437393,Children's Adaptive Deep Brain Stimulation for Epilepsy Trial (CADET): Pilot,COMPLETED,NA,INTERVENTIONAL,"Epilepsy; Lennox-Gastaut Syndrome, Intractable","University College, London",OTHER,Great Ormond Street Hospital for Children NHS Foundation Trust; King's College Hospital NHS Trust; University of Oxford; King's College London,Deep brain stimulation,DEVICE,2023-06-02,2023.0,United Kingdom
NCT05018338,Brain-Shift Monitoring Using 3D Scanning,TERMINATED,NA,OBSERVATIONAL,Craniotomy for Epilepsy and Malignant Tumor Removal,Advanced Scanners Inc.,INDUSTRY,,Brain shift monitoring,DEVICE,2020-02-28,2020.0,United States
NCT02796924,Treating Non-epileptic Seizures Using Magnetic Brain Stimulation,COMPLETED,NA,INTERVENTIONAL,Nonepileptic Seizures,University of Manitoba,OTHER,,MagStim Rapid2 Transcranial Magnetic Simulation,DEVICE,2016-06,2016.0,
NCT03169751,An Exploratory Trial Using sEMG to Differentiate PNES From Epileptic Seizures,UNKNOWN,NA,OBSERVATIONAL,Non-Epileptic Seizure; Motor Seizure; Epilepsy,Brain Sentinel,OTHER,,Brain Sentinel Monitoring and Alerting System,DEVICE,2017-09-01,2017.0,Austria
NCT06352372,Safety and Efficacy of tPBM for Epileptiform Activity in Autism,COMPLETED,PHASE2,INTERVENTIONAL,Autism Spectrum Disorder; EEG With Periodic Abnormalities; Epilepsy; Neurodevelopmental Disorders; Neurological Disorder,Richard Frye,OTHER,,noninvasively delivered near infra-red (NIR) light - transcranial Photobiomodulation (tPBM),DEVICE,2024-07-01,2024.0,United States
NCT01745952,Treatment of Difficult to Control Focal Epilepsy With Repetitive Transcranial Magnetic Stimulation (rTMS),COMPLETED,NA,INTERVENTIONAL,"Epilepsies, Partial",Universitaire Ziekenhuizen KU Leuven,OTHER,,figure-of-eight active rTMS coil; round active rTMS coil; sham rTMS coil (figure-of-eight),DEVICE,2012-11,2012.0,Belgium
NCT00215215,Effectiveness Study Comparing Treatment With Drug(s) or Adjunctive VNS Therapy for Pharmacoresistant Partial Seizures,TERMINATED,PHASE4,INTERVENTIONAL,"Epilepsies, Partial","Cyberonics, Inc.",INDUSTRY,,Vagus Nerve Stimulation Therapy,DEVICE,2005-02,2005.0,United States
NCT02562885,Effect of Auditory Stimulation on Spike Waves in Sleep,COMPLETED,NA,INTERVENTIONAL,Epilepsy; Sleep,"University Children's Hospital, Zurich",OTHER,,Acoustic pulses,DEVICE,2015-10,2015.0,Switzerland
NCT05664854,Electrical Impedance Tomography & Selective Stimulation of Vagus Nerve,RECRUITING,NA,INTERVENTIONAL,Vagus Nerve Diseases; Epilepsy; Vagus Nerve Autonomic Disorder,"University College, London",OTHER,National Institutes of Health (NIH),Nerve cuff electrodes for spatially selective vagus nerve stimulation and electrical impedance tomography,DEVICE,2023-12-04,2023.0,United Kingdom
NCT01178437,Transcutaneous Non-invasive Stimulation of the Vagus Nerve for the Treatment of Difficult-to-treat Epilepsy,COMPLETED,NA,INTERVENTIONAL,Epilepsy,cerbomed GmbH,INDUSTRY,,T-VNS® Stimulator cM02 (Transcutaneous Stimulation of the Vagus Nerve),DEVICE,2009-08,2009.0,Germany
NCT06028945,Evaluating the Impact of Virtual Reality Exposure Therapy on Epilepsy/Seizure-Specific Interictal Anxiety,COMPLETED,NA,INTERVENTIONAL,Epilepsy; Anxiety Disorders,"University Health Network, Toronto",OTHER,,HMD: Virtual Reality Exposure Therapy; HMD: Neutral Game,DEVICE,2024-05-24,2024.0,Canada
NCT03368469,Transcranial Direct Current Stimulation (tDCS) in Children and Adolescents With Epilepsy and Depression,WITHDRAWN,NA,INTERVENTIONAL,Depressive Disorder; Generalized Epilepsy,Mayo Clinic,OTHER,,transcranial direct current stimulation,DEVICE,2018-02-23,2018.0,United States
NCT03446664,Microburst Vagus Nerve Stimulator (VNS) Therapy Feasibility Study,COMPLETED,NA,INTERVENTIONAL,"Epilepsies, Partial; Epilepsy, Tonic-Clonic",LivaNova,INDUSTRY,,Microburst Stimulation,DEVICE,2018-02-27,2018.0,Belgium; United States
NCT02819427,Concomitant High-resolution Recording of Haemodynamic and Electrical Activities of Children With Typical or Atypical Absence Seizures,COMPLETED,NA,OBSERVATIONAL,Epilepsy,"Centre Hospitalier Universitaire, Amiens",OTHER,,Near Infra Red Spectroscopy (NIRS); Electroencephalography (EEG),DEVICE,2013-04-03,2013.0,France
NCT04526418,Evaluation of the 24/7 EEG SubQ System for Ultra Long-Term Recording of Patients With Epilepsy Involving the Temporal Lobe Region.,TERMINATED,NA,INTERVENTIONAL,Epilepsy,UNEEG Medical A/S,INDUSTRY,,24/7 EEG™ SubQ system,DEVICE,2021-04-21,2021.0,Belgium; Germany; United States
NCT03207685,Generalized Seizure Detection And Alerting In The EMU With The Empatica Embrace Watch And Smartphone-Based Alert System,UNKNOWN,NA,INTERVENTIONAL,Epilepsy,"Empatica, Inc.",INDUSTRY,,Additional Seizure Monitoring,DEVICE,2017-06-30,2017.0,Italy; United States
NCT07680842,Non-Invasive Low Intensity Focused Ultrasound Stimulation for Drug-Resistant Epilepsy,RECRUITING,NA,INTERVENTIONAL,"Drug-Resistant Epilepsy; Epilepsy; Epilepsy (Treatment Refractory); Epilepsy Comorbidities; Epilepsy, Drug Resistant; Epilepsy, Generalized; Epilepsy, Focal","University of California, San Francisco",OTHER,Attune Neurosciences Inc,Target optimization using LIFU; Serial LIFU stimulation,DEVICE,2025-07-09,2025.0,United States
NCT03698838,Myelin Imaging Changes In Patients With Neurosurgical Diseases,TERMINATED,NA,OBSERVATIONAL,Hydrocephalus in Children; Epilepsy; Craniosynostoses; Traumatic Brain Injury,Memorial Healthcare System,OTHER,,McDESPOT,DEVICE,2019-02-12,2019.0,United States
NCT03583957,A Wireless EEG Patch for Continuous Electrographic Monitoring,UNKNOWN,NA,INTERVENTIONAL,Epilepsy,"Epitel, Inc.",INDUSTRY,"Boston Children's Hospital; National Institute of Neurological Disorders and Stroke (NINDS); NYU Langone Health; University of Colorado, Denver",Observational only; Psychological and Behavioral interaction with a seizure forecasting mobile app; Seizure Alerting and Prediction System,"BEHAVIORAL,COMBINATION_PRODUCT,DEVICE",2018-05-08,2018.0,United States
NCT03233399,Modulating Movement Intention Via Cortical Stimulation,RECRUITING,NA,INTERVENTIONAL,Seizures; Seizure Disorder; Psychogenic Movement Disorder,NYU Langone Health,OTHER,,Sham TMS3 stimulation; rTMS of left or right angular gyrus (AG) or frontal cortex (FC); Anodal tDCS of left or right AG or FC,DEVICE,2017-07-20,2017.0,United States
NCT03200769,Study of the Efficacy of the Treatment of Sleep Apnea Syndrome by CPAP in Pharmacoresistant Epilepsy,COMPLETED,NA,INTERVENTIONAL,"Sleep Apnea Syndromes; Epilepsies, Partial","University Hospital, Lille",OTHER,,CPAP active; CPAP placebo,DEVICE,2014-07-21,2014.0,France
NCT02757547,Transcranial Magnetic Stimulation for Epilepsy,TERMINATED,NA,INTERVENTIONAL,Epilepsy,"Electrical Geodesics, Inc.",INDUSTRY,Stanford University,Transcranial magnetic stimulation - Placebo Arm; Transcranial magnetic stimulation - Active Arm,DEVICE,2015-09,2015.0,
NCT03868293,Low Intensity Focused Ultrasound Epilepsy: A Pilot Trial,RECRUITING,NA,INTERVENTIONAL,Drug Resistant Epilepsy,Brigham and Women's Hospital,OTHER,,Focused ultrasound,DEVICE,2019-02-07,2019.0,United States
NCT06408428,Glioma Intraoperative MicroElectroCorticoGraphy,NOT_YET_RECRUITING,NA,INTERVENTIONAL,Glioma; Epilepsy,"Institut National de la Santé Et de la Recherche Médicale, France",OTHER_GOV,PANAXIUM,PANAXIUM MicroECoG,DEVICE,2025-09,2025.0,France
NCT04615637,Helium 4 Optically Pumped Magnetometers : a New Generation of Sensors for High Speed Functional Brain Imaging,UNKNOWN,NA,INTERVENTIONAL,Normal Subject; Patient With Pharmaco-resistant Epilepsy,Hospices Civils de Lyon,OTHER,,MEG recordings,DEVICE,2021-03-01,2021.0,France
NCT06292299,The PARS Study: Paediatric Advanced Respiratory Service Study - An Observational Diagnostic Feasibility Study,RECRUITING,NA,OBSERVATIONAL,Sleep Disordered Breathing; Apnea of Prematurity; Respiratory Rate; Sudden Unexpected Death in Epilepsy,NHS Greater Clyde and Glasgow,OTHER,INNOVATEUK,Pneumowave,DEVICE,2024-03-01,2024.0,United Kingdom
NCT05627661,Wearable Devices to Monitor Seizures in Autoimmune Epilepsy,COMPLETED,NA,INTERVENTIONAL,Autoimmune Epilepsy; Healthy,Mayo Clinic,OTHER,,Biosensor,DEVICE,2022-10-27,2022.0,United States
NCT07519018,TIS for Drug Resistant TLE,NOT_YET_RECRUITING,NA,INTERVENTIONAL,Epilepsy,Xijing Hospital,OTHER,,TI Stimulation,DEVICE,2026-04-15,2026.0,
NCT00126035,"Study With Migraid Device in Acute, Early Treatment of Migraine With Typical Aura",COMPLETED,NA,INTERVENTIONAL,Migraine With Typical Aura,Profess Medical Consultancy,OTHER,,Migraid,DEVICE,2004-02,2004.0,Netherlands
NCT03857074,Effects of Green Light Exposure on Epileptic Spikes in Patients With Refractory Epilepsy,UNKNOWN,NA,INTERVENTIONAL,Epilepsy; Epilepsy Intractable,Boston Children's Hospital,OTHER,,Green Light Exposure,DEVICE,2019-07-22,2019.0,United States
NCT01855178,Pediatric Seizure Movement Bed Alarm,COMPLETED,NA,OBSERVATIONAL,Seizures; Sleep; Epilepsy,Le Bonheur Children's Hospital,OTHER,,Emfit Movement Monitor,DEVICE,2010-10,2010.0,United States
NCT05951244,Cathodal Transcranial Direct Current Stimulation in Patients With Drug-resistant Focal Epilepsy,UNKNOWN,NA,INTERVENTIONAL,Drug Resistant Epilepsy,Koç University,OTHER,,Transcranial Direct Current Stimulation-TessaNova (Teknofil-Turkiye),DEVICE,2023-04-03,2023.0,Turkey (Türkiye)
NCT06252532,Causal Role of Top-Down Theta Oscillations in Prioritization,ENROLLING_BY_INVITATION,NA,INTERVENTIONAL,Working Memory; Epilepsy,"University of North Carolina, Chapel Hill",OTHER,National Institute of Mental Health (NIMH),Direct cortical stimulation (DCS) Alpha; Direct cortical stimulation (DCS) Theta; Sham Direct cortical stimulation (DCS); Direct cortical stimulation (DCS) In-Phase Theta; Direct cortical stimulation (DCS) Anti-Phase Theta,DEVICE,2024-07-01,2024.0,United States
NCT05085704,Brain Metabolism Observed at 3 Tesla or 7 Tesla in Health and Metabolic Disease,RECRUITING,NA,OBSERVATIONAL,"Glut1 Deficiency Syndrome 1; Glucose Metabolism Disorders; Epilepsy; Glut1 Deficiency Syndrome 1, Autosomal Recessive; Glucose Transporter Type 1 Deficiency Syndrome; Glucose Transporter Protein Type 1 Deficiency Syndrome; Glucose Transport Defect",Weill Medical College of Cornell University,OTHER,National Institute of Neurological Disorders and Stroke (NINDS),Magnetic resonance imaging,DEVICE,2022-05-03,2022.0,United States
NCT05256173,Clinical Study on the Effect of Improving Sleep Quality on Cognitive Function in Patients With Epilepsy,UNKNOWN,NA,INTERVENTIONAL,Epilepsy，Cognition,Xijing Hospital,OTHER,,Melatonin Tablets; Lactasin Tablets; transcutaneous vagus nerve stimulation; sham transcutaneous vagus nerve stimulation,"DEVICE,OTHER",2022-02-01,2022.0,China
NCT01159431,External Trigeminal Nerve Stimulation for Epilepsy,COMPLETED,PHASE2,INTERVENTIONAL,Epilepsy; Seizure Disorders,Olive View-UCLA Education & Research Institute,OTHER,Epilepsy Foundation; Boston Scientific Corporation,Trigeminal Nerve Stimulation,DEVICE,2008-01,2008.0,United States
NCT06546410,OASIS: RetrOspective Analysis on EEGs for Identifying Seizure Susceptibility in paediatrIcs Using biomarkerS,COMPLETED,NA,OBSERVATIONAL,Epilepsy; Epilepsy in Children,Neuronostics Ltd,INDUSTRY,,BioEP,DEVICE,2025-01-01,2025.0,United Kingdom
NCT05845255,"Evaluation of the Epilepsy-related Quality of Life, Seizure-related Accidents and Validation of the Mjn-SERAS Solution in the Normalised Patient Environment with Real-World Data",RECRUITING,NA,OBSERVATIONAL,Quality of Life; Epilepsy (treatment Refractory),"MJN Neuroserveis, S.L",INDUSTRY,"Clinica Universidad de Navarra, Universidad de Navarra; Oxford University Hospitals NHS Trust; Diakonie Kork; Clínica Corachan",mjn-SERAS,DEVICE,2023-05-01,2023.0,Germany; Spain; United Kingdom
NCT03417297,A Pilot Study: Focused Ultrasound Thalamotomy for the Prevention of Secondary Generalization in Focal Onset Epilepsy,ACTIVE_NOT_RECRUITING,NA,INTERVENTIONAL,Partial Seizures With Secondary Generalization; Focal Epilepsy With Secondary Generalization,"University of North Carolina, Chapel Hill",OTHER,Focused Ultrasound Foundation,High Intensity Focused Ultrasound,DEVICE,2018-04-24,2018.0,United States
NCT06027749,Impact of Capturing Ictal Events With Ultra-long-term Ambulatory EEG Monitoring With Remote EEG Monitoring System.,RECRUITING,NA,INTERVENTIONAL,Epilepsy; Seizures,"Epitel, Inc.",INDUSTRY,,Epitel's™ Remote EEG Monitoring System's (REMI™),DEVICE,2023-10-13,2023.0,United States
NCT02004340,Transcutaneous Auricular Vagus Nerve Stimulation for Pediatric Epilepsy,UNKNOWN,NA,INTERVENTIONAL,Epilepsy,China Academy of Chinese Medical Sciences,OTHER,Beijing Tiantan Hospital; Beijing Children's Hospital,ear vagus nerve stimulator,DEVICE,2013-11,2013.0,China
NCT02359188,"Transcutaneous Vagal Nerve Stimulation: Influence on miRNA, Inflammation, Cerebral Resting State and Gastric Motility",COMPLETED,"PHASE1,PHASE2",INTERVENTIONAL,Epilepsy,Philipps University Marburg,OTHER,European Commission,Transcutaneous vagal nerve stimulation,DEVICE,2016-08,2016.0,Germany
NCT06143241,Cognitive Function and Glymphatic System in Children with Epilepsy,COMPLETED,NA,INTERVENTIONAL,"Epilepsy; Cognitive Dysfunction; Seizure, Epileptic",Ege University,OTHER,,Threshold IMT; Antiepileptic medication,"DEVICE,DRUG",2024-03-01,2024.0,Turkey (Türkiye)
NCT06681480,Transcranial Magnetic Stimulation (rTMS) for Refractory Focal Epilepsy,ACTIVE_NOT_RECRUITING,NA,INTERVENTIONAL,Focal Epilepsy; Transcranial Magnetis Stimulation,Comenius University,OTHER,,figure-of-eight active rTMS coil device; figure-of-eight sham rTMS coil device,DEVICE,2022-08-01,2022.0,Slovakia
NCT05257811,Earbud EEG Feasibility Study,COMPLETED,NA,OBSERVATIONAL,Epilepsy; Seizure; Sleep,"NextSense, Inc.",INDUSTRY,Emory University,NextSense EEG-enabled earbuds,DEVICE,2019-09-01,2019.0,United States
NCT06832813,Long Term Efficacy and Safety of TMS Targeting Cerebellum to Treat DRE,NOT_YET_RECRUITING,NA,INTERVENTIONAL,Drug-resistant Epilepsy; Transcranial Magnetic Stimulation,Xijing Hospital,OTHER,,cTBS,DEVICE,2025-03-28,2025.0,China
NCT04782869,Transcranial Direct Current Electrical Stimulation (tDCS) in Drug-resistant Epilepsy,COMPLETED,NA,INTERVENTIONAL,Epilepsy,Assistance Publique Hopitaux De Marseille,OTHER,,transcranial direct current stimulation,DEVICE,2021-03-15,2021.0,France
NCT05551403,Cortical Excitability and Treatment Response in People with Epilepsy,COMPLETED,NA,INTERVENTIONAL,Epilepsy,Stichting Epilepsie Instellingen Nederland,OTHER,Erasmus Medical Center,Eyes-closed rest-EEG registration; Transcranial Magnetic Stimulation during EEG and EMG registrations; Photic stimulation during eyes-closes EEG registration,DEVICE,2022-03-16,2022.0,Netherlands
NCT07434986,Overnight TI in TLE,NOT_YET_RECRUITING,NA,INTERVENTIONAL,Temporal Lobe Epilepsy (TLE); Drug Resistant Epilepsy; Sleep,Duke University,OTHER,"St. Anne's University Hospital Brno, Czech Republic",Non-invasive Temporal Interference (TI) Stimulation Targeting Bilateral Hippocampi,DEVICE,2026-06-01,2026.0,United States
NCT02555410,Seizure Detection and Warning System in Epilepsy Patients,COMPLETED,NA,OBSERVATIONAL,Epilepsy; Generalized Tonic-Clonic Seizures,Brain Sentinel,OTHER,,Brain Sentinel Seizure Detection and Warning System,DEVICE,2013-01,2013.0,United States
NCT07281222,Evaluation of the FYNA Research OPM MEG Device for Locating Epileptic Foci as Part of Pre-surgical Assessment of Epilepsy,NOT_YET_RECRUITING,NA,INTERVENTIONAL,Epilepsy,Hospices Civils de Lyon,OTHER,MAG4Health,MEG OPM; MEG SQUID,DEVICE,2026-09,2026.0,France
NCT04023851,Mobile Application of Seizure Diary (Brain4U) in Epilepsy Care,COMPLETED,NA,OBSERVATIONAL,Epilepsy,Seoul National University Hospital,OTHER,,Mobile application Brain4U,DEVICE,2019-04-12,2019.0,South Korea
NCT07220161,Trigeminal Nerve Stimulation of the Treatment of Epilepsy,ACTIVE_NOT_RECRUITING,NA,INTERVENTIONAL,Epilepsy (Treatment Refractory),Baylor College of Medicine,OTHER,Michael E. DeBakey VA Medical Center,Trigeminal nerve stimulation,DEVICE,2025-05-08,2025.0,United States
NCT02896608,Neuronal Excitability of HCN1 Channel Mutations in Dravet Syndrome,COMPLETED,NA,OBSERVATIONAL,Dravet Syndrome,Fondation Ophtalmologique Adolphe de Rothschild,NETWORK,,measure of neuronal excitability,DEVICE,2015-10-29,2015.0,France
NCT06388512,iMRI Prone Positioning Frame Design Feasibility Study,UNKNOWN,NA,INTERVENTIONAL,Epilepsy; Pulmonary Embolism,University of Kansas Medical Center,OTHER,Continuum Educational Technologies,prototype prone positioning device,DEVICE,2024-09-04,2024.0,United States
NCT06521437,Hippocampal Network Function in Epilepsy,ENROLLING_BY_INVITATION,NA,INTERVENTIONAL,Mesial Temporal Lobe Epilepsy,University of Chicago,OTHER,,TMS targeting the hippocampus indirectly via its network,DEVICE,2024-07-01,2024.0,United States
NCT04770337,Pivotal-Safety and Therapeutic Measures of tDCS in Patients With Refractory Focal Epilepsy,COMPLETED,NA,INTERVENTIONAL,"Refractory Epilepsy; Focal Seizure; Seizures, Focal; Seizures; Epilepsy in Children; Epilepsy; Epilepsy, Tonic-Clonic",Neuroelectrics Corporation,INDUSTRY,,STARSTIM device; Sham Device,DEVICE,2021-10-25,2021.0,Belgium; France; Spain; United States
NCT00382707,Transcranial Magnetic Stimulation and Anti-epileptic Effect: Optimization and Evaluation With Electrophysiology.,TERMINATED,NA,INTERVENTIONAL,Refractory Frontal Lobe Epilepsy,"University Hospital, Strasbourg, France",OTHER,,cortical magnetic stimulation provided by an eight-shaped coïl placed upon the skull.,DEVICE,2006-05,2006.0,France
NCT03831802,Embrace and Quality of Life,TERMINATED,NA,INTERVENTIONAL,"Epilepsy, Tonic-Clonic",Centre Hospitalier Universitaire Vaudois,OTHER,,Embrace with Alert and Mate apps; Embrace with Mate app only,DEVICE,2018-10-10,2018.0,Switzerland
NCT04694313,Evaluation of Optical Pumping Magnetometer Sensors for MagnetoEncephaloGraphy Imaging,COMPLETED,NA,INTERVENTIONAL,Epilepsy,Assistance Publique Hopitaux De Marseille,OTHER,,OPM,DEVICE,2021-02-18,2021.0,France
NCT03602378,QoL and Stress in Parents of Children With Developmental Disabilities and Chronic Disease,UNKNOWN,NA,OBSERVATIONAL,"Developmental Disability; Chronic Disease; Down Syndrome; Autism Spectrum Disorder; Pervasive Developmental Disorder; Cerebral Palsy; Diabetes Mellitus, Type 1; Epilepsy; Asthma; Stress","University of Split, School of Medicine",OTHER,General Hospital Zadar,salivary cortisol; Holter Medilog AR12 Plus; Polar V800; AGE reader,"DEVICE,DIAGNOSTIC_TEST",2018-04-02,2018.0,Croatia
NCT02107989,Noninvasive Pre-surgical Evaluation of Patients With Focal Epilepsy and Establishment of a Normative Imaging Database,RECRUITING,NA,OBSERVATIONAL,Epilepsy,National Institute of Neurological Disorders and Stroke (NINDS),NIH,,MRI; MEG,DEVICE,2014-03-11,2014.0,United States
NCT01476228,EEG Objectification in Neuropsychiatry,UNKNOWN,NA,INTERVENTIONAL,Personality Disorder; Depression; Neurodegeneration; Alzheimer's Disease; Epilepsy,Hadassah Medical Organization,OTHER,,EEG recording,DEVICE,2011-11,2011.0,Israel
NCT00772421,Stimulation of the Anterior Nucleus of the Thalamus for Epilepsy - Recruitment Stimulation of the Anterior Nucleus of the Thalamus for Epilepsy - Recruitment Rhythm,COMPLETED,NA,OBSERVATIONAL,Epilepsy,MedtronicNeuro,INDUSTRY,,There was no intervention.,DEVICE,2009-01,2009.0,
NCT05608408,PRIME: PReservIng Memory in Epilepsy,RECRUITING,NA,INTERVENTIONAL,Mesial Temporal Lobe Epilepsy,Nitin Tandon,OTHER,National Institute of Neurological Disorders and Stroke (NINDS),Low Frequency Stimulation (LFS) of site with the Medtronic Percept PC system; Standard of Care (SOC) High Frequency Stimulation of the Anterior Nucleus of the Thalamus (ANT) with the Medtronic Percept PC system,DEVICE,2023-11-16,2023.0,United States
NCT05159609,Closed Loop Auditory Stimulus in Sleep and epilepsY,COMPLETED,NA,INTERVENTIONAL,Temporal Lobe Epilepsy,Cardiff and Vale University Health Board,OTHER_GOV,,Closed loop auditory stimulus,DEVICE,2020-10-01,2020.0,United Kingdom
NCT06334952,Efficacy of Personnalized Transcranial Direct Current Electrical Stimulation (tDCS) in Drug-resistant Epileptic,RECRUITING,NA,INTERVENTIONAL,Epilepsy; Drug Resistant Epilepsy,Assistance Publique Hopitaux De Marseille,OTHER,"CRMBM-CEMEREM; Institut National de la Santé Et de la Recherche Médicale, France; Neuroelectrics Corporation",transcranial direct current stimulation,DEVICE,2024-12-18,2024.0,France
NCT06135285,A Device to Prevent Sudden Unexpected Death in Epilepsy: Detecting Peri-Ictal Body Position,NOT_YET_RECRUITING,NA,INTERVENTIONAL,Epilepsy,Brigham and Women's Hospital,OTHER,Soterya Inc.,Study Subjects,DEVICE,2026-08-15,2026.0,United States
NCT02516228,Transcranial Electrical Neuromodulation for Suppressing Epileptiform Discharges,TERMINATED,NA,INTERVENTIONAL,Epilepsy,"Electrical Geodesics, Inc.",INDUSTRY,Harborview Injury Prevention and Research Center,GTEN 100,DEVICE,2016-08,2016.0,United States
NCT05825274,TDCs to Treat Drug-resistant Epilepsy,COMPLETED,NA,INTERVENTIONAL,"Other Forms of Epilepsy, Treatment Resistant",Spanish Foundation for Neurometrics Development,OTHER,,Cathodal tDCS,DEVICE,2017-01-01,2017.0,United Kingdom
NCT00067210,Reducing Seizure Frequency Using Cooling of the Head and Neck,COMPLETED,PHASE2,INTERVENTIONAL,Epilepsy; Seizures,National Institute of Neurological Disorders and Stroke (NINDS),NIH,,Head and Neck Cooling System,DEVICE,2003-08-11,2003.0,United States
NCT06598189,Ear-Seizure Detection (EarSD) Study,RECRUITING,NA,INTERVENTIONAL,Seizures; Epilepsy,Felicia Chu,OTHER,"University of Massachusetts, Amherst",Ear-SD; Electroencephalogram,"DEVICE,DIAGNOSTIC_TEST",2025-04-03,2025.0,United States
NCT02465970,Effects of Transcranial Direct Current Stimulation (TDCS) in Drug-resistant Partial Epilepsy,COMPLETED,PHASE2,INTERVENTIONAL,Epilepsy,Rennes University Hospital,OTHER,,STARSTIM; sham TDCS,DEVICE,2015-11-13,2015.0,France
NCT02110589,Tonicity Monitor For Epilepsy and Hypertonic Disorders,UNKNOWN,NA,INTERVENTIONAL,Epilepsy,Vikel Ltd,INDUSTRY,Abertawe Bro Morgannwg University NHS Trust,Epidetect,DEVICE,2014-08,2014.0,United Kingdom
NCT02264652,High Definition Cathodal Transcranial Direct Current Stimulation for Treatment of Refractory Partial Onset Epilepsy,COMPLETED,PHASE1,INTERVENTIONAL,Epilepsy,NYU Langone Health,OTHER,Boston Children's Hospital,HD Transcranial Direct Stimulation,DEVICE,2014-08,2014.0,United States
NCT03465189,Validation of a Seizure Monitoring System,COMPLETED,NA,OBSERVATIONAL,Epilepsy,St Vincent's Hospital Melbourne,OTHER,University of Melbourne; Seer Medical,Medtronic LINQ Device,DEVICE,2018-09-10,2018.0,Australia
NCT03775694,Diffusion MRI-1 Imaging Database,COMPLETED,NA,OBSERVATIONAL,Epilepsy; Tumor; Healthy; Other,Medtronic Spinal and Biologics,INDUSTRY,,dMRI Scan,DEVICE,2019-06-06,2019.0,Canada; United States
NCT03731455,WISE Cortical Strip for Intraoperative Neurophysiological Monitoring,COMPLETED,NA,INTERVENTIONAL,Brain Tumor Adult; Epilepsy,Wise S.r.l.,INDUSTRY,Genae; Fondazione Don Carlo Gnocchi ETS,WISE Cortical Strip,DEVICE,2019-04-09,2019.0,Germany; Italy; Switzerland
NCT02392078,Laser Ablation of Abnormal Neurological Tissue Using Robotic NeuroBlate System,COMPLETED,NA,OBSERVATIONAL,Metastatic Brain Tumor; Primary Brain Tumor; Epileptic/Seizure Foci; Movement Disorders,Monteris Medical,INDUSTRY,,NeuroBlate System,DEVICE,2015-10,2015.0,United States
NCT06797791,Assessment of Multifocal Continuous Theta Burst Transcranial Magnetic Stimulation (cTBS) Effects in Generalized Epilepsy Patients.,COMPLETED,NA,INTERVENTIONAL,Generalized Epilepsy,Universitatea de Stat de Medicina si Farmacie Nicolae Testemiţanu,OTHER,Johannes Gutenberg University Mainz,Multifocal Continuous Theta Burst Transcranial Magnetic Stimulation,DEVICE,2021-12-01,2021.0,Moldova
NCT00736424,Brain Stimulation for Epilepsy Long Term Follow-up,COMPLETED,NA,OBSERVATIONAL,Epilepsy,MedtronicNeuro,INDUSTRY,,Itrel II™ and Soletra™ Epilepsy Control System,DEVICE,2008-06,2008.0,
NCT05032105,The Impact of Focused Ultrasound Thalamotomy of the Anterior Nucleus for Focal-Onset Epilepsy on Anxiety,ACTIVE_NOT_RECRUITING,PHASE1,INTERVENTIONAL,Anxiety; Medication-refractory Focal-onset Epilepsy,Ohio State University,OTHER,,Magnetic Resonance Imaging-guided Focused Ultrasound Ablation (MRgFUSA),DEVICE,2024-06-04,2024.0,United States
NCT02869698,Spectral Dynamic Imaging of Cognitive Functions in Epileptic Patients Explored Stereoelectroencephalography,COMPLETED,NA,INTERVENTIONAL,Epilepsy,"University Hospital, Grenoble",OTHER,,Spectral Dynamic Imaging; Hybride electrode; Macro electrode,"DEVICE,PROCEDURE",2009-06,2009.0,France
NCT06023953,Migraine With and Without Aura Characteristics and Response to Remote Electrical Neuromodulation (REN) Treatment,COMPLETED,NA,OBSERVATIONAL,Migraine With Aura; Migraine Without Aura,Theranica,INDUSTRY,,Nerivio device,DEVICE,2023-07-01,2023.0,Israel
NCT06424977,Biomarker Targeted Stimulation for Epileptiform Events,NOT_YET_RECRUITING,NA,INTERVENTIONAL,Epilepsy,Cadence Neuroscience,INDUSTRY,,Biomarker Targeted Stimulation (BTS),DEVICE,2026-09-01,2026.0,
NCT01325623,Seizure Detection and Automatic Magnet Mode Performance Study,COMPLETED,NA,INTERVENTIONAL,Epilepsy,"Cyberonics, Inc.",INDUSTRY,PRA Health Sciences,Model 106 VNS Therapy System,DEVICE,2011-03,2011.0,Belgium; Germany; Netherlands; Norway; United Kingdom
NCT02151175,Low-intensity Focused Ultrasound Pulsation (LIFUP) for Treatment of Temporal Lobe Epilepsy,ENROLLING_BY_INVITATION,NA,INTERVENTIONAL,"Epilepsy, Temporal Lobe",BrainSonix Inc.,INDUSTRY,"Gerald J. & Dorothy R. Friedman Center for Lymphedema Research & Treatment; University of California, Los Angeles",LIFUP,DEVICE,2014-05,2014.0,United States
NCT02613234,Efficacy of 128-channel EEG Combined With BESA Dipole Localization and Intervention on Brain Waves for Epilepsy,COMPLETED,NA,INTERVENTIONAL,Epilepsy,Shanghai Zhongshan Hospital,OTHER,,cathode tDCS; Sham cathode tDCS,DEVICE,2016-04-01,2016.0,China
NCT01772654,Arterial Spin Labeling MRI Focal Abnormalities in Refractory Epilepsy,COMPLETED,NA,INTERVENTIONAL,Focal Epilepsy,Mayo Clinic,OTHER,,Arterial Spin Labeled (ASL) MRI sequence,DEVICE,2013-01,2013.0,United States
NCT02263274,Direct Cortical Measurement of the Intensity and Pattern of Current Flow Produced by TDCS,COMPLETED,NA,INTERVENTIONAL,Epilepsy,NYU Langone Health,OTHER,,Transcranial Direct Current Stimulation (TDCS),DEVICE,2013-11,2013.0,United States
NCT04998123,Efficacy of Intersectional Short Pulse Stimulation for Terminating Seizures,WITHDRAWN,NA,INTERVENTIONAL,Seizures; Focal Epilepsy,NYU Langone Health,OTHER,,SeizureStop Device,DEVICE,2025-01,2025.0,
NCT01415362,Closed-loop System Using Transcranial Direct Current Stimulation (tDCS) for Epilepsy,COMPLETED,NA,INTERVENTIONAL,Epilepsy; Seizures,Spaulding Rehabilitation Hospital,OTHER,,Transcranial Direct Current Stimulation,DEVICE,2011-07,2011.0,United States
NCT02826915,Electro- Hemodynamic Activity in Children: Combined Analysis by Video -EEG Spectroscopy and Near-infrared (NIRS ),COMPLETED,NA,OBSERVATIONAL,Epilepsy,"Centre Hospitalier Universitaire, Amiens",OTHER,,Near Infra Red Spectroscopy (NIRS); Electroencephalogram (EEG),DEVICE,2010-02-05,2010.0,France
NCT02268578,Efficacy of TDCS for Treating Working Memory Dysfunction and Depression in Temporal Lobe Epilepsy,WITHDRAWN,PHASE1,INTERVENTIONAL,Epilepsy,NYU Langone Health,OTHER,Epilepsy Foundation; American Epilepsy Society; American Academy of Neurology,Transcranial Direct Current Stimulation; Sham Transcranial Direct Current Stimulation,"DEVICE,PROCEDURE",2012-11,2012.0,United States
NCT05296057,Pilot to Evaluate VR-Therapy on People With Epilepsy and Related Anxiety,COMPLETED,NA,INTERVENTIONAL,Epilepsy; Anxiety Disorders and Symptoms,"University Health Network, Toronto",OTHER,York University,Participants Receiving VR-Exposure Therapy Treatment,DEVICE,2023-03-24,2023.0,Canada
NCT05606575,A Study of Detection of Paroxysmal Events Utilizing Computer Vision and Machine Learning - Nelli,COMPLETED,NA,OBSERVATIONAL,Epilepsy,Neuro Event Labs Inc.,INDUSTRY,,Nelli,DEVICE,2022-08-01,2022.0,United States
NCT07656857,High-density Flexible μECoG for Epilepsy Surgery - A Single-Arm ECT,RECRUITING,NA,INTERVENTIONAL,Focal Epilepsy; Intraoperative Monitoring,Beijing Tiantan Hospital,OTHER,"Beijing Fengtai Hospital; Peking University First Hospital; The Chinese University of Hong Kong, Shenzhen; Beijing Xinzhida Neural Technology Co., Ltd; Beijing Neurosurgical Institute",Using High-density Flexible microElectrocorticography for intraoperative monitoring,DEVICE,2026-09-01,2026.0,China
NCT05881928,Effect of Adding Lamotrigine to Sodium Valproate in Childhood Epilepsy: Clinicolabratory Study,UNKNOWN,PHASE4,INTERVENTIONAL,Epilepsy; Lamotrigine; Sodium Valproate Adverse Reaction,Assiut University,OTHER,,Sodium Valproate 500 Mg Prolonged-Release Oral Tablet; Lamotrigine; E.E.G,"DEVICE,DRUG",2024-07-29,2024.0,
NCT01846741,VNS Therapy Automatic Magnet Mode Outcomes Study in Epilepsy Patients Exhibiting Ictal Tachycardia (E-37),COMPLETED,NA,INTERVENTIONAL,Epilepsy,"Cyberonics, Inc.",INDUSTRY,,M106 VNS Therapy System,DEVICE,2013-07,2013.0,United States
NCT03489187,Visualase Visualization Database (VIVID-1),COMPLETED,NA,OBSERVATIONAL,Epilepsy; Tumor; Other,MedtronicNeuro,INDUSTRY,,Visualase Thermal Therapy System,DEVICE,2018-03-05,2018.0,United States
NCT05981755,Breathing Rescue for SUDEP Prevention,RECRUITING,NA,INTERVENTIONAL,Focal Epilepsy,"The University of Texas Health Science Center, Houston",OTHER,National Institute of Neurological Disorders and Stroke (NINDS),Breathing tasks; Brain mapping with stimulation,"DEVICE,OTHER",2023-07-31,2023.0,United States
NCT05223985,EPC Performance Investigation for StereoElectroEncephaloGraphy,RECRUITING,NA,OBSERVATIONAL,Epilepsy,Alcis,INDUSTRY,,Depth Coagulation Electrode,DEVICE,2022-04-29,2022.0,France
NCT02603640,""" Virtual Brain ""-Based Interpretation of Electrophysiological Signals in Epilepsy",COMPLETED,NA,INTERVENTIONAL,Epilepsy,Assistance Publique Hopitaux De Marseille,OTHER,,MRI scanning,DEVICE,2016-03-18,2016.0,France
NCT02661919,Assessment of the Emfit Mattress Sensor for Detection and Alarm of Night-time Generalized Tonic-clonic Seizures.,UNKNOWN,NA,INTERVENTIONAL,Epilepsy; Seizures,"Emfit, Corp.",INDUSTRY,,Emfit mattress sensor,DEVICE,2019-10-01,2019.0,United States
NCT05123469,"Clinical Validation of zEEG, a Wireless EEG Recording System for Pediatric and Adult Patients With Epilepsy",UNKNOWN,NA,OBSERVATIONAL,"Epilepsy; EEG With Periodic Abnormalities; EEG With Abnormally Slow Frequencies; EEG; Paroxysms, Occipital, Epilepsy of Childhood; EEG; Spikes, Centrotemporal, Epilepsy of Childhood",University of Texas at Austin,OTHER,,Electroencephalography,DEVICE,2022-01,2022.0,United States
NCT03154307,Repeated TMS at Low Frequencies to Reduce Seizure Occurrence,TERMINATED,NA,INTERVENTIONAL,"Epilepsy; Status Epilepticus; Epilepsia Partialis Continua; Epilepsia Partialis Continua, Refractory (Medically)",Baptist Health South Florida,OTHER,U.S. National Science Foundation; Florida International University,Low frequency repeated TMS (LF-rTMS),DEVICE,2016-02-19,2016.0,United States
NCT06617845,Optimizing Brain Stimulation Parameters,RECRUITING,NA,INTERVENTIONAL,Epilepsy; Seizure,Mayo Clinic,OTHER,,Stimulation Set A and B,DEVICE,2020-10-20,2020.0,United States
NCT02844465,Stereotactic Laser Ablation for Temporal Lobe Epilepsy (Slate),COMPLETED,NA,INTERVENTIONAL,Temporal Lobe Epilepsy,MedtronicNeuro,INDUSTRY,,Visualase MRI-Guided Laser Ablation,DEVICE,2016-12,2016.0,United States
NCT03702127,TMS - Intracranial Electrodes,ENROLLING_BY_INVITATION,NA,INTERVENTIONAL,Epilepsy Intractable,Aaron Boes,OTHER,Stanford University; National Institute of Mental Health (NIMH),Transcranial magnetic stimulation,DEVICE,2019-07-16,2019.0,United States
NCT05844696,Electrical Neuromodulation for Focal Epilepsy,UNKNOWN,"PHASE1,PHASE2",INTERVENTIONAL,Epilepsy,National Taiwan University Hospital,OTHER,,Soterix MXN-5 HD-tES Model 5005A. Medtronic Percept DBS platform.,DEVICE,2023-05-01,2023.0,
NCT04164056,Hippocampal and Thalamic DBS for Bilateral Temporal Lobe Epilepsy,UNKNOWN,PHASE4,INTERVENTIONAL,"Epilepsy, Temporal Lobe","Second Affiliated Hospital, Zhejiang University, School of Medicine",OTHER,Beijing Tiantan Hospital; The Second Hospital of Hebei Medical University; Zhejiang Provincial People's Hospital,deep brain stimulation,DEVICE,2019-11,2019.0,China
NCT02513992,Ictal SPECT With Intra-arterial Injection,WITHDRAWN,NA,INTERVENTIONAL,Epilepsy,Universitaire Ziekenhuizen KU Leuven,OTHER,,intra-arterial injection of tracer; 99m-Technetium Ethyl Cysteinate Dimer; intra-arterial catheter; pressure injector,"DEVICE,DRUG,PROCEDURE",2016-05,2016.0,Belgium
NCT07384351,MRI Volumetry and Diffusion Tensor Imaging in Temporal Lobe Epilepsy,NOT_YET_RECRUITING,NA,OBSERVATIONAL,Temporal Lobe Epilepsy (TLE),Assiut University,OTHER,,MRI,DEVICE,2026-04-01,2026.0,
NCT04615442,ECV - Epihunter Clinical Validation,COMPLETED,NA,INTERVENTIONAL,Absence Seizures; Absence Epilepsy,Epihunter NV,INDUSTRY,"Filadelfia Epilepsy Hospital; KU Leuven; Boston Children's Hospital; Institute of Neurology and Neuropsychology, Tbilisi, Georgia",Epihunter,DEVICE,2020-05-01,2020.0,Belgium; Denmark; Georgia; United States
NCT02799108,Analysis of Lateralization of Language in Epileptic Children by Near-infrared Spectroscopy (NIRS),TERMINATED,NA,INTERVENTIONAL,Epilepsy,"Centre Hospitalier Universitaire, Amiens",OTHER,,NIRS; fMRI,DEVICE,2012-05,2012.0,France
NCT01626599,Study to Evaluate a New Device Designed to Collect Heart Activity and Body Movement Data,COMPLETED,NA,INTERVENTIONAL,Epilepsy,"Cyberonics, Inc.",INDUSTRY,,ProGuardian,DEVICE,2012-06,2012.0,United States
NCT02731300,"Transcranial Direct Current Stimulation, Treatment of Childhood Drug-Resistant Lennox-Gastaut Syndrome, A Pilot Study",COMPLETED,PHASE4,INTERVENTIONAL,Lennox-Gastaut Syndrome,Khon Kaen University,OTHER,,tDCS,DEVICE,2010-08,2010.0,
NCT04614506,Transcranial Magnetic Stimulation to Measure Cortical Excitability in Dravet Syndrome,UNKNOWN,NA,OBSERVATIONAL,Dravet Syndrome,Boston Children's Hospital,OTHER,Encoded Therapeutics,Transcranial Magnetic Stimulation (TMS); Electroencephalogram (EEG),DEVICE,2020-11-02,2020.0,United States
NCT07568860,Sleep-Driven Adaptive Neuromodulation in Lennox-Gastaut Syndrome,NOT_YET_RECRUITING,NA,INTERVENTIONAL,Lennox Gastaut Syndrome (LGS); Epilepsy,University of Minnesota,OTHER,,Personalized Adaptive Deep Brain Stimulation Therapy; Conventional Non-Personalized Deep Brain Stimulation Therapy,DEVICE,2026-10-01,2026.0,
NCT03860298,Safety of Using NaviFUS System in Patients With Drug Resistant Epilepsy,COMPLETED,NA,INTERVENTIONAL,"Drug Resistant Epilepsy; Epilepsy, Drug Resistant; Drug Refractory Epilepsy; Epilepsy, Drug Refractory; Intractable Epilepsy; Epilepsy, Intractable; Medication Resistant Epilepsy; Refractory Epilepsy",NaviFUS Corporation,INDUSTRY,"Taipei Veterans General Hospital, Taiwan",NaviFUS System,DEVICE,2019-06-17,2019.0,Taiwan
NCT04291716,Study to Validate Novel Seizure-Detection Algorithm,UNKNOWN,NA,INTERVENTIONAL,"Seizures, Motor; Seizures; Seizure Disorder; Epilepsy; Epileptic Seizures; Epileptic",Overwatch Digital Health,INDUSTRY,Bracane Company,Motor Seizure Detection Algorithm (mSDA),DEVICE,2020-03,2020.0,United States
NCT06144047,Real World Testing and Cost-effectiveness Analysis of Subcutaneous EEG,UNKNOWN,NA,INTERVENTIONAL,Epilepsy,King's College London,OTHER,King's College Hospital NHS Trust,EEG SubQ subcutaneous EEG device,DEVICE,2023-07-18,2023.0,United Kingdom
NCT03521193,pLatelEts And MigRaine iN patEnt foRamen Ovale,COMPLETED,NA,INTERVENTIONAL,"Platelet Aggregation, Spontaneous; Migraine With Aura; Patent Foramen Ovale",Centro Cardiologico Monzino,OTHER,,patent foramen ovale closure,DEVICE,2018-02-15,2018.0,Italy
NCT04286776,Memory Retrieval and Encoding Investigated by Neural Stimulation,ACTIVE_NOT_RECRUITING,NA,INTERVENTIONAL,Epilepsy Intractable,University of Pennsylvania,OTHER,National Institute of Neurological Disorders and Stroke (NINDS); Columbia University,Direct electrical stimulation,DEVICE,2014-10-12,2014.0,United States
NCT04664608,Pediatric EEG Monitoring,COMPLETED,NA,OBSERVATIONAL,Pediatric ALL; Epilepsy,Northwestern University,OTHER,,wearable EEG sensor,DEVICE,2021-01-01,2021.0,United States
NCT06045676,Electrocardiographic Changes Among Epileptic and Non Epileptic Seizures in Children at Sohag University Hospital,UNKNOWN,NA,OBSERVATIONAL,Seizures,Sohag University,OTHER,,ECG,DEVICE,2023-09-25,2023.0,Egypt
NCT03105700,Low Frequency TMS for Depression in Epilepsy,COMPLETED,NA,INTERVENTIONAL,"Epilepsy; Depressions, Refractory",Dartmouth-Hitchcock Medical Center,OTHER,The Diamond Foundation Inc.,Transcranial Magnetic Stimulation,DEVICE,2017-04-01,2017.0,United States
NCT06558890,Transcranial Electrical Stimulation Targeting the Cerebellum for the Treatment of Refractory Temporal Lobe Epilepsy,UNKNOWN,NA,INTERVENTIONAL,Transcranial Electrical Stimulation; Temporal Lobe Epilepsy; Magnetic Resonance Imaging; Electroencephalogram,Xijing Hospital,OTHER,,Transcranial Alternating Current Stimulation,DEVICE,2024-06-08,2024.0,China
NCT06934356,Subcortical Arousal in Perceptual Awareness,RECRUITING,NA,INTERVENTIONAL,Epilepsy,Yale University,OTHER,National Institute of Neurological Disorders and Stroke (NINDS),EEG; Eye Tracking; Behavioral task; fMRI,"DEVICE,DIAGNOSTIC_TEST",2025-10-13,2025.0,United States
NCT02371200,Detecting Generalized Tonic-Clonic Seizures With a Seizure Detection and Warning System in Epilepsy Patients,COMPLETED,NA,OBSERVATIONAL,Epilepsy; Generalized Tonic-Clonic Seizures,Brain Sentinel,OTHER,,Brain Sentinel Seizure Detection and Warning System,DEVICE,2015-04,2015.0,United States
NCT02383407,Low Frequency Electrical Stimulation of the Fornix in Intractable Mesial Temporal Lobe Epilepsy (MTLE),COMPLETED,NA,INTERVENTIONAL,Mesial Temporal Lobe Epilepsy,George Washington University,OTHER,,Medtronic Deep Brain Stimulation,DEVICE,2013-12,2013.0,United States
NCT03882671,Development of a Minimally Invasive Seizure Gauge,COMPLETED,NA,INTERVENTIONAL,Epilepsy,Seer Medical Pty Ltd,INDUSTRY,,EpiTel Epilog; Empatica E4; GENEActiv,DEVICE,2019-01-01,2019.0,Australia
NCT02741193,Presurgical Motor Mapping With Transcranial Magnetic Stimulation (TMS),COMPLETED,NA,INTERVENTIONAL,Epilepsy,NYU Langone Health,OTHER,,"The Magstim Rapid2,",DEVICE,2016-09-10,2016.0,United States
NCT02344706,Diagnostic Value of Prehospital EEG in Non-convulsive Status Epilepticus,UNKNOWN,NA,OBSERVATIONAL,Epilepsy; Status Epilepticus,Helsinki University Central Hospital,OTHER,,Registration of EEG,DEVICE,2018-12-01,2018.0,
NCT01773252,Right to Left Cardiac Shunt Detection,TERMINATED,PHASE3,INTERVENTIONAL,Right to Left Shunt; Patent Foramen Ovale; Atrial Septal Defect,Cardiox Corporation,INDUSTRY,,Flow Detection System,DEVICE,2012-11,2012.0,United States
NCT04515316,A Room Temperature Atomic Magnetrode System for Telemetry of Epileptic Seizures,UNKNOWN,NA,INTERVENTIONAL,Epilepsy,"University of Colorado, Denver",OTHER,"University of Colorado, Boulder",OPM sensors; SQUID sensors,DEVICE,2021-03-01,2021.0,United States
NCT02408653,"EEG@HOME (Phase 2 of the Project, Measurements in Healthy Volunteers)",COMPLETED,NA,INTERVENTIONAL,Epilepsy,"University Hospital, Ghent",OTHER,Pilipili NV; Imec,EEG,DEVICE,2014-04,2014.0,Belgium
NCT02431780,A Multicentre Clinical Investigation of a Decision Support Algorithm for Neonatal Seizure Detection,COMPLETED,NA,INTERVENTIONAL,Seizures; Brain Diseases; Central Nervous System Diseases; Epilepsy; Nervous System Diseases; Neurologic Manifestations,University College Cork,OTHER,"University College, London; Wellcome Trust",ANSeR Software System,DEVICE,2015-02-12,2015.0,Ireland; Netherlands; Sweden; United Kingdom
NCT03643471,Advanced Magnetic Resonance Imaging in Temporal Lobe Epilepsy,UNKNOWN,NA,OBSERVATIONAL,Temporal Lobe Epilepsy,Assiut University,OTHER,,MRI,DEVICE,2019-01,2019.0,Egypt
NCT03953768,VNS Prospective Neuromodulation of Immune and Gastrointestinal Systems,RECRUITING,NA,INTERVENTIONAL,Autoimmune Diseases; Epilepsy; Autonomic Dysfunction; Inflammatory Bowel Diseases,University of Louisville,OTHER,LivaNova; Norton Healthcare,Vagal nerve stimulation (VNS),DEVICE,2021-04-01,2021.0,United States
NCT06978842,Seizure Prediction Using Wearable EEG,RECRUITING,NA,OBSERVATIONAL,Epilepsy,Dux Healthcare Inc.,INDUSTRY,rs-ness,Wearable EEG headband for passive brain signal acquisition,DEVICE,2025-06-19,2025.0,Israel
NCT02866240,Safety and Therapeutic Measures of Tdcs in Patients With Refractory Focal Epilepsy,COMPLETED,NA,INTERVENTIONAL,Refractory Epilepsy,Neuroelectrics Corporation,INDUSTRY,Beth Israel Deaconess Medical Center; Boston Children's Hospital,Cathodal Transcranial Direct Current Stimulation (tDCS).,DEVICE,2017-09-21,2017.0,United States
NCT02268591,Transcranial Stimulation During Sleep to Improve Cognition in Epilepsy,WITHDRAWN,NA,INTERVENTIONAL,Epilepsy,NYU Langone Health,OTHER,,Transcranial Stimulator,DEVICE,2013-05-28,2013.0,
NCT05200455,Microelectrodes in Epilepsy,COMPLETED,NA,INTERVENTIONAL,Epilepsy,Dartmouth-Hitchcock Medical Center,OTHER,National Institute of Neurological Disorders and Stroke (NINDS),Microelectrodes,DEVICE,2009-09-18,2009.0,United States
NCT02453763,In Vivo Imaging of Therapeutic Electric Current Flow,COMPLETED,NA,OBSERVATIONAL,Parkinson Disease; Epilepsy; Alzheimer's Disease; Stroke; Autism; Depression; Schizophrenia,University of Florida,OTHER,Arizona State University; National Institute of Neurological Disorders and Stroke (NINDS),Transcranial direct current stimulation; MRI,"DEVICE,PROCEDURE",2015-06,2015.0,United States
NCT03163485,Hybrid Device DIALYTRODE for Multimodal Neuro-monitoring of Patients With Brain Injury and Status Epilepticus,WITHDRAWN,NA,INTERVENTIONAL,Epilepsy; Brain Injuries,University of Erlangen-Nürnberg Medical School,OTHER,"European Commission; University of Aarhus; Royal College of Surgeons, Ireland; Philipps University Marburg; Dixi Medical; ARTTIC",Dialytrode; Standard treatment,DEVICE,2019-03,2019.0,Germany
NCT02950506,Transcranial Direct Current Stimulation and Cognitive Remediation Therapy for Interictal Dysfunction in Epilepsy,WITHDRAWN,NA,INTERVENTIONAL,Epilepsy,University of Minnesota,OTHER,,transcranial direct current stimulation; Cognitive Remediation Therapy,"DEVICE,OTHER",2020-01-01,2020.0,United States
NCT06924086,The Children's Adaptive Deep Brain Stimulation for Epilepsy Trial,RECRUITING,NA,INTERVENTIONAL,Lennox Gastaut Syndrome (LGS),"University College, London",OTHER,Great Ormond Street Hospital for Children NHS Foundation Trust; King's College Hospital NHS Trust; University of Oxford; King's College London,Deep Brain Stimulation,DEVICE,2026-03-24,2026.0,United Kingdom
NCT06663124,Extreme Capsule Electrical Stimulation for Drug-resistant Focal Epilepsy,NOT_YET_RECRUITING,NA,INTERVENTIONAL,"Epilepsy, Drug Resistant","Xuanwu Hospital, Beijing",OTHER,,EC-DBS ON,DEVICE,2024-11-01,2024.0,China
NCT02752373,A Health Economic Study Evaluating the Brain Sentinel® GTC Seizure Detection and Information Systems Impact on Epilepsy and Healthcare Utilization,TERMINATED,NA,OBSERVATIONAL,Epilepsy,Brain Sentinel,OTHER,Nationwide Children's Hospital,Brain Sentinel Seizure Detection and Information System,DEVICE,2016-05,2016.0,United States
NCT04677751,Clinical and Electrographic Changes in Responsive Neurostimulation System (RNS) Patients with Acupuncture Treatment,UNKNOWN,NA,INTERVENTIONAL,Epilepsy,"The University of Texas Health Science Center, Houston",OTHER,,Acupuncture intervention,DEVICE,2021-04-01,2021.0,United States
NCT05738226,EpiCare@Home Validation Study for Focal Onset Seizures,WITHDRAWN,NA,INTERVENTIONAL,"Epilepsy; Seizures; Seizures, Focal; Seizure, Refractory",Byteflies,INDUSTRY,Thomas Jefferson University,"EpiCare@Home, wearable multimodal seizure monitoring system",DEVICE,2023-01-23,2023.0,United States
NCT01130649,Remote Tracking of Epilepsy Patients,WITHDRAWN,NA,OBSERVATIONAL,Epilepsy,"University of California, San Francisco",OTHER,San Francisco Veterans Affairs Medical Center,HealthBuddy,DEVICE,2010-07,2010.0,United States
NCT06700356,Thalamus Seizure Detection With a Deep Brain Stimulator System,RECRUITING,NA,INTERVENTIONAL,Epilepsy; Seizure,Mayo Clinic,OTHER,,Phase 1-Validation of thalamus seizure detection with concurrent video EEG monitoring; Phase 2-DBS Stimulation with Medtronic Percept DBS device-Out Patient,DEVICE,2026-07-01,2026.0,United States
NCT00048490,Transcranial Magnetic Stimulation to Treat Epilepsy,COMPLETED,PHASE2,INTERVENTIONAL,Epilepsy,National Institute of Neurological Disorders and Stroke (NINDS),NIH,,transcranial magnetic stimulation (TMS),DEVICE,2002-10,2002.0,United States
NCT02820740,Feasibility Study on LITT for Medical Refractory Epilepsy,TERMINATED,NA,INTERVENTIONAL,Epilepsy,Monteris Medical,INDUSTRY,,NeuroBlate System,DEVICE,2017-04-21,2017.0,United States
NCT00449540,Efficacy and Safety of TMS for the Preemptive Treatment of Migraine With Aura,COMPLETED,PHASE3,INTERVENTIONAL,Migraine With Aura,Neuralieve,INDUSTRY,,Active Transcranial Magnetic Stimulation (TMS) Device; Sham TMS Device,DEVICE,2006-08,2006.0,United States
NCT06097195,The Clinical Utility of BioEP in Diagnostic Decision Making in Epilepsy,RECRUITING,NA,INTERVENTIONAL,Epilepsy,Neuronostics Ltd,INDUSTRY,,BioEP,DEVICE,2024-05-21,2024.0,United Kingdom
NCT05241366,TMS vs Conventional Therapy for the Treatment of Functional Neurological Non Epileptic Seizure Disorder,COMPLETED,NA,INTERVENTIONAL,Psychogenic Non-Epileptic Seizure,El Instituto Nacional de Neurologia y Neurocirugia Manuel Velasco Suarez,OTHER,,Transcranial Magnetic Stimulation; Sham Transcranial Magnetic Stimulation coil,DEVICE,2022-02-14,2022.0,Mexico
NCT05059002,EpiWatch: Evaluation of a Non-EEG Physiological Signal Based Seizure Monitoring System,COMPLETED,NA,INTERVENTIONAL,"Epilepsy, Tonic-Clonic","EpiWatch, Inc.",INDUSTRY,,Physiological signal monitoring and seizure detection,DEVICE,2021-09-20,2021.0,United States
NCT04095247,Does Pulse-triggered VNS Autostimulation Increase VNS Efficacy,TERMINATED,NA,OBSERVATIONAL,Epilepsy,Oslo University Hospital,OTHER,"Filadelfia Epilepsy Hospital; Rigshospitalet, Denmark; Universitaire Ziekenhuizen KU Leuven; Tampere University Hospital",Vagus nerv stimulator,DEVICE,2018-04-03,2018.0,Norway
NCT00047463,Effects of Treating Obstructive Sleep Apnea in Epilepsy,COMPLETED,PHASE2,INTERVENTIONAL,Epilepsy; Sleep Apnea; Obstructive Sleep Apnea,Vanderbilt University,OTHER,National Institute of Neurological Disorders and Stroke (NINDS),continuous positive airway pressure (CPAP); Placebo-CPAP,DEVICE,2002-09,2002.0,United States
NCT06248333,Subthalamic Nucleus Electrical Stimulation for Drug-resistant Focal Motor Epilepsy,RECRUITING,NA,INTERVENTIONAL,"Epilepsy, Drug Resistant","Xuanwu Hospital, Beijing",OTHER,Beijing Tiantan Hospital; Beijing Sanbo Brain Hospital; Qilu Hospital of Shandong University; Peking University,STN-DBS ON; STN-DBS OFF,DEVICE,2024-02-14,2024.0,China
NCT06436547,Subiculum Electrical Stimulation for Temporal Lobe Epilepsy With Biliteral Hippocampus Sclerosis(SESTB),ACTIVE_NOT_RECRUITING,NA,INTERVENTIONAL,"Epilepsy, Drug Resistant","Xuanwu Hospital, Beijing",OTHER,,Subiculum-DBS ON,DEVICE,2024-06-01,2024.0,China
NCT02304029,Usefulness of Sodium MRI in the Presurgical Assessment of Drug-resistant Partial Epilepsy,COMPLETED,NA,INTERVENTIONAL,Epileptic Seizures,Assistance Publique Hopitaux De Marseille,OTHER,,MRI,DEVICE,2015-03-06,2015.0,France
NCT06794034,"Efficacy of taVNS Versus Sham Stimulation in Reduing Depressive Symptoms in Patients With Epilepsy: a Multi-center, Double-blinded, Randomized, 20-week, Parallel-arm, Superiority Study",ACTIVE_NOT_RECRUITING,NA,INTERVENTIONAL,Depressive Symptoms in Patients With Epilepsy,"Second Affiliated Hospital, Zhejiang University, School of Medicine",OTHER,The Fourth Affiliated Hospital of Zhejiang University School of Medicine; Ningbo Medical Center Lihuili Hospital; First Affiliated Hospital of Zhejiang University; Jinhua Second Hospital,Intervention; Sham Comparator,DEVICE,2023-04-01,2023.0,China
NCT04614792,Excitatory Prefrontal Weak Current Stimulation in Vegetative Patients,COMPLETED,NA,INTERVENTIONAL,"Disorder of Consciousness; MMN; Modification of Cognitive Status Indication; Anoxic Brain Damage; Trauma, Brain; Vegetative State; EEG; Paroxysms, Occipital, Epilepsy of Childhood; Cortical Atrophy",Oded Meiron,OTHER,Neurosteer Ltd.,Transcranial direct current stimulation,DEVICE,2014-04-30,2014.0,Israel
NCT01874600,Seizure Detection and Warning System for Epilepsy Patients,UNKNOWN,NA,OBSERVATIONAL,Epilepsy,Brain Sentinel,OTHER,,Brain Sentinel Seizure Detection Device and Warning System,DEVICE,2013-07,2013.0,United States
NCT06275685,Forecasting Seizures Using Intelligent Wearable Technology for Health Tracking,RECRUITING,NA,INTERVENTIONAL,Epilepsy; Seizure,"Empatica, Inc.",INDUSTRY,,SeizureWise algorithm; Multi-day Visualizations,DEVICE,2024-04-11,2024.0,United States
NCT07145489,Infrared Photobiomodulation in Humans With Epilepsy,RECRUITING,NA,INTERVENTIONAL,Drug Resistant Epilepsy,Beth Israel Deaconess Medical Center,OTHER,,photobiomodulation,DEVICE,2025-11-25,2025.0,United States
NCT03498274,A Comparison of a Currently Marketed Hearing Aid Programmed With Two Different Fitting Methods,TERMINATED,NA,INTERVENTIONAL,Hearing Loss,Bernafon AG,INDUSTRY,,Fitting System; Traditional Fitting System,DEVICE,2018-03-19,2018.0,Switzerland
NCT04344626,Use of a Tonometer to Identify Epileptogenic Lesions During Pediatric Epilepsy Surgery,WITHDRAWN,NA,INTERVENTIONAL,"Epilepsy; Focal Cortical Dysplasia; Tuberous Sclerosis; Hemimegalencephaly; Polymicrogyria; Rasmussen Encephalitis; Sturge-Weber Syndrome; Gliosis; Stroke; Tumor, Brain","University of California, Los Angeles",OTHER,Université de Montréal,Intra-operative brain tonometry,DEVICE,2018-07-16,2018.0,Canada; United States
NCT07088835,SeizEAR Safety Study,RECRUITING,NA,INTERVENTIONAL,Epilepsy,Icahn School of Medicine at Mount Sinai,OTHER,,SeizEAR,DEVICE,2025-05-08,2025.0,United States
NCT06205160,Evaluation of New Flexible High-density Intra-operative ECoG Electrodes for Epilepsy Surgery. ( EpiGrid ),RECRUITING,NA,INTERVENTIONAL,Focal Epilepsy; Intraoperative Monitoring,Neurosoft Bioelectronics SA,INDUSTRY,UMC Utrecht; European Research Council,SOFT ECoG subdural grid electrode,DEVICE,2025-01-01,2025.0,Netherlands
NCT05915988,U011 - Wireless Ultra Long-Term EEG Recordings in Epilepsy,ACTIVE_NOT_RECRUITING,NA,INTERVENTIONAL,Epilepsy,UNEEG Medical A/S,INDUSTRY,,UNEEG EpiSight solution,DEVICE,2023-12-04,2023.0,Denmark; Ireland
NCT01590862,ON/OFF Stimulation and Reward Motivation in Patients With Deep Brain Stimulators,COMPLETED,NA,INTERVENTIONAL,Obsessive Compulsive Disorder; Major Depressive Disorder; Epilepsy,Massachusetts General Hospital,OTHER,,Deep Brain Stimulator,DEVICE,2021-01-23,2021.0,United States
NCT06492720,A Pilot Study to Evaluate the Efficacy and Safety of NaviFUS™ System Neuromodulating Treatment for Patients With Drug Resistant Epilepsy,RECRUITING,NA,INTERVENTIONAL,"Drug Resistant Epilepsy; Epilepsy; Epilepsy, Temporal Lobe; Seizures, Focal",NaviFUS Corporation,INDUSTRY,,Focused ultrasound (FUS) treatment,DEVICE,2024-09-01,2024.0,Taiwan
NCT02408627,"EEG@HOME (Phase 3a of the Project, Comparison of EEG-recordings)",COMPLETED,NA,INTERVENTIONAL,Epilepsy,"University Hospital, Ghent",OTHER,Pilipili NV; Imec,EEG,DEVICE,2015-01,2015.0,Belgium
NCT05520476,Neuroliten MVP System Clinical Observation Study,ACTIVE_NOT_RECRUITING,NA,OBSERVATIONAL,Epilepsy,Enliten AI,INDUSTRY,CSSi Life Sciences,Neuroliten MVP system,DEVICE,2022-10-31,2022.0,United States
NCT07448233,Application of an AI-Based Health Management System in Long-Term Epilepsy Management in Rural Areas,ENROLLING_BY_INVITATION,NA,INTERVENTIONAL,Epilepsies; Remote Management of Epilepsy in Rural Areas,Xijing Hospital,OTHER,,"AI-enabled WeChat mini-program ""Epilepsy Smart Monitoring and Diagnosis System"":",DEVICE,2025-12-01,2025.0,China
NCT07041619,Subcutaneous Intersectional Short Pulse Stimulation in Epileptic Patients,RECRUITING,NA,INTERVENTIONAL,Epilepsy,Semmelweis University,OTHER,Neunos ZRt,Intersection short-pulse (ISP) stimulation,DEVICE,2021-11-15,2021.0,Hungary
NCT04309812,Transcranial Direct Current to Treat Epilepsy at Home,ACTIVE_NOT_RECRUITING,NA,INTERVENTIONAL,"Epilepsies, Partial",Stanford University,OTHER,,transcranial direct current stimulation (tDCS),DEVICE,2021-05-26,2021.0,United States
NCT02814331,Electrohaemodynamic Activity in Epileptic Children : Combined Video-EEG and Near-infrared Spectroscopy (NIRS) Analysis,COMPLETED,NA,OBSERVATIONAL,Epilepsy,"Centre Hospitalier Universitaire, Amiens",OTHER,,multimodal high-resolution EEG-NIRS,DEVICE,2011-10-14,2011.0,France
NCT03529045,Registry of Subjects With Drug Resistant Epilepsy and Treated With the VNS Therapy System.,COMPLETED,NA,OBSERVATIONAL,Epilepsy; Seizures; Drug Resistant Epilepsy,LivaNova,INDUSTRY,,Vagus Nerve Stimulation (VNS) Therapy,DEVICE,2018-02-05,2018.0,Australia; Austria; Belgium; Brazil; Canada; China; India; Israel; Italy; Japan; Netherlands; Poland; Portugal; Saudi Arabia; United Kingdom; United States
NCT06059157,Epileptogenic Network Visualisation With Advanced MRI,RECRUITING,NA,INTERVENTIONAL,Drug Resistant Epilepsy,Cliniques universitaires Saint-Luc- Université Catholique de Louvain,OTHER,,Advanced MRI,DEVICE,2023-10-25,2023.0,Belgium
NCT01025401,Characterization of Epileptic Motor Patterns by Tridimensional Analysis of Movement 2,TERMINATED,NA,INTERVENTIONAL,Epileptic Patients With Motor Manifestations During Seizures,"University Hospital, Grenoble",OTHER,,3-D accelerometric and magnetic sensors,DEVICE,2009-05,2009.0,France
NCT07128563,Piriform Cortex Electrical Stimulation for Temporal Lobe Epilepsy With Biliteral Hippocampus Sclerosis,NOT_YET_RECRUITING,NA,INTERVENTIONAL,"Epilepsy, Drug Resistant","Xuanwu Hospital, Beijing",OTHER,,piriform cortex-DBS,DEVICE,2025-09-10,2025.0,
NCT07775976,Cor360: Clinician-Facing Broad-Spectrum Cardiac Phenotyping and Risk Assessment Using COR® Wearable ECG to Inform Outcomes-Oriented Care Pathways,ENROLLING_BY_INVITATION,NA,OBSERVATIONAL,"Cardiovascular Diseases; Cardiovascular Diseases Risk; Cardiac Conduction System Disease; Bundle/Fascicular Abnormalities; His-Purkinje Disease; Arrhythmias, Cardiac; Rhythm Phenotypes; Myocardial Ischemia; Syncope; Syncope Recurrent; Syncope and Collapse; Seizure Disorder; Sleep Apnea Syndrome, Obstructive; Decision Support Systems, Clinical; Heart Failure - NYHA II - IV; Heart Failure (for Example, Fluid Overload); HRV; Cardiopulmonary; Sudden Cardiac Arrest; Cardiac Arrest (CA); Ventricular Arrhythmias and Cardiac Arrest; Ventricular Fibrillation; QT Dispersion; Atrial Cardiomyopathy","Peerbridge Health, Inc",INDUSTRY,,COR Wearable ECG Monitoring; Cor360 Clinician-Facing Decision-Aid Reporting,"DEVICE,OTHER",2026-08-20,2026.0,United States
NCT02491476,"Recording ""Fast Ripples"" Using Microelectrodes During Stereo-encephalography in Patients With Drug-resistant Partial Epilepsy",COMPLETED,NA,INTERVENTIONAL,Epilepsy,"University Hospital, Toulouse",OTHER,"CerCo, CNRS Cerco UMR5549 CHU Purpan Toulouse France; DIXI Medical, Besançon, France",intracerebral micro-macroelectrodes,DEVICE,2015-03,2015.0,France
NCT07417280,LIFUS For Neurological Disorders,RECRUITING,NA,INTERVENTIONAL,Parkinson's Disease (PD); Essential Tremor; Orthostatic Tremor; Dystonia; Epilepsy; Substance Abuse Disorder; Deep Brain Stimulation,"University Health Network, Toronto",OTHER,,LIFUS; Sham LIFUS,DEVICE,2025-12-02,2025.0,Canada
NCT00522418,Study Comparing Best Medical Practice With or Without VNS Therapy in Pharmacoresistant Partial Epilepsy Patients,TERMINATED,PHASE4,INTERVENTIONAL,Epilepsy; Partial Epilepsy,"Cyberonics, Inc.",INDUSTRY,,Vagal Nerve Simulation (VNS) Therapy; Best Medical Practive,"DEVICE,DRUG",2006-02,2006.0,Belgium; Canada; France; Germany; Italy; Netherlands; Norway; Spain; Sweden; United Kingdom
NCT03909984,Promoting Implementation of Seizure Detection Devices in Epilepsy Care,COMPLETED,NA,INTERVENTIONAL,Epilepsy in Children,Stichting Epilepsie Instellingen Nederland,OTHER,Kempenhaeghe Academic Center for Epileptology and Residential Epilepsy Care; UMC Utrecht,Nightwatch,DEVICE,2018-04-26,2018.0,Netherlands
NCT06581133,Sleep Disruption Pattern - Epilepsy Monitoring Unit,NOT_YET_RECRUITING,NA,INTERVENTIONAL,Epilepsy Intractable,Duke University,OTHER,,Alarm system,DEVICE,2026-06-01,2026.0,
NCT05574725,Diagnostic Value of Smartphone Video in Epileptic Seizures,UNKNOWN,NA,OBSERVATIONAL,Value of Smartphone in Epilepsy,Assiut University,OTHER,,Smartphone,DEVICE,2022-10-20,2022.0,
NCT05944692,Epilepsy Seizure Detection With Innovative Tripolar EEG (tEEG),RECRUITING,NA,OBSERVATIONAL,Epilepsy,CREmedical,INDUSTRY,Boston Children's Hospital; Barrow Neurological Institute,Tripolar electroencephalography,DEVICE,2025-09-01,2025.0,United States
NCT00025987,Temperature Response to a Head-Neck Cooling System,COMPLETED,PHASE1,INTERVENTIONAL,Healthy,National Institute of Neurological Disorders and Stroke (NINDS),NIH,,Head and Neck Cooling System; Thermometer Pill,DEVICE,2001-11,2001.0,United States
NCT05769933,Bridging Gaps in the Neuroimaging Puzzle: New Ways to Image Brain Anatomy and Function in Health and Disease Using Electroencephalography and 7 Tesla Magnetic Resonance Imaging,UNKNOWN,NA,OBSERVATIONAL,Healthy; Epilepsy; Psychosis; Essential Tremor,CSEM Centre Suisse d'Electronique et de Microtechnique SA - Recherche et Developpement,INDUSTRY,"Institute for Diagnostic and Interventional Neuroradiology, Inselspital",Simultaneous EEG-fMRI at 7 Tesla; Structural MRI at 7 Tesla,DEVICE,2022-09-21,2022.0,Switzerland
NCT06341075,Real-World Study of Magnetic Resonance-guided Laser Interstitial Thermal Therapy for Drug-resistant Epilepsy,UNKNOWN,NA,INTERVENTIONAL,Drug Resistant Epilepsy,Beijing Tiantan Hospital,OTHER,,Magnetic Resonance-guided Laser Interstitial Thermal Therapy (MRgLITT),DEVICE,2024-03-14,2024.0,China
NCT02932839,Investigating the Neuronal Bases of Epilepsy With Micro-electrode Arrays in Candidates for Epilepsy Surgery,COMPLETED,NA,INTERVENTIONAL,Epilepsy,Wyss Center for Bio and Neuroengineering,OTHER,,NeuroPort micro-electrode array,DEVICE,2017-12-28,2017.0,Switzerland
NCT07139457,Wearable Epileptic Seizure Prediction and Alert Glasses Based on Neuromorphic Computing,ACTIVE_NOT_RECRUITING,NA,INTERVENTIONAL,Epilepsy; Epileptic Seizures; Focal Epilepsy,Oman Ministry of Health,OTHER_GOV,,Wearable seizure prediction and alert glasses,DEVICE,2025-08-10,2025.0,Oman
NCT05764252,A Prospective Diagnostic Belief Updating Study to verIfy the Utility of BioEP in First Seizure Clinics.,UNKNOWN,NA,OBSERVATIONAL,Epilepsy,Neuronostics Ltd,INDUSTRY,,BioEP,DEVICE,2023-08-23,2023.0,United Kingdom
NCT04610268,Mechanism Study of tDCS on Human Electrophysiological Network Via SEEG,UNKNOWN,NA,INTERVENTIONAL,Depression,"Second Affiliated Hospital, Zhejiang University, School of Medicine",OTHER,"Qiushi Academy for Advanced Studies, Zhejiang University",transcranial direct current stimulation,DEVICE,2020-11-01,2020.0,China
NCT06143293,RESEARCH EVALUATING VAGAL EXCITATION AND ANATOMICAL LINKS,ACTIVE_NOT_RECRUITING,NA,INTERVENTIONAL,Epilepsy; Depressive Disorder,University of Minnesota,OTHER,,Vagus nerve stimulation device: acute and chronic administration of investigational vagus nerve stimulation parameters,DEVICE,2023-12-15,2023.0,Australia; United States
NCT04325282,Transcranial Magnetic Stimulation for BECTS,COMPLETED,NA,INTERVENTIONAL,Benign Epilepsy With Centrotemporal Spikes; Language Problems; Learning Disorders,Stanford University,OTHER,National Institute of Neurological Disorders and Stroke (NINDS),Active rTMS; Sham rTMS,DEVICE,2020-10-28,2020.0,United States
NCT01946776,Cardiac Arrhythmias in Epilepsy: the CARELINK-study,COMPLETED,NA,INTERVENTIONAL,Epilepsy; Asystole; Cardiac Arrhythmias,Stichting Epilepsie Instellingen Nederland,OTHER,Fonds NutsOhra; Medtronic,implantable heart rate monitor,DEVICE,2013-06,2013.0,Netherlands
NCT03038191,Epi-collect: Data Collection During Video EEG Monitoring and at Patient's Home,TERMINATED,NA,OBSERVATIONAL,Epilepsy,Medial Research Ltd.,INDUSTRY,,Neuroelectrics Enobio 8(R),DEVICE,2017-03-08,2017.0,Israel
NCT02632149,Trial to Assess Vagus Nerve Stimulation Therapy in Children With Lennox-Gastaut Syndrome,UNKNOWN,EARLY_PHASE1,INTERVENTIONAL,Lennox-Gastaut Syndrome,"Beijing Pins Medical Co., Ltd",INDUSTRY,Qilu Hospital of Shandong University; Qingdao University; Linyi People's Hospital; Yantai Yuhuangding Hospital,PINS Vagus Nerve Stimulator,DEVICE,2016-10,2016.0,China
NCT00283738,MIST II PFO-Migraine Trial With BioSTAR® Bioabsorbable Septal Repair Implant,UNKNOWN,"PHASE2,PHASE3",INTERVENTIONAL,Migraine; Aura; Patent Foramen Ovale,NMT Medical,INDUSTRY,,BioSTAR Septal Repair Implant System; Sham Procedure,"DEVICE,PROCEDURE",2006-02,2006.0,United States
NCT00228371,STIMEP : Assessment of Subthalamic Nucleus Stimulation in Drug Resistant Epilepsy,TERMINATED,"PHASE2,PHASE3",INTERVENTIONAL,Epilepsy; Drug Resistant,"University Hospital, Grenoble",OTHER,"Ministry of Health, France",Neurostimulation,DEVICE,2005-09,2005.0,France
NCT07458217,Combined CM and STN Stimulation for Motor Epilepsy,NOT_YET_RECRUITING,NA,INTERVENTIONAL,Motor Epilepsy,Boston Scientific Corporation,INDUSTRY,,Deep brain stimulation,DEVICE,2026-10-31,2026.0,
NCT07112365,The FINTEPLA as an Anti-SUDEP Therapy in Dravet Syndrome Project,RECRUITING,PHASE4,INTERVENTIONAL,Dravet Syndrome,"The University of Texas Health Science Center, Houston",OTHER,,Fenfluramine treatment (Fintepla); Hypercapnia Challenge using the device (RespirAct),"DEVICE,DRUG",2026-04-27,2026.0,United States
NCT05278221,TMS Combined With EEG/EMG as a Biomarker Predicting Antiepileptic Drug Response,UNKNOWN,NA,INTERVENTIONAL,Focal Epilepsy,Aristotle University Of Thessaloniki,OTHER,,Software EstimLT,DEVICE,2022-08-01,2022.0,Greece
NCT00431457,Controlled Randomized Stimulation Versus Resection (CoRaStiR),COMPLETED,NA,INTERVENTIONAL,Epilepsy,"University Hospital, Ghent",OTHER,Medtronic,Implantation of an intracranial electrode; amygddohyppocampertomy,"DEVICE,PROCEDURE",2007-06-01,2007.0,Belgium; Germany
NCT06855901,Home Ultra-long Term EEG Monitoring for Rare Epilepsies and Developmental and Epileptic Encephalopathies,RECRUITING,NA,INTERVENTIONAL,"Epilepsies; Epilepsies, Focal; Epileptic Encephalopathy",Azienda Ospedaliero-Universitaria di Modena,OTHER,"Azienda Ospedaliera Universitaria Federico II (AOU Federico II); Azienda Sanitaria Universitaria Giuliano Isontina [ASUGI], Università di Trieste, Italy; Ospedale Pediatrico Bambino Gesù, Rome (IT)",Ultra-longterm EEG monitoring at home by means of a scubscalp electrode implant.,DEVICE,2024-01-17,2024.0,Italy
NCT03443388,Novel Helmet Design in Patients With Seizures,COMPLETED,NA,INTERVENTIONAL,Drug Resistant Epilepsy; Drop Seizures; Generalized Tonic Clonic Seizure; Complex Partial Seizure; Fall Due to Seizure,"Michael A. Gelfand, MD, PhD",OTHER,Epilepsy Foundation,Hövding inflatable helmet,DEVICE,2017-08-14,2017.0,United States
NCT00001666,Transcranial Magnetic Stimulation for the Treatment of Poorly Controlled Partial Epilepsy,COMPLETED,NA,OBSERVATIONAL,Partial Epilepsy; Seizures,National Institute of Neurological Disorders and Stroke (NINDS),NIH,,Cadwell High-Speed Magnetoelectric Stimulator; Magpro High-Speed Magnetoelectric Stimulator,DEVICE,1997-03,1997.0,United States
NCT05776745,Study of Speech Function in Epileptic Patients Based on Stereoelectroencephalography Signal,UNKNOWN,NA,INTERVENTIONAL,Epilepsy,"Second Affiliated Hospital, Zhejiang University, School of Medicine",OTHER,,Speech; Stereoelectroencephalography,"BEHAVIORAL,DEVICE",2022-03-20,2022.0,China
NCT02409069,Influence of Non-invasive Neurostimulation (Transcutaneous Vagus Nerve Stimulation) on 1. the Noradrenergic Release in the Brain and 2. a Neuropsychological Memory Task,COMPLETED,NA,INTERVENTIONAL,Epilepsy; Cognitive Decline,"University Hospital, Ghent",OTHER,,"Transcutaneous vagus nerve stimulation (Nemos®, Cerbomed GmbH); Sham stimulation (Nemos®, Cerbomed GmbH)",DEVICE,2016-11-03,2016.0,Belgium
NCT04904328,A Proof of Concept Alleviating the Symptoms of Photosensitive Migraine.,UNKNOWN,NA,INTERVENTIONAL,Migraine,"Mitsui Chemicals, Inc.",INDUSTRY,,Lumishade® Active Lens; Lumishade® Sham Lens,DEVICE,2021-06-30,2021.0,
NCT04692701,Pulvinar Stimulation in Epilepsy: a Pilot Study,COMPLETED,NA,INTERVENTIONAL,Epilepsy,Assistance Publique Hopitaux De Marseille,OTHER,,Pulvinar deep brain stimulation,DEVICE,2021-01-15,2021.0,France
NCT03742661,Impact of SPEAC® System Data on Therapeutic Decisions Related to Convulsive Seizure Patients With a New Diagnosis,UNKNOWN,NA,INTERVENTIONAL,Epilepsy,Brain Sentinel,OTHER,,SPEAC System,DEVICE,2018-11-02,2018.0,United States
NCT05132543,Neural Basis of Cognition,NOT_YET_RECRUITING,NA,INTERVENTIONAL,Epilepsy,Duke University,OTHER,National Institute on Deafness and Other Communication Disorders (NIDCD),High density micro-electrocorticography for neural speech prothesis,DEVICE,2026-09,2026.0,
NCT01118455,Trial to Assess Vagus Nerve Stimulation Therapy vs. Anti-Epileptic Drug (AED) Treatment in Children With Refractory Seizures,TERMINATED,PHASE4,INTERVENTIONAL,Epilepsy,"Cyberonics, Inc.",INDUSTRY,,Vagus Nerve Stimulation (VNS) Therapy; Anti-Epileptic Drug (AED),"DEVICE,DRUG",2004-10,2004.0,Austria; Belgium; Germany; Sweden; United Kingdom
NCT02098759,"Long-term, Prospective Study Evaluating Clinical and Molecular Biomarkers of Epileptogenesis in a Genetic Model of Epilepsy - Tuberous Sclerosis Complex",UNKNOWN,NA,INTERVENTIONAL,TSC; Tuberous Sclerosis Complex; Epilepsy,Sergiusz Jozwiak,OTHER,"University of Rome Tor Vergata; Institut National de la Santé Et de la Recherche Médicale, France; Vrije Universiteit Brussel; General University Hospital, Prague; Charite University, Berlin, Germany; KU Leuven; Medical University of Vienna; Rudolf Magnus Institute - University of Utrecht; Brigham and Women's Hospital",epilepsy early diagnosis protocol,DEVICE,2013-11,2013.0,Austria; Belgium; Czechia; France; Germany; Italy; Netherlands; Poland
NCT05335187,Hybrid Micro-macro Electrodes in Patients With Epilepsy,RECRUITING,NA,INTERVENTIONAL,Epilepsy,Pierre Mégevand,OTHER,Swiss National Science Foundation; Wyss Center for Bio and Neuroengineering,micro-macro electrode implantation,DEVICE,2023-03-30,2023.0,Switzerland
NCT01763294,A Controlled Clinical Trial of Cathodal Transcranial Direct Current Stimulation in Patients With Refractory Epilepsy,COMPLETED,PHASE2,INTERVENTIONAL,Refractory Epilepsy,El Instituto Nacional de Neurologia y Neurocirugia Manuel Velasco Suarez,OTHER,Massachusetts General Hospital; University Hospital Freiburg; Spaulding Rehabilitation Hospital,Nicolet Endeavor CR: 30min; Nicolet Endeavor CR: 60min; Nicolet Endeavor CR: 30min for 3 days; Nicolet Endeavor CR: 30min for 5 days; Nicolet Endeavor CR: Placebo,DEVICE,2012-02,2012.0,Mexico
NCT01978470,External Trigeminal Nerve Stimulation for Drug Resistent Epilepsy,UNKNOWN,NA,INTERVENTIONAL,Seizure Disorder,"NeuroSigma, Inc.",INDUSTRY,Olive View-UCLA Education & Research Institute,External Trigeminal Nerve Stimulation (eTNS),DEVICE,2012-06,2012.0,United States
NCT07640191,Feasibility Study of the iVEAcare Neuromodulation System for the Treatment of Drug-Resistant Epilepsy,RECRUITING,NA,INTERVENTIONAL,Drug Resistant Epilepsy,iVEAcare,INDUSTRY,,iVEAcare Neuromodulation System,DEVICE,2026-07-29,2026.0,Australia
NCT04076410,Efficacy of Lenses in Abolishing Photoparoxysmal Responses,UNKNOWN,NA,INTERVENTIONAL,"Reflex Epilepsy, Photosensitive; Eyeglasses",Aston University,OTHER,Birmingham Women's and Children's NHS Foundation Trust,Z1 lens; Experimental Lens 1; Experimental Lens 2; Experimental Lens 3; Experimental Lens 4,DEVICE,2021-02-20,2021.0,United Kingdom
NCT00741559,Combined Role of Position Emission Tomography (PET) and Magnetoencephalography (MEG) in Nonlesional Epilepsy,COMPLETED,PHASE3,INTERVENTIONAL,Epilepsy,The Hospital for Sick Children,OTHER,,magnetoencephalography; Positron emission tomography (PET); Magnetic resonance imaging,DEVICE,2008-03,2008.0,Canada
NCT03958903,Investigations of Amygdala Function Using Neurophysiological Recording and Stimulation,COMPLETED,NA,INTERVENTIONAL,Fear; PTSD; Panic Disorder,Stanford University,OTHER,National Institute of Mental Health (NIMH),Amygdala recording and stimulation using Neuropace RNS; Behavioral tasks,"BEHAVIORAL,DEVICE",2019-04-24,2019.0,United States
NCT03657056,Focused Ultrasound Neuromodulation for Treatment of Temporal Lobe Epilepsy,WITHDRAWN,NA,INTERVENTIONAL,Low Intensity Ultrasound Pulsarions,Massachusetts General Hospital,OTHER,,BX Pulsar 1002,DEVICE,2022-01,2022.0,
NCT02590419,Application of Diffusion Tensor Imaging and Tractography in Epilepsy Surgery,UNKNOWN,NA,INTERVENTIONAL,Temporal Lobe Epilepsy,Andrew Parrent,OTHER,"University of Western Ontario, Canada; Synaptive Medical",BrightMatter™ products,DEVICE,2015-11,2015.0,
NCT02851199,The Effect of Child Position on the Results of Hyperventilation During Routine Electroencephalography,UNKNOWN,NA,INTERVENTIONAL,Epilepsy,Hillel Yaffe Medical Center,OTHER_GOV,,Electroencephalography,DEVICE,2016-07,2016.0,Israel
NCT01657084,Stopping and Preventing Epileptic Seizures Using a Partial Rebreathing Mask,COMPLETED,NA,INTERVENTIONAL,Epilepsy,University of Aarhus,OTHER,Aarhus University Hospital,CDA Mask; Dummy mask,DEVICE,2012-09,2012.0,Denmark
NCT05739669,DigitalEPI - A Prospective Pilot Study,TERMINATED,NA,INTERVENTIONAL,Epilepsy,Karl Landsteiner Institute for Clinical Epilepsy Research and Cognitive Neurology,OTHER_GOV,Brainhero GmbH; AIT Austrian Institute of Technology GmbH,"EEG recording with the comparator device Micromed Brain Quick; EEG recording with the investigational device ""Atlas with dry electrodes"" clinic/specialized staff; EEG recording with the investigational device ""Atlas with dry electrodes"" home/lay people",DEVICE,2024-01-01,2024.0,Austria
NCT06105645,Contribution of Fast-ripples to the Improvement of the Neurosurgical Management of Drug-refractory Epilepsy,RECRUITING,NA,INTERVENTIONAL,Epilepsy,"University Hospital, Toulouse",OTHER,Centre de recherche Cerveau et Cognition (CERCO); Dixi Medical,DIXI Medical Microdeep® Micro- Macro Depth electrodes; Standard electrodes,DEVICE,2024-01-19,2024.0,France
NCT06292494,Focused Ultrasound for Drug-resistant Epilepsy,RECRUITING,NA,INTERVENTIONAL,Focused Ultrasound; MR-guided FUS; Drug Refractory Epilepsy; Drug Resistant Epilepsy; Medication Resistant Epilepsy,"Taipei Veterans General Hospital, Taiwan",OTHER_GOV,InSightec,Exablate 4000 Transcranial MRgfUS System,DEVICE,2024-01-01,2024.0,Taiwan
NCT05934903,Feasibility Study: tDCS for Treatment of Refractory Status Epilepticus,TERMINATED,NA,INTERVENTIONAL,Status Epilepticus; Refractory Status Epilepticus,Yale University,OTHER,,Transcranial Direct Current Stimulation,DEVICE,2023-08-31,2023.0,United States
NCT05947656,Evaluation of the NaviFUS System in Drug Resistant Epilepsy,RECRUITING,NA,INTERVENTIONAL,"Epilepsy, Temporal Lobe; Drug Resistant Epilepsy",Genovate-NaviFUS (Australia) Pty Ltd.,INDUSTRY,"Genovate Biotechnology Co., Ltd.,; NaviFUS Corporation",NaviFUS System,DEVICE,2023-10-02,2023.0,Australia
NCT02305771,Contributions From the Analysis of Graphs for Identification of Neural Cliques,COMPLETED,NA,INTERVENTIONAL,Epilepsy,Rennes University Hospital,OTHER,,Electroencephalography; MRI,DEVICE,2015-02-27,2015.0,France
NCT01043406,Seizure Advisory System Feasibility Study,TERMINATED,PHASE1,INTERVENTIONAL,Epilepsy,NeuroVista Corporation,INDUSTRY,,Seizure Advisory System,DEVICE,2010-03,2010.0,Australia
NCT04738552,A Study of Detection of Paroxysmal Events Utilizing Computer Vision and Machine Learning,COMPLETED,NA,OBSERVATIONAL,Epilepsy,Neuro Event Labs Inc.,INDUSTRY,,Nelli,DEVICE,2020-01-09,2020.0,United States
NCT00500994,Neurobiology of Functional Movement Disorder and Non-Epileptic Seizures,COMPLETED,EARLY_PHASE1,INTERVENTIONAL,Movement Disorders,National Institute of Neurological Disorders and Stroke (NINDS),NIH,,MRI,DEVICE,2007-10-05,2007.0,United States
NCT02804230,MR-Guided Focused Ultrasound in the Treatment of Focal Epilepsy (EP001),UNKNOWN,NA,INTERVENTIONAL,Epilepsy,InSightec,INDUSTRY,Food and Drug Administration (FDA),Neuro Ablation - Functional,DEVICE,2016-06-07,2016.0,United States
NCT03871842,Effects of tDCS on Depressive Symptoms of Participants With Temporal Lobe Epilepsy,UNKNOWN,NA,INTERVENTIONAL,"Depressive Symptoms; Epilepsy, Temporal Lobe",Hospital de Clinicas de Porto Alegre,OTHER,,active tDCS; sham tDCS,DEVICE,2018-07-01,2018.0,Brazil
NCT03052114,Electrical Impedance Tomography of Stroke and Brain Injury,ACTIVE_NOT_RECRUITING,NA,OBSERVATIONAL,Stroke; Craniocerebral Injuries,"University College, London",OTHER,University College London Hospitals,Electrical Impedance Tomography,DEVICE,2015-10,2015.0,United Kingdom
NCT00203333,Cardiac Rhythm Abnormalities in Patients With Refractory Epilepsy at High Risk for Sudden Death,COMPLETED,NA,OBSERVATIONAL,Refractory Epilepsy; Arrhythmia; Sudden Death,Thomas Jefferson University,OTHER,Medtronic,Medtronic REVEAL,DEVICE,2002-04,2002.0,United States
NCT03379272,Comparison Of NeuroNaute Smart System to a Standard EleCTroencephalogram System in Hospital,WITHDRAWN,NA,INTERVENTIONAL,Epilepsy,BioSerenity,INDUSTRY,Pitié-Salpêtrière Hospital,GOLDSTANDARD; NEURONAUTE,DEVICE,2020-12-20,2020.0,
NCT07014592,Characterization and Analysis of Evoked Cortical Responses in Participants With Medication-intractable Epilepsy,RECRUITING,NA,INTERVENTIONAL,Intractable Epilepsy,University of Michigan,OTHER,,stimulating probes and electrodes,DEVICE,2025-05-05,2025.0,United States
